"TABLE_SCHEMA","TABLE_NAME","COLUMN_NAME","COLUMN_TYPE","DATA_TYPE","IS_NULLABLE","COLUMN_KEY"
"auth","account","id","int unsigned","int","NO","PRI"
"auth","account","username","varchar(32)","varchar","NO","UNI"
"auth","account","salt","binary(32)","binary","NO",""
"auth","account","verifier","binary(32)","binary","NO",""
"auth","account","session_key_auth","binary(40)","binary","YES",""
"auth","account","session_key_bnet","varbinary(64)","varbinary","YES",""
"auth","account","totp_secret","varbinary(128)","varbinary","YES",""
"auth","account","email","varchar(255)","varchar","NO",""
"auth","account","reg_mail","varchar(255)","varchar","NO",""
"auth","account","joindate","timestamp","timestamp","NO",""
"auth","account","last_ip","varchar(15)","varchar","NO",""
"auth","account","last_attempt_ip","varchar(15)","varchar","NO",""
"auth","account","failed_logins","int unsigned","int","NO",""
"auth","account","locked","tinyint unsigned","tinyint","NO",""
"auth","account","lock_country","varchar(2)","varchar","NO",""
"auth","account","last_login","timestamp","timestamp","YES",""
"auth","account","online","tinyint unsigned","tinyint","NO",""
"auth","account","expansion","tinyint unsigned","tinyint","NO",""
"auth","account","mutetime","bigint","bigint","NO",""
"auth","account","mutereason","varchar(255)","varchar","NO",""
"auth","account","muteby","varchar(50)","varchar","NO",""
"auth","account","locale","tinyint unsigned","tinyint","NO",""
"auth","account","os","varchar(4)","varchar","NO",""
"auth","account","timezone_offset","smallint","smallint","NO",""
"auth","account","recruiter","int unsigned","int","NO",""
"auth","account","battlenet_account","int unsigned","int","YES","MUL"
"auth","account","battlenet_index","tinyint unsigned","tinyint","YES",""
"auth","account_access","AccountID","int unsigned","int","NO","PRI"
"auth","account_access","SecurityLevel","tinyint unsigned","tinyint","NO",""
"auth","account_access","RealmID","int","int","NO","PRI"
"auth","account_access","Comment","varchar(255)","varchar","YES",""
"auth","account_banned","id","int unsigned","int","NO","PRI"
"auth","account_banned","bandate","int unsigned","int","NO","PRI"
"auth","account_banned","unbandate","int unsigned","int","NO",""
"auth","account_banned","bannedby","varchar(50)","varchar","NO",""
"auth","account_banned","banreason","varchar(255)","varchar","NO",""
"auth","account_banned","active","tinyint unsigned","tinyint","NO",""
"auth","account_last_played_character","accountId","int unsigned","int","NO","PRI"
"auth","account_last_played_character","region","tinyint unsigned","tinyint","NO","PRI"
"auth","account_last_played_character","battlegroup","tinyint unsigned","tinyint","NO","PRI"
"auth","account_last_played_character","realmId","int unsigned","int","YES",""
"auth","account_last_played_character","characterName","varchar(12)","varchar","YES",""
"auth","account_last_played_character","characterGUID","bigint unsigned","bigint","YES",""
"auth","account_last_played_character","lastPlayedTime","int unsigned","int","YES",""
"auth","account_muted","guid","int unsigned","int","NO","PRI"
"auth","account_muted","mutedate","int unsigned","int","NO","PRI"
"auth","account_muted","mutetime","int unsigned","int","NO",""
"auth","account_muted","mutedby","varchar(50)","varchar","NO",""
"auth","account_muted","mutereason","varchar(255)","varchar","NO",""
"auth","autobroadcast","realmid","int","int","NO","PRI"
"auth","autobroadcast","id","tinyint unsigned","tinyint","NO","PRI"
"auth","autobroadcast","weight","tinyint unsigned","tinyint","YES",""
"auth","autobroadcast","text","longtext","longtext","NO",""
"auth","battle_pet_declinedname","guid","bigint","bigint","NO","PRI"
"auth","battle_pet_declinedname","genitive","varchar(12)","varchar","NO",""
"auth","battle_pet_declinedname","dative","varchar(12)","varchar","NO",""
"auth","battle_pet_declinedname","accusative","varchar(12)","varchar","NO",""
"auth","battle_pet_declinedname","instrumental","varchar(12)","varchar","NO",""
"auth","battle_pet_declinedname","prepositional","varchar(12)","varchar","NO",""
"auth","battle_pet_slots","id","tinyint","tinyint","NO","PRI"
"auth","battle_pet_slots","battlenetAccountId","int","int","NO","PRI"
"auth","battle_pet_slots","battlePetGuid","bigint","bigint","NO",""
"auth","battle_pet_slots","locked","tinyint","tinyint","NO",""
"auth","battle_pets","guid","bigint","bigint","NO","PRI"
"auth","battle_pets","battlenetAccountId","int","int","NO",""
"auth","battle_pets","species","int","int","NO",""
"auth","battle_pets","breed","smallint","smallint","NO",""
"auth","battle_pets","displayId","int","int","NO",""
"auth","battle_pets","level","smallint","smallint","NO",""
"auth","battle_pets","exp","smallint","smallint","NO",""
"auth","battle_pets","health","int","int","NO",""
"auth","battle_pets","quality","tinyint","tinyint","NO",""
"auth","battle_pets","flags","smallint","smallint","NO",""
"auth","battle_pets","name","varchar(12)","varchar","NO",""
"auth","battle_pets","nameTimestamp","bigint","bigint","NO",""
"auth","battle_pets","owner","bigint","bigint","YES",""
"auth","battle_pets","ownerRealmId","int","int","YES",""
"auth","battle_pets","spellId","int unsigned","int","NO",""
"auth","battlenet_account_bans","id","int unsigned","int","NO","PRI"
"auth","battlenet_account_bans","bandate","int unsigned","int","NO","PRI"
"auth","battlenet_account_bans","unbandate","int unsigned","int","NO",""
"auth","battlenet_account_bans","bannedby","varchar(50)","varchar","NO",""
"auth","battlenet_account_bans","banreason","varchar(255)","varchar","NO",""
"auth","battlenet_account_heirlooms","accountId","int unsigned","int","NO","PRI"
"auth","battlenet_account_heirlooms","itemId","int unsigned","int","NO","PRI"
"auth","battlenet_account_heirlooms","flags","int unsigned","int","NO",""
"auth","battlenet_account_mounts","battlenetAccountId","int unsigned","int","NO","PRI"
"auth","battlenet_account_mounts","mountSpellId","int unsigned","int","NO","PRI"
"auth","battlenet_account_mounts","flags","tinyint unsigned","tinyint","NO",""
"auth","battlenet_account_toys","accountId","int unsigned","int","NO","PRI"
"auth","battlenet_account_toys","itemId","int","int","NO","PRI"
"auth","battlenet_account_toys","isFavourite","tinyint(1)","tinyint","YES",""
"auth","battlenet_account_toys","hasFanfare","tinyint(1)","tinyint","YES",""
"auth","battlenet_accounts","id","int unsigned","int","NO","PRI"
"auth","battlenet_accounts","email","varchar(320)","varchar","NO",""
"auth","battlenet_accounts","srp_version","tinyint","tinyint","NO",""
"auth","battlenet_accounts","salt","binary(32)","binary","NO",""
"auth","battlenet_accounts","verifier","blob","blob","NO",""
"auth","battlenet_accounts","joindate","timestamp","timestamp","NO",""
"auth","battlenet_accounts","last_ip","varchar(15)","varchar","NO",""
"auth","battlenet_accounts","failed_logins","int unsigned","int","NO",""
"auth","battlenet_accounts","locked","tinyint unsigned","tinyint","NO",""
"auth","battlenet_accounts","lock_country","varchar(2)","varchar","NO",""
"auth","battlenet_accounts","last_login","timestamp","timestamp","YES",""
"auth","battlenet_accounts","online","tinyint unsigned","tinyint","NO",""
"auth","battlenet_accounts","locale","tinyint unsigned","tinyint","NO",""
"auth","battlenet_accounts","os","varchar(4)","varchar","NO",""
"auth","battlenet_accounts","LastCharacterUndelete","int unsigned","int","NO",""
"auth","battlenet_accounts","LoginTicket","varchar(64)","varchar","YES",""
"auth","battlenet_accounts","LoginTicketExpiry","int unsigned","int","YES",""
"auth","battlenet_accounts","battlePayCredits","int unsigned","int","NO",""
"auth","battlenet_item_appearances","battlenetAccountId","int unsigned","int","NO","PRI"
"auth","battlenet_item_appearances","blobIndex","smallint unsigned","smallint","NO","PRI"
"auth","battlenet_item_appearances","appearanceMask","int unsigned","int","NO",""
"auth","battlepay_purchases","id","int unsigned","int","NO","PRI"
"auth","battlepay_purchases","battlenetAccountId","int unsigned","int","NO",""
"auth","battlepay_purchases","realm","int unsigned","int","NO",""
"auth","battlepay_purchases","productID","int unsigned","int","NO",""
"auth","battlepay_purchases","productName","varchar(255)","varchar","NO",""
"auth","battlepay_purchases","CurrentPrice","int unsigned","int","NO",""
"auth","battlepay_purchases","RemoteAddress","varchar(50)","varchar","NO",""
"auth","battlepay_purchases","delivered","tinyint unsigned","tinyint","NO",""
"auth","build_info","build","int","int","NO","PRI"
"auth","build_info","majorVersion","int","int","YES",""
"auth","build_info","minorVersion","int","int","YES",""
"auth","build_info","bugfixVersion","int","int","YES",""
"auth","build_info","hotfixVersion","char(3)","char","YES",""
"auth","build_info","winAuthSeed","varchar(32)","varchar","YES",""
"auth","build_info","win64AuthSeed","varchar(32)","varchar","YES",""
"auth","build_info","mac64AuthSeed","varchar(32)","varchar","YES",""
"auth","build_info","winChecksumSeed","varchar(40)","varchar","YES",""
"auth","build_info","macChecksumSeed","varchar(40)","varchar","YES",""
"auth","ip_banned","ip","varchar(15)","varchar","NO","PRI"
"auth","ip_banned","bandate","int unsigned","int","NO","PRI"
"auth","ip_banned","unbandate","int unsigned","int","NO",""
"auth","ip_banned","bannedby","varchar(50)","varchar","NO",""
"auth","ip_banned","banreason","varchar(255)","varchar","NO",""
"auth","logs","time","int unsigned","int","NO",""
"auth","logs","realm","int unsigned","int","NO",""
"auth","logs","type","varchar(250)","varchar","NO",""
"auth","logs","level","tinyint unsigned","tinyint","NO",""
"auth","logs","string","mediumtext","mediumtext","YES",""
"auth","logs_ip_actions","id","int unsigned","int","NO","PRI"
"auth","logs_ip_actions","account_id","int unsigned","int","NO",""
"auth","logs_ip_actions","character_guid","bigint unsigned","bigint","NO",""
"auth","logs_ip_actions","realm_id","int unsigned","int","NO",""
"auth","logs_ip_actions","type","tinyint unsigned","tinyint","NO",""
"auth","logs_ip_actions","ip","varchar(15)","varchar","NO",""
"auth","logs_ip_actions","systemnote","text","text","YES",""
"auth","logs_ip_actions","unixtime","int unsigned","int","NO",""
"auth","logs_ip_actions","time","timestamp","timestamp","NO",""
"auth","logs_ip_actions","comment","text","text","YES",""
"auth","rbac_account_permissions","accountId","int unsigned","int","NO","PRI"
"auth","rbac_account_permissions","permissionId","int unsigned","int","NO","PRI"
"auth","rbac_account_permissions","granted","tinyint(1)","tinyint","NO",""
"auth","rbac_account_permissions","realmId","int","int","NO","PRI"
"auth","rbac_default_permissions","secId","int unsigned","int","NO","PRI"
"auth","rbac_default_permissions","permissionId","int unsigned","int","NO","PRI"
"auth","rbac_default_permissions","realmId","int","int","NO","PRI"
"auth","rbac_linked_permissions","id","int unsigned","int","NO","PRI"
"auth","rbac_linked_permissions","linkedId","int unsigned","int","NO","PRI"
"auth","rbac_permissions","id","int unsigned","int","NO","PRI"
"auth","rbac_permissions","name","varchar(100)","varchar","NO",""
"auth","realmcharacters","realmid","int unsigned","int","NO","PRI"
"auth","realmcharacters","acctid","int unsigned","int","NO","PRI"
"auth","realmcharacters","numchars","tinyint unsigned","tinyint","NO",""
"auth","realmlist","id","int unsigned","int","NO","PRI"
"auth","realmlist","name","varchar(32)","varchar","NO","UNI"
"auth","realmlist","address","varchar(255)","varchar","NO",""
"auth","realmlist","localAddress","varchar(255)","varchar","NO",""
"auth","realmlist","localSubnetMask","varchar(255)","varchar","NO",""
"auth","realmlist","port","smallint unsigned","smallint","NO",""
"auth","realmlist","icon","tinyint unsigned","tinyint","NO",""
"auth","realmlist","flag","tinyint unsigned","tinyint","NO",""
"auth","realmlist","timezone","tinyint unsigned","tinyint","NO",""
"auth","realmlist","allowedSecurityLevel","tinyint unsigned","tinyint","NO",""
"auth","realmlist","population","float unsigned","float","NO",""
"auth","realmlist","gamebuild","int unsigned","int","NO",""
"auth","realmlist","Region","tinyint unsigned","tinyint","NO",""
"auth","realmlist","Battlegroup","tinyint unsigned","tinyint","NO",""
"auth","secret_digest","id","int unsigned","int","NO","PRI"
"auth","secret_digest","digest","varchar(100)","varchar","NO",""
"auth","updates","name","varchar(200)","varchar","NO","PRI"
"auth","updates","hash","char(40)","char","YES",""
"auth","updates","state","enum('RELEASED','ARCHIVED')","enum","NO",""
"auth","updates","timestamp","timestamp","timestamp","NO",""
"auth","updates","speed","int unsigned","int","NO",""
"auth","updates_include","path","varchar(200)","varchar","NO","PRI"
"auth","updates_include","state","enum('RELEASED','ARCHIVED')","enum","NO",""
"auth","uptime","realmid","int unsigned","int","NO","PRI"
"auth","uptime","starttime","int unsigned","int","NO","PRI"
"auth","uptime","uptime","int unsigned","int","NO",""
"auth","uptime","maxplayers","smallint unsigned","smallint","NO",""
"auth","uptime","revision","varchar(255)","varchar","NO",""
"auth","vw_log_history","First Logged","datetime","datetime","YES",""
"auth","vw_log_history","Last Logged","datetime","datetime","YES",""
"auth","vw_log_history","Occurrences","bigint","bigint","NO",""
"auth","vw_log_history","Realm","varchar(32)","varchar","YES",""
"auth","vw_log_history","type","varchar(250)","varchar","NO",""
"auth","vw_log_history","level","tinyint unsigned","tinyint","NO",""
"auth","vw_log_history","string","mediumtext","mediumtext","YES",""
"auth","vw_rbac","Permission ID","int unsigned","int","NO",""
"auth","vw_rbac","Permission Group","int unsigned","int","NO",""
"auth","vw_rbac","Security Level","varchar(10)","varchar","NO",""
"auth","vw_rbac","Permission","varchar(100)","varchar","YES",""
"characters","account_data","accountId","int unsigned","int","NO","PRI"
"characters","account_data","type","tinyint unsigned","tinyint","NO","PRI"
"characters","account_data","time","bigint","bigint","NO",""
"characters","account_data","data","blob","blob","NO",""
"characters","account_instance_times","accountId","int unsigned","int","NO","PRI"
"characters","account_instance_times","instanceId","int unsigned","int","NO","PRI"
"characters","account_instance_times","releaseTime","bigint unsigned","bigint","NO",""
"characters","account_tutorial","accountId","int unsigned","int","NO","PRI"
"characters","account_tutorial","tut0","int unsigned","int","NO",""
"characters","account_tutorial","tut1","int unsigned","int","NO",""
"characters","account_tutorial","tut2","int unsigned","int","NO",""
"characters","account_tutorial","tut3","int unsigned","int","NO",""
"characters","account_tutorial","tut4","int unsigned","int","NO",""
"characters","account_tutorial","tut5","int unsigned","int","NO",""
"characters","account_tutorial","tut6","int unsigned","int","NO",""
"characters","account_tutorial","tut7","int unsigned","int","NO",""
"characters","auction_bidders","auctionId","int unsigned","int","NO","PRI"
"characters","auction_bidders","playerGuid","bigint unsigned","bigint","NO","PRI"
"characters","auction_items","auctionId","int unsigned","int","NO","PRI"
"characters","auction_items","itemGuid","bigint unsigned","bigint","NO","PRI"
"characters","auctionhouse","id","int unsigned","int","NO","PRI"
"characters","auctionhouse","auctionHouseId","int unsigned","int","NO",""
"characters","auctionhouse","owner","bigint unsigned","bigint","NO",""
"characters","auctionhouse","bidder","bigint unsigned","bigint","NO",""
"characters","auctionhouse","minBid","bigint unsigned","bigint","NO",""
"characters","auctionhouse","buyoutOrUnitPrice","bigint unsigned","bigint","NO",""
"characters","auctionhouse","deposit","bigint unsigned","bigint","NO",""
"characters","auctionhouse","bidAmount","bigint unsigned","bigint","NO",""
"characters","auctionhouse","startTime","bigint","bigint","NO",""
"characters","auctionhouse","endTime","bigint","bigint","NO",""
"characters","auctionhouse","serverFlags","tinyint unsigned","tinyint","NO",""
"characters","bugreport","id","int unsigned","int","NO","PRI"
"characters","bugreport","type","longtext","longtext","NO",""
"characters","bugreport","content","longtext","longtext","NO",""
"characters","calendar_events","EventID","bigint unsigned","bigint","NO","PRI"
"characters","calendar_events","Owner","bigint unsigned","bigint","NO",""
"characters","calendar_events","Title","varchar(255)","varchar","NO",""
"characters","calendar_events","Description","varchar(255)","varchar","NO",""
"characters","calendar_events","EventType","tinyint unsigned","tinyint","NO",""
"characters","calendar_events","TextureID","int","int","NO",""
"characters","calendar_events","Date","bigint","bigint","NO",""
"characters","calendar_events","Flags","int unsigned","int","NO",""
"characters","calendar_events","LockDate","bigint","bigint","NO",""
"characters","calendar_invites","InviteID","bigint unsigned","bigint","NO","PRI"
"characters","calendar_invites","EventID","bigint unsigned","bigint","NO",""
"characters","calendar_invites","Invitee","bigint unsigned","bigint","NO",""
"characters","calendar_invites","Sender","bigint unsigned","bigint","NO",""
"characters","calendar_invites","Status","tinyint unsigned","tinyint","NO",""
"characters","calendar_invites","ResponseTime","bigint","bigint","NO",""
"characters","calendar_invites","ModerationRank","tinyint unsigned","tinyint","NO",""
"characters","calendar_invites","Note","varchar(255)","varchar","NO",""
"characters","channels","name","varchar(128)","varchar","NO","PRI"
"characters","channels","team","int unsigned","int","NO","PRI"
"characters","channels","announce","tinyint unsigned","tinyint","NO",""
"characters","channels","ownership","tinyint unsigned","tinyint","NO",""
"characters","channels","password","varchar(128)","varchar","YES",""
"characters","channels","bannedList","text","text","YES",""
"characters","channels","lastUsed","bigint unsigned","bigint","NO",""
"characters","character_account_data","guid","bigint unsigned","bigint","NO","PRI"
"characters","character_account_data","type","tinyint unsigned","tinyint","NO","PRI"
"characters","character_account_data","time","bigint","bigint","NO",""
"characters","character_account_data","data","blob","blob","NO",""
"characters","character_achievement","guid","bigint unsigned","bigint","NO","PRI"
"characters","character_achievement","achievement","int unsigned","int","NO","PRI"
"characters","character_achievement","date","bigint","bigint","NO",""
"characters","character_achievement_progress","guid","bigint unsigned","bigint","NO","PRI"
"characters","character_achievement_progress","criteria","int unsigned","int","NO","PRI"
"characters","character_achievement_progress","counter","bigint unsigned","bigint","NO",""
"characters","character_achievement_progress","date","bigint","bigint","NO",""
"characters","character_action","guid","bigint unsigned","bigint","NO","PRI"
"characters","character_action","spec","tinyint unsigned","tinyint","NO","PRI"
"characters","character_action","traitConfigId","int","int","NO","PRI"
"characters","character_action","button","tinyint unsigned","tinyint","NO","PRI"
"characters","character_action","action","int unsigned","int","NO",""
"characters","character_action","type","tinyint unsigned","tinyint","NO",""
"characters","character_arena_stats","guid","bigint unsigned","bigint","NO","PRI"
"characters","character_arena_stats","slot","tinyint unsigned","tinyint","NO","PRI"
"characters","character_arena_stats","weekGames","smallint unsigned","smallint","NO",""
"characters","character_arena_stats","weekWins","smallint unsigned","smallint","NO",""
"characters","character_arena_stats","seasonGames","smallint unsigned","smallint","NO",""
"characters","character_arena_stats","seasonWins","smallint unsigned","smallint","NO",""
"characters","character_arena_stats","personalRating","smallint unsigned","smallint","NO",""
"characters","character_arena_stats","matchMakerRating","smallint unsigned","smallint","NO",""
"characters","character_arena_stats","rank","int unsigned","int","NO",""
"characters","character_aura","guid","bigint unsigned","bigint","NO","PRI"
"characters","character_aura","casterGuid","binary(16)","binary","NO","PRI"
"characters","character_aura","itemGuid","binary(16)","binary","NO","PRI"
"characters","character_aura","spell","int unsigned","int","NO","PRI"
"characters","character_aura","effectMask","int unsigned","int","NO","PRI"
"characters","character_aura","recalculateMask","int unsigned","int","NO",""
"characters","character_aura","difficulty","tinyint unsigned","tinyint","NO",""
"characters","character_aura","stackCount","tinyint unsigned","tinyint","NO",""
"characters","character_aura","maxDuration","int","int","NO",""
"characters","character_aura","remainTime","int","int","NO",""
"characters","character_aura","remainCharges","tinyint unsigned","tinyint","NO",""
"characters","character_aura","castItemId","int unsigned","int","NO",""
"characters","character_aura","castItemLevel","int","int","NO",""
"characters","character_aura","critChance","float","float","NO",""
"characters","character_aura","applyResilience","tinyint","tinyint","NO",""
"characters","character_aura_effect","guid","bigint unsigned","bigint","NO","PRI"
"characters","character_aura_effect","casterGuid","binary(16)","binary","NO","PRI"
"characters","character_aura_effect","itemGuid","binary(16)","binary","NO","PRI"
"characters","character_aura_effect","spell","int unsigned","int","NO","PRI"
"characters","character_aura_effect","effectMask","int unsigned","int","NO","PRI"
"characters","character_aura_effect","effectIndex","tinyint unsigned","tinyint","NO","PRI"
"characters","character_aura_effect","amount","int","int","NO",""
"characters","character_aura_effect","baseAmount","int","int","NO",""
"characters","character_aura_stored_location","Guid","bigint unsigned","bigint","NO","PRI"
"characters","character_aura_stored_location","Spell","int unsigned","int","NO","PRI"
"characters","character_aura_stored_location","MapId","int unsigned","int","NO",""
"characters","character_aura_stored_location","PositionX","float","float","NO",""
"characters","character_aura_stored_location","PositionY","float","float","NO",""
"characters","character_aura_stored_location","PositionZ","float","float","NO",""
"characters","character_aura_stored_location","Orientation","float","float","NO",""
"characters","character_banned","guid","bigint unsigned","bigint","NO","PRI"
"characters","character_banned","bandate","bigint","bigint","NO","PRI"
"characters","character_banned","unbandate","bigint","bigint","NO",""
"characters","character_banned","bannedby","varchar(50)","varchar","NO",""
"characters","character_banned","banreason","varchar(255)","varchar","NO",""
"characters","character_banned","active","tinyint unsigned","tinyint","NO",""
"characters","character_battleground_data","guid","bigint unsigned","bigint","NO","PRI"
"characters","character_battleground_data","instanceId","int unsigned","int","NO",""
"characters","character_battleground_data","team","smallint unsigned","smallint","NO",""
"characters","character_battleground_data","joinX","float","float","NO",""
"characters","character_battleground_data","joinY","float","float","NO",""
"characters","character_battleground_data","joinZ","float","float","NO",""
"characters","character_battleground_data","joinO","float","float","NO",""
"characters","character_battleground_data","joinMapId","smallint unsigned","smallint","NO",""
"characters","character_battleground_data","taxiStart","int unsigned","int","NO",""
"characters","character_battleground_data","taxiEnd","int unsigned","int","NO",""
"characters","character_battleground_data","mountSpell","int unsigned","int","NO",""
"characters","character_battleground_data","queueId","bigint unsigned","bigint","YES",""
"characters","character_battleground_random","guid","bigint unsigned","bigint","NO","PRI"
"characters","character_cuf_profiles","guid","bigint unsigned","bigint","NO","PRI"
"characters","character_cuf_profiles","id","tinyint unsigned","tinyint","NO","PRI"
"characters","character_cuf_profiles","name","varchar(12)","varchar","NO",""
"characters","character_cuf_profiles","frameHeight","smallint unsigned","smallint","NO",""
"characters","character_cuf_profiles","frameWidth","smallint unsigned","smallint","NO",""
"characters","character_cuf_profiles","sortBy","tinyint unsigned","tinyint","NO",""
"characters","character_cuf_profiles","healthText","tinyint unsigned","tinyint","NO",""
"characters","character_cuf_profiles","boolOptions","int unsigned","int","NO",""
"characters","character_cuf_profiles","topPoint","tinyint unsigned","tinyint","NO",""
"characters","character_cuf_profiles","bottomPoint","tinyint unsigned","tinyint","NO",""
"characters","character_cuf_profiles","leftPoint","tinyint unsigned","tinyint","NO",""
"characters","character_cuf_profiles","topOffset","smallint unsigned","smallint","NO",""
"characters","character_cuf_profiles","bottomOffset","smallint unsigned","smallint","NO",""
"characters","character_cuf_profiles","leftOffset","smallint unsigned","smallint","NO",""
"characters","character_currency","CharacterGuid","bigint unsigned","bigint","NO","PRI"
"characters","character_currency","Currency","smallint unsigned","smallint","NO","PRI"
"characters","character_currency","Quantity","int unsigned","int","NO",""
"characters","character_currency","WeeklyQuantity","int unsigned","int","NO",""
"characters","character_currency","TrackedQuantity","int unsigned","int","NO",""
"characters","character_currency","IncreasedCapQuantity","int unsigned","int","NO",""
"characters","character_currency","EarnedQuantity","int unsigned","int","NO",""
"characters","character_currency","Flags","tinyint unsigned","tinyint","NO",""
"characters","character_customizations","guid","bigint unsigned","bigint","NO","PRI"
"characters","character_customizations","chrCustomizationOptionID","int unsigned","int","NO","PRI"
"characters","character_customizations","chrCustomizationChoiceID","int unsigned","int","NO",""
"characters","character_declinedname","guid","bigint unsigned","bigint","NO","PRI"
"characters","character_declinedname","genitive","varchar(15)","varchar","NO",""
"characters","character_declinedname","dative","varchar(15)","varchar","NO",""
"characters","character_declinedname","accusative","varchar(15)","varchar","NO",""
"characters","character_declinedname","instrumental","varchar(15)","varchar","NO",""
"characters","character_declinedname","prepositional","varchar(15)","varchar","NO",""
"characters","character_equipmentsets","guid","bigint unsigned","bigint","NO","MUL"
"characters","character_equipmentsets","setguid","bigint unsigned","bigint","NO","PRI"
"characters","character_equipmentsets","setindex","tinyint unsigned","tinyint","NO","MUL"
"characters","character_equipmentsets","name","varchar(31)","varchar","NO",""
"characters","character_equipmentsets","iconname","varchar(100)","varchar","NO",""
"characters","character_equipmentsets","ignore_mask","int unsigned","int","NO",""
"characters","character_equipmentsets","AssignedSpecIndex","int","int","NO",""
"characters","character_equipmentsets","item0","bigint unsigned","bigint","NO",""
"characters","character_equipmentsets","item1","bigint unsigned","bigint","NO",""
"characters","character_equipmentsets","item2","bigint unsigned","bigint","NO",""
"characters","character_equipmentsets","item3","bigint unsigned","bigint","NO",""
"characters","character_equipmentsets","item4","bigint unsigned","bigint","NO",""
"characters","character_equipmentsets","item5","bigint unsigned","bigint","NO",""
"characters","character_equipmentsets","item6","bigint unsigned","bigint","NO",""
"characters","character_equipmentsets","item7","bigint unsigned","bigint","NO",""
"characters","character_equipmentsets","item8","bigint unsigned","bigint","NO",""
"characters","character_equipmentsets","item9","bigint unsigned","bigint","NO",""
"characters","character_equipmentsets","item10","bigint unsigned","bigint","NO",""
"characters","character_equipmentsets","item11","bigint unsigned","bigint","NO",""
"characters","character_equipmentsets","item12","bigint unsigned","bigint","NO",""
"characters","character_equipmentsets","item13","bigint unsigned","bigint","NO",""
"characters","character_equipmentsets","item14","bigint unsigned","bigint","NO",""
"characters","character_equipmentsets","item15","bigint unsigned","bigint","NO",""
"characters","character_equipmentsets","item16","bigint unsigned","bigint","NO",""
"characters","character_equipmentsets","item17","bigint unsigned","bigint","NO",""
"characters","character_equipmentsets","item18","bigint unsigned","bigint","NO",""
"characters","character_favorite_auctions","guid","bigint unsigned","bigint","NO","PRI"
"characters","character_favorite_auctions","order","int unsigned","int","NO","PRI"
"characters","character_favorite_auctions","itemId","int unsigned","int","NO",""
"characters","character_favorite_auctions","itemLevel","int unsigned","int","NO",""
"characters","character_favorite_auctions","battlePetSpeciesId","int unsigned","int","NO",""
"characters","character_favorite_auctions","suffixItemNameDescriptionId","int unsigned","int","NO",""
"characters","character_fishingsteps","guid","bigint unsigned","bigint","NO","PRI"
"characters","character_fishingsteps","fishingSteps","tinyint unsigned","tinyint","NO",""
"characters","character_gifts","guid","bigint unsigned","bigint","NO","MUL"
"characters","character_gifts","item_guid","bigint unsigned","bigint","NO","PRI"
"characters","character_gifts","entry","int unsigned","int","NO",""
"characters","character_gifts","flags","int unsigned","int","NO",""
"characters","character_glyphs","guid","bigint unsigned","bigint","NO","PRI"
"characters","character_glyphs","talentGroup","tinyint unsigned","tinyint","NO","PRI"
"characters","character_glyphs","glyphSlot","tinyint unsigned","tinyint","NO","PRI"
"characters","character_glyphs","glyphId","smallint unsigned","smallint","NO","PRI"
"characters","character_homebind","guid","bigint unsigned","bigint","NO","PRI"
"characters","character_homebind","mapId","smallint unsigned","smallint","NO",""
"characters","character_homebind","zoneId","smallint unsigned","smallint","NO",""
"characters","character_homebind","posX","float","float","NO",""
"characters","character_homebind","posY","float","float","NO",""
"characters","character_homebind","posZ","float","float","NO",""
"characters","character_homebind","orientation","float","float","NO",""
"characters","character_instance_lock","guid","bigint unsigned","bigint","NO","PRI"
"characters","character_instance_lock","mapId","int unsigned","int","NO","PRI"
"characters","character_instance_lock","lockId","int unsigned","int","NO","PRI"
"characters","character_instance_lock","instanceId","int unsigned","int","YES",""
"characters","character_instance_lock","difficulty","tinyint unsigned","tinyint","YES",""
"characters","character_instance_lock","data","text","text","YES",""
"characters","character_instance_lock","completedEncountersMask","int unsigned","int","YES",""
"characters","character_instance_lock","entranceWorldSafeLocId","int unsigned","int","YES",""
"characters","character_instance_lock","expiryTime","bigint unsigned","bigint","YES",""
"characters","character_instance_lock","extended","tinyint unsigned","tinyint","YES",""
"characters","character_inventory","guid","bigint unsigned","bigint","NO","MUL"
"characters","character_inventory","bag","bigint unsigned","bigint","NO",""
"characters","character_inventory","slot","tinyint unsigned","tinyint","NO",""
"characters","character_inventory","item","bigint unsigned","bigint","NO","PRI"
"characters","character_pet","id","int unsigned","int","NO","PRI"
"characters","character_pet","entry","int unsigned","int","NO",""
"characters","character_pet","owner","bigint unsigned","bigint","NO","MUL"
"characters","character_pet","modelid","int unsigned","int","YES",""
"characters","character_pet","CreatedBySpell","int unsigned","int","NO",""
"characters","character_pet","PetType","tinyint unsigned","tinyint","NO",""
"characters","character_pet","level","smallint unsigned","smallint","NO",""
"characters","character_pet","exp","int unsigned","int","NO",""
"characters","character_pet","Reactstate","tinyint unsigned","tinyint","NO",""
"characters","character_pet","name","varchar(21)","varchar","NO",""
"characters","character_pet","renamed","tinyint unsigned","tinyint","NO",""
"characters","character_pet","slot","smallint","smallint","NO","MUL"
"characters","character_pet","curhealth","int unsigned","int","NO",""
"characters","character_pet","curmana","int unsigned","int","NO",""
"characters","character_pet","curhappiness","int unsigned","int","NO",""
"characters","character_pet","savetime","int unsigned","int","NO",""
"characters","character_pet","abdata","text","text","YES",""
"characters","character_pet_declinedname","id","int unsigned","int","NO","PRI"
"characters","character_pet_declinedname","owner","int unsigned","int","NO","MUL"
"characters","character_pet_declinedname","genitive","varchar(12)","varchar","NO",""
"characters","character_pet_declinedname","dative","varchar(12)","varchar","NO",""
"characters","character_pet_declinedname","accusative","varchar(12)","varchar","NO",""
"characters","character_pet_declinedname","instrumental","varchar(12)","varchar","NO",""
"characters","character_pet_declinedname","prepositional","varchar(12)","varchar","NO",""
"characters","character_queststatus","guid","bigint unsigned","bigint","NO","PRI"
"characters","character_queststatus","quest","int unsigned","int","NO","PRI"
"characters","character_queststatus","status","tinyint unsigned","tinyint","NO",""
"characters","character_queststatus","explored","tinyint unsigned","tinyint","NO",""
"characters","character_queststatus","acceptTime","bigint","bigint","NO",""
"characters","character_queststatus","endTime","bigint","bigint","NO",""
"characters","character_queststatus_daily","guid","bigint unsigned","bigint","NO","PRI"
"characters","character_queststatus_daily","quest","int unsigned","int","NO","PRI"
"characters","character_queststatus_daily","time","bigint","bigint","NO",""
"characters","character_queststatus_monthly","guid","bigint unsigned","bigint","NO","PRI"
"characters","character_queststatus_monthly","quest","int unsigned","int","NO","PRI"
"characters","character_queststatus_objectives","guid","bigint unsigned","bigint","NO","PRI"
"characters","character_queststatus_objectives","quest","int unsigned","int","NO","PRI"
"characters","character_queststatus_objectives","objective","tinyint unsigned","tinyint","NO","PRI"
"characters","character_queststatus_objectives","data","int","int","NO",""
"characters","character_queststatus_objectives_criteria","guid","bigint unsigned","bigint","NO","PRI"
"characters","character_queststatus_objectives_criteria","questObjectiveId","int unsigned","int","NO","PRI"
"characters","character_queststatus_objectives_criteria_progress","guid","bigint unsigned","bigint","NO","PRI"
"characters","character_queststatus_objectives_criteria_progress","criteriaId","int unsigned","int","NO","PRI"
"characters","character_queststatus_objectives_criteria_progress","counter","bigint unsigned","bigint","NO",""
"characters","character_queststatus_objectives_criteria_progress","date","bigint","bigint","NO",""
"characters","character_queststatus_rewarded","guid","bigint unsigned","bigint","NO","PRI"
"characters","character_queststatus_rewarded","quest","int unsigned","int","NO","PRI"
"characters","character_queststatus_rewarded","active","tinyint unsigned","tinyint","NO",""
"characters","character_queststatus_seasonal","guid","bigint unsigned","bigint","NO","PRI"
"characters","character_queststatus_seasonal","quest","int unsigned","int","NO","PRI"
"characters","character_queststatus_seasonal","event","int unsigned","int","NO",""
"characters","character_queststatus_seasonal","completedTime","bigint","bigint","NO",""
"characters","character_queststatus_weekly","guid","bigint unsigned","bigint","NO","PRI"
"characters","character_queststatus_weekly","quest","int unsigned","int","NO","PRI"
"characters","character_reputation","guid","bigint unsigned","bigint","NO","PRI"
"characters","character_reputation","faction","smallint unsigned","smallint","NO","PRI"
"characters","character_reputation","standing","int","int","NO",""
"characters","character_reputation","flags","smallint unsigned","smallint","NO",""
"characters","character_skills","guid","bigint unsigned","bigint","NO","PRI"
"characters","character_skills","skill","smallint unsigned","smallint","NO","PRI"
"characters","character_skills","value","smallint unsigned","smallint","NO",""
"characters","character_skills","max","smallint unsigned","smallint","NO",""
"characters","character_skills","professionSlot","tinyint","tinyint","NO",""
"characters","character_social","guid","bigint unsigned","bigint","NO","PRI"
"characters","character_social","friend","bigint unsigned","bigint","NO","PRI"
"characters","character_social","flags","tinyint unsigned","tinyint","NO","PRI"
"characters","character_social","note","varchar(48)","varchar","NO",""
"characters","character_spell","guid","bigint unsigned","bigint","NO","PRI"
"characters","character_spell","spell","int unsigned","int","NO","PRI"
"characters","character_spell","active","tinyint unsigned","tinyint","NO",""
"characters","character_spell","disabled","tinyint unsigned","tinyint","NO",""
"characters","character_spell_charges","guid","bigint unsigned","bigint","NO","MUL"
"characters","character_spell_charges","categoryId","int unsigned","int","NO",""
"characters","character_spell_charges","rechargeStart","bigint","bigint","NO",""
"characters","character_spell_charges","rechargeEnd","bigint","bigint","NO",""
"characters","character_spell_cooldown","guid","bigint unsigned","bigint","NO","PRI"
"characters","character_spell_cooldown","spell","int unsigned","int","NO","PRI"
"characters","character_spell_cooldown","item","int unsigned","int","NO",""
"characters","character_spell_cooldown","time","bigint","bigint","NO",""
"characters","character_spell_cooldown","categoryId","int unsigned","int","NO",""
"characters","character_spell_cooldown","categoryEnd","bigint","bigint","NO",""
"characters","character_spell_favorite","guid","bigint unsigned","bigint","NO","PRI"
"characters","character_spell_favorite","spell","int unsigned","int","NO","PRI"
"characters","character_stats","guid","bigint unsigned","bigint","NO","PRI"
"characters","character_stats","maxhealth","int unsigned","int","NO",""
"characters","character_stats","maxpower1","int unsigned","int","NO",""
"characters","character_stats","maxpower2","int unsigned","int","NO",""
"characters","character_stats","maxpower3","int unsigned","int","NO",""
"characters","character_stats","maxpower4","int unsigned","int","NO",""
"characters","character_stats","maxpower5","int unsigned","int","NO",""
"characters","character_stats","maxpower6","int unsigned","int","NO",""
"characters","character_stats","maxpower7","int unsigned","int","NO",""
"characters","character_stats","maxpower8","int unsigned","int","NO",""
"characters","character_stats","maxpower9","int unsigned","int","NO",""
"characters","character_stats","maxpower10","int unsigned","int","NO",""
"characters","character_stats","strength","int unsigned","int","NO",""
"characters","character_stats","agility","int unsigned","int","NO",""
"characters","character_stats","stamina","int unsigned","int","NO",""
"characters","character_stats","intellect","int unsigned","int","NO",""
"characters","character_stats","armor","int unsigned","int","NO",""
"characters","character_stats","resHoly","int unsigned","int","NO",""
"characters","character_stats","resFire","int unsigned","int","NO",""
"characters","character_stats","resNature","int unsigned","int","NO",""
"characters","character_stats","resFrost","int unsigned","int","NO",""
"characters","character_stats","resShadow","int unsigned","int","NO",""
"characters","character_stats","resArcane","int unsigned","int","NO",""
"characters","character_stats","blockPct","float unsigned","float","NO",""
"characters","character_stats","dodgePct","float unsigned","float","NO",""
"characters","character_stats","parryPct","float unsigned","float","NO",""
"characters","character_stats","critPct","float unsigned","float","NO",""
"characters","character_stats","rangedCritPct","float unsigned","float","NO",""
"characters","character_stats","spellCritPct","float unsigned","float","NO",""
"characters","character_stats","attackPower","int unsigned","int","NO",""
"characters","character_stats","rangedAttackPower","int unsigned","int","NO",""
"characters","character_stats","spellPower","int unsigned","int","NO",""
"characters","character_stats","resilience","int unsigned","int","NO",""
"characters","character_talent","guid","bigint unsigned","bigint","NO","PRI"
"characters","character_talent","talentId","int unsigned","int","NO","PRI"
"characters","character_talent","talentRank","tinyint unsigned","tinyint","NO",""
"characters","character_talent","talentGroup","tinyint unsigned","tinyint","NO","PRI"
"characters","character_transmog_outfits","guid","bigint","bigint","NO","MUL"
"characters","character_transmog_outfits","setguid","bigint","bigint","NO","PRI"
"characters","character_transmog_outfits","setindex","tinyint unsigned","tinyint","NO","MUL"
"characters","character_transmog_outfits","name","varchar(128)","varchar","NO",""
"characters","character_transmog_outfits","iconname","varchar(256)","varchar","NO",""
"characters","character_transmog_outfits","ignore_mask","int","int","NO",""
"characters","character_transmog_outfits","appearance0","int","int","NO",""
"characters","character_transmog_outfits","appearance1","int","int","NO",""
"characters","character_transmog_outfits","appearance2","int","int","NO",""
"characters","character_transmog_outfits","appearance3","int","int","NO",""
"characters","character_transmog_outfits","appearance4","int","int","NO",""
"characters","character_transmog_outfits","appearance5","int","int","NO",""
"characters","character_transmog_outfits","appearance6","int","int","NO",""
"characters","character_transmog_outfits","appearance7","int","int","NO",""
"characters","character_transmog_outfits","appearance8","int","int","NO",""
"characters","character_transmog_outfits","appearance9","int","int","NO",""
"characters","character_transmog_outfits","appearance10","int","int","NO",""
"characters","character_transmog_outfits","appearance11","int","int","NO",""
"characters","character_transmog_outfits","appearance12","int","int","NO",""
"characters","character_transmog_outfits","appearance13","int","int","NO",""
"characters","character_transmog_outfits","appearance14","int","int","NO",""
"characters","character_transmog_outfits","appearance15","int","int","NO",""
"characters","character_transmog_outfits","appearance16","int","int","NO",""
"characters","character_transmog_outfits","appearance17","int","int","NO",""
"characters","character_transmog_outfits","appearance18","int","int","NO",""
"characters","character_transmog_outfits","mainHandEnchant","int","int","NO",""
"characters","character_transmog_outfits","offHandEnchant","int","int","NO",""
"characters","characters","guid","bigint unsigned","bigint","NO","PRI"
"characters","characters","account","int unsigned","int","NO","MUL"
"characters","characters","name","varchar(12)","varchar","YES","UNI"
"characters","characters","slot","tinyint unsigned","tinyint","NO",""
"characters","characters","race","tinyint unsigned","tinyint","NO",""
"characters","characters","class","tinyint unsigned","tinyint","NO",""
"characters","characters","gender","tinyint unsigned","tinyint","NO",""
"characters","characters","level","tinyint unsigned","tinyint","NO",""
"characters","characters","xp","int unsigned","int","NO",""
"characters","characters","money","bigint unsigned","bigint","NO",""
"characters","characters","inventorySlots","tinyint unsigned","tinyint","NO",""
"characters","characters","bankSlots","tinyint unsigned","tinyint","NO",""
"characters","characters","restState","tinyint unsigned","tinyint","NO",""
"characters","characters","playerFlags","int unsigned","int","NO",""
"characters","characters","playerFlagsEx","int unsigned","int","NO",""
"characters","characters","position_x","float","float","NO",""
"characters","characters","position_y","float","float","NO",""
"characters","characters","position_z","float","float","NO",""
"characters","characters","map","smallint unsigned","smallint","NO",""
"characters","characters","instance_id","int unsigned","int","NO",""
"characters","characters","dungeonDifficulty","tinyint unsigned","tinyint","NO",""
"characters","characters","raidDifficulty","tinyint unsigned","tinyint","NO",""
"characters","characters","legacyRaidDifficulty","tinyint unsigned","tinyint","NO",""
"characters","characters","orientation","float","float","NO",""
"characters","characters","taximask","text","text","NO",""
"characters","characters","online","tinyint unsigned","tinyint","NO","MUL"
"characters","characters","createTime","bigint","bigint","NO",""
"characters","characters","createMode","tinyint","tinyint","NO",""
"characters","characters","cinematic","tinyint unsigned","tinyint","NO",""
"characters","characters","totaltime","int unsigned","int","NO",""
"characters","characters","leveltime","int unsigned","int","NO",""
"characters","characters","logout_time","bigint","bigint","NO",""
"characters","characters","is_logout_resting","tinyint unsigned","tinyint","NO",""
"characters","characters","rest_bonus","float","float","NO",""
"characters","characters","resettalents_cost","int unsigned","int","NO",""
"characters","characters","resettalents_time","bigint","bigint","NO",""
"characters","characters","numRespecs","tinyint unsigned","tinyint","NO",""
"characters","characters","activeTalentGroup","tinyint unsigned","tinyint","NO",""
"characters","characters","bonusTalentGroups","tinyint unsigned","tinyint","NO",""
"characters","characters","trans_x","float","float","NO",""
"characters","characters","trans_y","float","float","NO",""
"characters","characters","trans_z","float","float","NO",""
"characters","characters","trans_o","float","float","NO",""
"characters","characters","transguid","bigint unsigned","bigint","NO",""
"characters","characters","extra_flags","smallint unsigned","smallint","NO",""
"characters","characters","summonedPetNumber","int unsigned","int","NO",""
"characters","characters","stable_slots","int unsigned","int","NO",""
"characters","characters","at_login","smallint unsigned","smallint","NO",""
"characters","characters","zone","smallint unsigned","smallint","NO",""
"characters","characters","death_expire_time","bigint","bigint","NO",""
"characters","characters","taxi_path","text","text","YES",""
"characters","characters","totalKills","int unsigned","int","NO",""
"characters","characters","todayKills","smallint unsigned","smallint","NO",""
"characters","characters","yesterdayKills","smallint unsigned","smallint","NO",""
"characters","characters","chosenTitle","int unsigned","int","NO",""
"characters","characters","watchedFaction","int unsigned","int","NO",""
"characters","characters","drunk","tinyint unsigned","tinyint","NO",""
"characters","characters","health","int unsigned","int","NO",""
"characters","characters","power1","int unsigned","int","NO",""
"characters","characters","power2","int unsigned","int","NO",""
"characters","characters","power3","int unsigned","int","NO",""
"characters","characters","power4","int unsigned","int","NO",""
"characters","characters","power5","int unsigned","int","NO",""
"characters","characters","power6","int unsigned","int","NO",""
"characters","characters","power7","int unsigned","int","NO",""
"characters","characters","power8","int unsigned","int","NO",""
"characters","characters","power9","int unsigned","int","NO",""
"characters","characters","power10","int unsigned","int","NO",""
"characters","characters","latency","int unsigned","int","NO",""
"characters","characters","lootSpecId","int unsigned","int","NO",""
"characters","characters","exploredZones","longtext","longtext","YES",""
"characters","characters","equipmentCache","longtext","longtext","YES",""
"characters","characters","ammoId","int unsigned","int","NO",""
"characters","characters","knownTitles","longtext","longtext","YES",""
"characters","characters","actionBars","tinyint unsigned","tinyint","NO",""
"characters","characters","deleteInfos_Account","int unsigned","int","YES",""
"characters","characters","deleteInfos_Name","varchar(12)","varchar","YES",""
"characters","characters","deleteDate","bigint","bigint","YES",""
"characters","characters","honor","int unsigned","int","NO",""
"characters","characters","lastLoginBuild","int unsigned","int","NO",""
"characters","characters","personalTabardEmblemStyle","int","int","NO",""
"characters","characters","personalTabardEmblemColor","int","int","NO",""
"characters","characters","personalTabardBorderStyle","int","int","NO",""
"characters","characters","personalTabardBorderColor","int","int","NO",""
"characters","characters","personalTabardBackgroundColor","int","int","NO",""
"characters","corpse","guid","bigint unsigned","bigint","NO","PRI"
"characters","corpse","posX","float","float","NO",""
"characters","corpse","posY","float","float","NO",""
"characters","corpse","posZ","float","float","NO",""
"characters","corpse","orientation","float","float","NO",""
"characters","corpse","mapId","smallint unsigned","smallint","NO",""
"characters","corpse","displayId","int unsigned","int","NO",""
"characters","corpse","itemCache","text","text","NO",""
"characters","corpse","race","tinyint unsigned","tinyint","NO",""
"characters","corpse","class","tinyint unsigned","tinyint","NO",""
"characters","corpse","gender","tinyint unsigned","tinyint","NO",""
"characters","corpse","flags","tinyint unsigned","tinyint","NO",""
"characters","corpse","dynFlags","tinyint unsigned","tinyint","NO",""
"characters","corpse","time","int unsigned","int","NO","MUL"
"characters","corpse","corpseType","tinyint unsigned","tinyint","NO","MUL"
"characters","corpse","instanceId","int unsigned","int","NO","MUL"
"characters","corpse_customizations","ownerGuid","bigint unsigned","bigint","NO","PRI"
"characters","corpse_customizations","chrCustomizationOptionID","int unsigned","int","NO","PRI"
"characters","corpse_customizations","chrCustomizationChoiceID","int unsigned","int","NO",""
"characters","corpse_phases","OwnerGuid","bigint unsigned","bigint","NO","PRI"
"characters","corpse_phases","PhaseId","int unsigned","int","NO","PRI"
"characters","game_event_condition_save","eventEntry","tinyint unsigned","tinyint","NO","PRI"
"characters","game_event_condition_save","condition_id","int unsigned","int","NO","PRI"
"characters","game_event_condition_save","done","float","float","YES",""
"characters","game_event_save","eventEntry","tinyint unsigned","tinyint","NO","PRI"
"characters","game_event_save","state","tinyint unsigned","tinyint","NO",""
"characters","game_event_save","next_start","bigint","bigint","NO",""
"characters","gm_bug","id","int unsigned","int","NO","PRI"
"characters","gm_bug","playerGuid","bigint unsigned","bigint","NO",""
"characters","gm_bug","note","text","text","NO",""
"characters","gm_bug","createTime","bigint","bigint","NO",""
"characters","gm_bug","mapId","smallint unsigned","smallint","NO",""
"characters","gm_bug","posX","float","float","NO",""
"characters","gm_bug","posY","float","float","NO",""
"characters","gm_bug","posZ","float","float","NO",""
"characters","gm_bug","facing","float","float","NO",""
"characters","gm_bug","closedBy","bigint","bigint","NO",""
"characters","gm_bug","assignedTo","bigint unsigned","bigint","NO",""
"characters","gm_bug","comment","text","text","NO",""
"characters","gm_complaint","id","int unsigned","int","NO","PRI"
"characters","gm_complaint","playerGuid","bigint unsigned","bigint","NO",""
"characters","gm_complaint","note","text","text","NO",""
"characters","gm_complaint","createTime","bigint","bigint","NO",""
"characters","gm_complaint","mapId","smallint unsigned","smallint","NO",""
"characters","gm_complaint","posX","float","float","NO",""
"characters","gm_complaint","posY","float","float","NO",""
"characters","gm_complaint","posZ","float","float","NO",""
"characters","gm_complaint","facing","float","float","NO",""
"characters","gm_complaint","targetCharacterGuid","bigint unsigned","bigint","NO",""
"characters","gm_complaint","reportType","int","int","NO",""
"characters","gm_complaint","reportMajorCategory","int","int","NO",""
"characters","gm_complaint","reportMinorCategoryFlags","int","int","NO",""
"characters","gm_complaint","reportLineIndex","int","int","NO",""
"characters","gm_complaint","closedBy","bigint","bigint","NO",""
"characters","gm_complaint","assignedTo","bigint unsigned","bigint","NO",""
"characters","gm_complaint","comment","text","text","NO",""
"characters","gm_complaint_chatlog","complaintId","int unsigned","int","NO","PRI"
"characters","gm_complaint_chatlog","lineId","int unsigned","int","NO","PRI"
"characters","gm_complaint_chatlog","timestamp","bigint","bigint","NO",""
"characters","gm_complaint_chatlog","text","text","text","NO",""
"characters","gm_suggestion","id","int unsigned","int","NO","PRI"
"characters","gm_suggestion","playerGuid","bigint unsigned","bigint","NO",""
"characters","gm_suggestion","note","text","text","NO",""
"characters","gm_suggestion","createTime","bigint","bigint","NO",""
"characters","gm_suggestion","mapId","smallint unsigned","smallint","NO",""
"characters","gm_suggestion","posX","float","float","NO",""
"characters","gm_suggestion","posY","float","float","NO",""
"characters","gm_suggestion","posZ","float","float","NO",""
"characters","gm_suggestion","facing","float","float","NO",""
"characters","gm_suggestion","closedBy","bigint","bigint","NO",""
"characters","gm_suggestion","assignedTo","bigint unsigned","bigint","NO",""
"characters","gm_suggestion","comment","text","text","NO",""
"characters","group_member","guid","int unsigned","int","NO",""
"characters","group_member","memberGuid","bigint unsigned","bigint","NO","PRI"
"characters","group_member","memberFlags","tinyint unsigned","tinyint","NO",""
"characters","group_member","subgroup","tinyint unsigned","tinyint","NO",""
"characters","group_member","roles","tinyint unsigned","tinyint","NO",""
"characters","groups","guid","int unsigned","int","NO","PRI"
"characters","groups","leaderGuid","bigint unsigned","bigint","NO","MUL"
"characters","groups","lootMethod","tinyint unsigned","tinyint","NO",""
"characters","groups","looterGuid","bigint unsigned","bigint","NO",""
"characters","groups","lootThreshold","tinyint unsigned","tinyint","NO",""
"characters","groups","icon1","binary(16)","binary","NO",""
"characters","groups","icon2","binary(16)","binary","NO",""
"characters","groups","icon3","binary(16)","binary","NO",""
"characters","groups","icon4","binary(16)","binary","NO",""
"characters","groups","icon5","binary(16)","binary","NO",""
"characters","groups","icon6","binary(16)","binary","NO",""
"characters","groups","icon7","binary(16)","binary","NO",""
"characters","groups","icon8","binary(16)","binary","NO",""
"characters","groups","groupType","smallint unsigned","smallint","NO",""
"characters","groups","difficulty","tinyint unsigned","tinyint","NO",""
"characters","groups","raidDifficulty","tinyint unsigned","tinyint","NO",""
"characters","groups","legacyRaidDifficulty","tinyint unsigned","tinyint","NO",""
"characters","groups","masterLooterGuid","bigint unsigned","bigint","NO",""
"characters","guild","guildid","bigint unsigned","bigint","NO","PRI"
"characters","guild","name","varchar(24)","varchar","NO",""
"characters","guild","leaderguid","bigint unsigned","bigint","NO",""
"characters","guild","EmblemStyle","tinyint unsigned","tinyint","NO",""
"characters","guild","EmblemColor","tinyint unsigned","tinyint","NO",""
"characters","guild","BorderStyle","tinyint unsigned","tinyint","NO",""
"characters","guild","BorderColor","tinyint unsigned","tinyint","NO",""
"characters","guild","BackgroundColor","tinyint unsigned","tinyint","NO",""
"characters","guild","info","varchar(500)","varchar","NO",""
"characters","guild","motd","varchar(256)","varchar","NO",""
"characters","guild","createdate","int unsigned","int","NO",""
"characters","guild","BankMoney","bigint unsigned","bigint","NO",""
"characters","guild_achievement","guildId","bigint unsigned","bigint","NO","PRI"
"characters","guild_achievement","achievement","int unsigned","int","NO","PRI"
"characters","guild_achievement","date","bigint","bigint","NO",""
"characters","guild_achievement","guids","text","text","NO",""
"characters","guild_achievement_progress","guildId","bigint unsigned","bigint","NO","PRI"
"characters","guild_achievement_progress","criteria","int unsigned","int","NO","PRI"
"characters","guild_achievement_progress","counter","bigint unsigned","bigint","NO",""
"characters","guild_achievement_progress","date","bigint","bigint","NO",""
"characters","guild_achievement_progress","completedGuid","bigint unsigned","bigint","NO",""
"characters","guild_bank_eventlog","guildid","bigint unsigned","bigint","NO","PRI"
"characters","guild_bank_eventlog","LogGuid","int unsigned","int","NO","PRI"
"characters","guild_bank_eventlog","TabId","tinyint unsigned","tinyint","NO","PRI"
"characters","guild_bank_eventlog","EventType","tinyint unsigned","tinyint","NO",""
"characters","guild_bank_eventlog","PlayerGuid","bigint unsigned","bigint","NO","MUL"
"characters","guild_bank_eventlog","ItemOrMoney","bigint unsigned","bigint","NO",""
"characters","guild_bank_eventlog","ItemStackCount","smallint unsigned","smallint","NO",""
"characters","guild_bank_eventlog","DestTabId","tinyint unsigned","tinyint","NO",""
"characters","guild_bank_eventlog","TimeStamp","bigint","bigint","NO",""
"characters","guild_bank_item","guildid","bigint unsigned","bigint","NO","PRI"
"characters","guild_bank_item","TabId","tinyint unsigned","tinyint","NO","PRI"
"characters","guild_bank_item","SlotId","tinyint unsigned","tinyint","NO","PRI"
"characters","guild_bank_item","item_guid","bigint unsigned","bigint","NO","MUL"
"characters","guild_bank_right","guildid","bigint unsigned","bigint","NO","PRI"
"characters","guild_bank_right","TabId","tinyint unsigned","tinyint","NO","PRI"
"characters","guild_bank_right","rid","tinyint unsigned","tinyint","NO","PRI"
"characters","guild_bank_right","gbright","tinyint","tinyint","NO",""
"characters","guild_bank_right","SlotPerDay","int","int","NO",""
"characters","guild_bank_tab","guildid","bigint unsigned","bigint","NO","PRI"
"characters","guild_bank_tab","TabId","tinyint unsigned","tinyint","NO","PRI"
"characters","guild_bank_tab","TabName","varchar(16)","varchar","NO",""
"characters","guild_bank_tab","TabIcon","varchar(100)","varchar","NO",""
"characters","guild_bank_tab","TabText","varchar(500)","varchar","YES",""
"characters","guild_eventlog","guildid","bigint unsigned","bigint","NO","PRI"
"characters","guild_eventlog","LogGuid","int unsigned","int","NO","PRI"
"characters","guild_eventlog","EventType","tinyint unsigned","tinyint","NO",""
"characters","guild_eventlog","PlayerGuid1","bigint unsigned","bigint","NO","MUL"
"characters","guild_eventlog","PlayerGuid2","bigint unsigned","bigint","NO","MUL"
"characters","guild_eventlog","NewRank","tinyint unsigned","tinyint","NO",""
"characters","guild_eventlog","TimeStamp","bigint","bigint","NO",""
"characters","guild_member","guildid","bigint unsigned","bigint","NO","MUL"
"characters","guild_member","guid","bigint unsigned","bigint","NO","PRI"
"characters","guild_member","rank","tinyint unsigned","tinyint","NO",""
"characters","guild_member","pnote","varchar(31)","varchar","NO",""
"characters","guild_member","offnote","varchar(31)","varchar","NO",""
"characters","guild_member_withdraw","guid","bigint unsigned","bigint","NO","PRI"
"characters","guild_member_withdraw","tab0","int unsigned","int","NO",""
"characters","guild_member_withdraw","tab1","int unsigned","int","NO",""
"characters","guild_member_withdraw","tab2","int unsigned","int","NO",""
"characters","guild_member_withdraw","tab3","int unsigned","int","NO",""
"characters","guild_member_withdraw","tab4","int unsigned","int","NO",""
"characters","guild_member_withdraw","tab5","int unsigned","int","NO",""
"characters","guild_member_withdraw","tab6","int unsigned","int","NO",""
"characters","guild_member_withdraw","tab7","int unsigned","int","NO",""
"characters","guild_member_withdraw","money","bigint unsigned","bigint","NO",""
"characters","guild_newslog","guildid","bigint unsigned","bigint","NO","PRI"
"characters","guild_newslog","LogGuid","int unsigned","int","NO","PRI"
"characters","guild_newslog","EventType","tinyint unsigned","tinyint","NO",""
"characters","guild_newslog","PlayerGuid","bigint unsigned","bigint","NO","MUL"
"characters","guild_newslog","Flags","int unsigned","int","NO",""
"characters","guild_newslog","Value","int unsigned","int","NO",""
"characters","guild_newslog","TimeStamp","bigint","bigint","NO",""
"characters","guild_rank","guildid","bigint unsigned","bigint","NO","PRI"
"characters","guild_rank","rid","tinyint unsigned","tinyint","NO","PRI"
"characters","guild_rank","RankOrder","tinyint unsigned","tinyint","NO",""
"characters","guild_rank","rname","varchar(20)","varchar","NO",""
"characters","guild_rank","rights","int unsigned","int","NO",""
"characters","guild_rank","BankMoneyPerDay","int unsigned","int","NO",""
"characters","instance","instanceId","int unsigned","int","NO","PRI"
"characters","instance","data","text","text","YES",""
"characters","instance","completedEncountersMask","int unsigned","int","YES",""
"characters","instance","entranceWorldSafeLocId","int unsigned","int","YES",""
"characters","item_instance","guid","bigint unsigned","bigint","NO","PRI"
"characters","item_instance","itemEntry","int unsigned","int","NO",""
"characters","item_instance","owner_guid","bigint unsigned","bigint","NO","MUL"
"characters","item_instance","creatorGuid","bigint unsigned","bigint","NO",""
"characters","item_instance","giftCreatorGuid","bigint unsigned","bigint","NO",""
"characters","item_instance","count","int unsigned","int","NO",""
"characters","item_instance","duration","int","int","NO",""
"characters","item_instance","charges","tinytext","tinytext","YES",""
"characters","item_instance","flags","int unsigned","int","NO",""
"characters","item_instance","enchantments","text","text","NO",""
"characters","item_instance","durability","smallint unsigned","smallint","NO",""
"characters","item_instance","playedTime","int unsigned","int","NO",""
"characters","item_instance","text","text","text","YES",""
"characters","item_instance","transmogrification","int unsigned","int","NO",""
"characters","item_instance","enchantIllusion","int unsigned","int","NO",""
"characters","item_instance","battlePetSpeciesId","int unsigned","int","NO",""
"characters","item_instance","battlePetBreedData","int unsigned","int","NO",""
"characters","item_instance","battlePetLevel","smallint unsigned","smallint","NO",""
"characters","item_instance","battlePetDisplayId","int unsigned","int","NO",""
"characters","item_instance","randomPropertiesId","int","int","NO",""
"characters","item_instance","randomPropertiesSeed","int","int","NO",""
"characters","item_instance","context","tinyint unsigned","tinyint","NO",""
"characters","item_instance_gems","itemGuid","bigint unsigned","bigint","NO","PRI"
"characters","item_instance_gems","gemItemId1","int unsigned","int","NO",""
"characters","item_instance_gems","gemBonuses1","text","text","YES",""
"characters","item_instance_gems","gemContext1","tinyint unsigned","tinyint","NO",""
"characters","item_instance_gems","gemItemId2","int unsigned","int","NO",""
"characters","item_instance_gems","gemBonuses2","text","text","YES",""
"characters","item_instance_gems","gemContext2","tinyint unsigned","tinyint","NO",""
"characters","item_instance_gems","gemItemId3","int unsigned","int","NO",""
"characters","item_instance_gems","gemBonuses3","text","text","YES",""
"characters","item_instance_gems","gemContext3","tinyint unsigned","tinyint","NO",""
"characters","item_instance_transmog","itemGuid","bigint unsigned","bigint","NO","PRI"
"characters","item_instance_transmog","itemModifiedAppearanceAllSpecs","int","int","NO",""
"characters","item_instance_transmog","itemModifiedAppearanceSpec1","int","int","NO",""
"characters","item_instance_transmog","itemModifiedAppearanceSpec2","int","int","NO",""
"characters","item_instance_transmog","itemModifiedAppearanceSpec3","int","int","NO",""
"characters","item_instance_transmog","itemModifiedAppearanceSpec4","int","int","NO",""
"characters","item_instance_transmog","itemModifiedAppearanceSpec5","int","int","NO",""
"characters","item_instance_transmog","spellItemEnchantmentAllSpecs","int","int","NO",""
"characters","item_instance_transmog","spellItemEnchantmentSpec1","int","int","NO",""
"characters","item_instance_transmog","spellItemEnchantmentSpec2","int","int","NO",""
"characters","item_instance_transmog","spellItemEnchantmentSpec3","int","int","NO",""
"characters","item_instance_transmog","spellItemEnchantmentSpec4","int","int","NO",""
"characters","item_instance_transmog","spellItemEnchantmentSpec5","int","int","NO",""
"characters","item_instance_transmog","secondaryItemModifiedAppearanceAllSpecs","int","int","NO",""
"characters","item_instance_transmog","secondaryItemModifiedAppearanceSpec1","int","int","NO",""
"characters","item_instance_transmog","secondaryItemModifiedAppearanceSpec2","int","int","NO",""
"characters","item_instance_transmog","secondaryItemModifiedAppearanceSpec3","int","int","NO",""
"characters","item_instance_transmog","secondaryItemModifiedAppearanceSpec4","int","int","NO",""
"characters","item_instance_transmog","secondaryItemModifiedAppearanceSpec5","int","int","NO",""
"characters","item_loot_items","container_id","bigint unsigned","bigint","NO","PRI"
"characters","item_loot_items","item_id","int unsigned","int","NO","PRI"
"characters","item_loot_items","item_count","int","int","NO",""
"characters","item_loot_items","item_index","int unsigned","int","NO",""
"characters","item_loot_items","follow_rules","tinyint(1)","tinyint","NO",""
"characters","item_loot_items","ffa","tinyint(1)","tinyint","NO",""
"characters","item_loot_items","blocked","tinyint(1)","tinyint","NO",""
"characters","item_loot_items","counted","tinyint(1)","tinyint","NO",""
"characters","item_loot_items","under_threshold","tinyint(1)","tinyint","NO",""
"characters","item_loot_items","needs_quest","tinyint(1)","tinyint","NO",""
"characters","item_loot_items","random_properties_id","int","int","NO",""
"characters","item_loot_items","random_properties_seed","int","int","NO",""
"characters","item_loot_items","context","tinyint unsigned","tinyint","NO",""
"characters","item_loot_money","container_id","bigint unsigned","bigint","NO","PRI"
"characters","item_loot_money","money","int unsigned","int","NO",""
"characters","item_refund_instance","item_guid","bigint unsigned","bigint","NO","PRI"
"characters","item_refund_instance","player_guid","bigint unsigned","bigint","NO","PRI"
"characters","item_refund_instance","paidMoney","bigint unsigned","bigint","NO",""
"characters","item_refund_instance","paidExtendedCost","smallint unsigned","smallint","NO",""
"characters","item_soulbound_trade_data","itemGuid","bigint unsigned","bigint","NO","PRI"
"characters","item_soulbound_trade_data","allowedPlayers","text","text","NO",""
"characters","lfg_data","guid","int unsigned","int","NO","PRI"
"characters","lfg_data","dungeon","int unsigned","int","NO",""
"characters","lfg_data","state","tinyint unsigned","tinyint","NO",""
"characters","mail","id","bigint unsigned","bigint","NO","PRI"
"characters","mail","messageType","tinyint unsigned","tinyint","NO",""
"characters","mail","stationery","tinyint","tinyint","NO",""
"characters","mail","mailTemplateId","smallint unsigned","smallint","NO",""
"characters","mail","sender","bigint unsigned","bigint","NO",""
"characters","mail","receiver","bigint unsigned","bigint","NO","MUL"
"characters","mail","subject","longtext","longtext","YES",""
"characters","mail","body","longtext","longtext","YES",""
"characters","mail","has_items","tinyint unsigned","tinyint","NO",""
"characters","mail","expire_time","bigint","bigint","NO",""
"characters","mail","deliver_time","bigint","bigint","NO",""
"characters","mail","money","bigint unsigned","bigint","NO",""
"characters","mail","cod","bigint unsigned","bigint","NO",""
"characters","mail","checked","tinyint unsigned","tinyint","NO",""
"characters","mail_items","mail_id","bigint unsigned","bigint","NO","MUL"
"characters","mail_items","item_guid","bigint unsigned","bigint","NO","PRI"
"characters","mail_items","receiver","bigint unsigned","bigint","NO","MUL"
"characters","pet_aura","guid","int unsigned","int","NO","PRI"
"characters","pet_aura","casterGuid","binary(16)","binary","NO",""
"characters","pet_aura","spell","int unsigned","int","NO","PRI"
"characters","pet_aura","effectMask","int unsigned","int","NO","PRI"
"characters","pet_aura","recalculateMask","int unsigned","int","NO",""
"characters","pet_aura","difficulty","tinyint unsigned","tinyint","NO",""
"characters","pet_aura","stackCount","tinyint unsigned","tinyint","NO",""
"characters","pet_aura","maxDuration","int","int","NO",""
"characters","pet_aura","remainTime","int","int","NO",""
"characters","pet_aura","remainCharges","tinyint unsigned","tinyint","NO",""
"characters","pet_aura","critChance","float","float","NO",""
"characters","pet_aura","applyResilience","tinyint","tinyint","NO",""
"characters","pet_aura_effect","guid","int unsigned","int","NO","PRI"
"characters","pet_aura_effect","casterGuid","binary(16)","binary","NO","PRI"
"characters","pet_aura_effect","spell","int unsigned","int","NO","PRI"
"characters","pet_aura_effect","effectMask","int unsigned","int","NO","PRI"
"characters","pet_aura_effect","effectIndex","tinyint unsigned","tinyint","NO","PRI"
"characters","pet_aura_effect","amount","int","int","NO",""
"characters","pet_aura_effect","baseAmount","int","int","NO",""
"characters","pet_spell","guid","int unsigned","int","NO","PRI"
"characters","pet_spell","spell","int unsigned","int","NO","PRI"
"characters","pet_spell","active","smallint unsigned","smallint","NO",""
"characters","pet_spell_charges","guid","int unsigned","int","NO","MUL"
"characters","pet_spell_charges","categoryId","int unsigned","int","NO",""
"characters","pet_spell_charges","rechargeStart","bigint","bigint","NO",""
"characters","pet_spell_charges","rechargeEnd","bigint","bigint","NO",""
"characters","pet_spell_cooldown","guid","int unsigned","int","NO","PRI"
"characters","pet_spell_cooldown","spell","int unsigned","int","NO","PRI"
"characters","pet_spell_cooldown","time","bigint","bigint","NO",""
"characters","pet_spell_cooldown","categoryId","int unsigned","int","NO",""
"characters","pet_spell_cooldown","categoryEnd","bigint","bigint","NO",""
"characters","petition","ownerguid","bigint unsigned","bigint","NO","PRI"
"characters","petition","petitionguid","bigint unsigned","bigint","YES",""
"characters","petition","name","varchar(24)","varchar","NO",""
"characters","petition_sign","ownerguid","bigint unsigned","bigint","NO","MUL"
"characters","petition_sign","petitionguid","bigint unsigned","bigint","NO","PRI"
"characters","petition_sign","playerguid","bigint unsigned","bigint","NO","PRI"
"characters","petition_sign","player_account","int unsigned","int","NO",""
"characters","pool_quest_save","pool_id","int unsigned","int","NO","PRI"
"characters","pool_quest_save","quest_id","int unsigned","int","NO","PRI"
"characters","pvpstats_battlegrounds","id","bigint unsigned","bigint","NO","PRI"
"characters","pvpstats_battlegrounds","winner_faction","tinyint","tinyint","NO",""
"characters","pvpstats_battlegrounds","bracket_id","tinyint unsigned","tinyint","NO",""
"characters","pvpstats_battlegrounds","type","int unsigned","int","NO",""
"characters","pvpstats_battlegrounds","date","datetime","datetime","NO",""
"characters","pvpstats_players","battleground_id","bigint unsigned","bigint","NO","PRI"
"characters","pvpstats_players","character_guid","bigint unsigned","bigint","NO","PRI"
"characters","pvpstats_players","winner","bit(1)","bit","NO",""
"characters","pvpstats_players","score_killing_blows","int unsigned","int","NO",""
"characters","pvpstats_players","score_deaths","int unsigned","int","NO",""
"characters","pvpstats_players","score_honorable_kills","int unsigned","int","NO",""
"characters","pvpstats_players","score_bonus_honor","int unsigned","int","NO",""
"characters","pvpstats_players","score_damage_done","int unsigned","int","NO",""
"characters","pvpstats_players","score_healing_done","int unsigned","int","NO",""
"characters","pvpstats_players","attr_1","int unsigned","int","NO",""
"characters","pvpstats_players","attr_2","int unsigned","int","NO",""
"characters","pvpstats_players","attr_3","int unsigned","int","NO",""
"characters","pvpstats_players","attr_4","int unsigned","int","NO",""
"characters","pvpstats_players","attr_5","int unsigned","int","NO",""
"characters","quest_tracker","id","int unsigned","int","NO","PRI"
"characters","quest_tracker","character_guid","bigint unsigned","bigint","NO","PRI"
"characters","quest_tracker","quest_accept_time","datetime","datetime","NO",""
"characters","quest_tracker","quest_complete_time","datetime","datetime","YES",""
"characters","quest_tracker","quest_abandon_time","datetime","datetime","YES",""
"characters","quest_tracker","completed_by_gm","tinyint(1)","tinyint","NO",""
"characters","quest_tracker","core_hash","varchar(120)","varchar","NO",""
"characters","quest_tracker","core_revision","varchar(120)","varchar","NO",""
"characters","reserved_name","name","varchar(12)","varchar","NO","PRI"
"characters","respawn","type","smallint unsigned","smallint","NO","PRI"
"characters","respawn","spawnId","bigint unsigned","bigint","NO","PRI"
"characters","respawn","respawnTime","bigint","bigint","NO",""
"characters","respawn","mapId","smallint unsigned","smallint","NO",""
"characters","respawn","instanceId","int unsigned","int","NO","PRI"
"characters","updates","name","varchar(200)","varchar","NO","PRI"
"characters","updates","hash","char(40)","char","YES",""
"characters","updates","state","enum('RELEASED','ARCHIVED')","enum","NO",""
"characters","updates","timestamp","timestamp","timestamp","NO",""
"characters","updates","speed","int unsigned","int","NO",""
"characters","updates_include","path","varchar(200)","varchar","NO","PRI"
"characters","updates_include","state","enum('RELEASED','ARCHIVED')","enum","NO",""
"characters","warden_action","wardenId","smallint unsigned","smallint","NO","PRI"
"characters","warden_action","action","tinyint unsigned","tinyint","YES",""
"characters","world_state_value","Id","int","int","NO","PRI"
"characters","world_state_value","Value","int","int","NO",""
"characters","world_variable","ID","varchar(64)","varchar","NO","PRI"
"characters","world_variable","Value","int","int","NO",""
"hotfixes","achievement","Description","text","text","YES",""
"hotfixes","achievement","Title","text","text","YES",""
"hotfixes","achievement","Reward","text","text","YES",""
"hotfixes","achievement","ID","int unsigned","int","NO","PRI"
"hotfixes","achievement","InstanceID","smallint","smallint","NO",""
"hotfixes","achievement","Faction","tinyint","tinyint","NO",""
"hotfixes","achievement","Supercedes","smallint","smallint","NO",""
"hotfixes","achievement","Category","smallint","smallint","NO",""
"hotfixes","achievement","MinimumCriteria","tinyint","tinyint","NO",""
"hotfixes","achievement","Points","tinyint","tinyint","NO",""
"hotfixes","achievement","Flags","int","int","NO",""
"hotfixes","achievement","UiOrder","smallint","smallint","NO",""
"hotfixes","achievement","IconFileID","int","int","NO",""
"hotfixes","achievement","CriteriaTree","int unsigned","int","NO",""
"hotfixes","achievement","SharesCriteria","smallint","smallint","NO",""
"hotfixes","achievement","VerifiedBuild","int","int","NO","PRI"
"hotfixes","achievement_category","Name","text","text","YES",""
"hotfixes","achievement_category","ID","int unsigned","int","NO","PRI"
"hotfixes","achievement_category","Parent","smallint","smallint","NO",""
"hotfixes","achievement_category","UiOrder","tinyint","tinyint","NO",""
"hotfixes","achievement_category","VerifiedBuild","int","int","NO","PRI"
"hotfixes","achievement_category_locale","ID","int unsigned","int","NO","PRI"
"hotfixes","achievement_category_locale","locale","varchar(4)","varchar","NO","PRI"
"hotfixes","achievement_category_locale","Name_lang","text","text","YES",""
"hotfixes","achievement_category_locale","VerifiedBuild","int","int","NO","PRI"
"hotfixes","achievement_locale","ID","int unsigned","int","NO","PRI"
"hotfixes","achievement_locale","locale","varchar(4)","varchar","NO","PRI"
"hotfixes","achievement_locale","Description_lang","text","text","YES",""
"hotfixes","achievement_locale","Title_lang","text","text","YES",""
"hotfixes","achievement_locale","Reward_lang","text","text","YES",""
"hotfixes","achievement_locale","VerifiedBuild","int","int","NO","PRI"
"hotfixes","anim_kit","ID","int unsigned","int","NO","PRI"
"hotfixes","anim_kit","OneShotDuration","int unsigned","int","NO",""
"hotfixes","anim_kit","OneShotStopAnimKitID","smallint unsigned","smallint","NO",""
"hotfixes","anim_kit","LowDefAnimKitID","smallint unsigned","smallint","NO",""
"hotfixes","anim_kit","VerifiedBuild","int","int","NO","PRI"
"hotfixes","animation_data","ID","int unsigned","int","NO","PRI"
"hotfixes","animation_data","Fallback","smallint unsigned","smallint","NO",""
"hotfixes","animation_data","BehaviorTier","tinyint unsigned","tinyint","NO",""
"hotfixes","animation_data","BehaviorID","int","int","NO",""
"hotfixes","animation_data","Flags1","int","int","NO",""
"hotfixes","animation_data","Flags2","int","int","NO",""
"hotfixes","animation_data","VerifiedBuild","int","int","NO","PRI"
"hotfixes","area_group_member","ID","int unsigned","int","NO","PRI"
"hotfixes","area_group_member","AreaID","smallint unsigned","smallint","NO",""
"hotfixes","area_group_member","AreaGroupID","int unsigned","int","NO",""
"hotfixes","area_group_member","VerifiedBuild","int","int","NO","PRI"
"hotfixes","area_table","ID","int unsigned","int","NO","PRI"
"hotfixes","area_table","ZoneName","text","text","YES",""
"hotfixes","area_table","AreaName","text","text","YES",""
"hotfixes","area_table","ContinentID","smallint unsigned","smallint","NO",""
"hotfixes","area_table","ParentAreaID","smallint unsigned","smallint","NO",""
"hotfixes","area_table","AreaBit","smallint","smallint","NO",""
"hotfixes","area_table","SoundProviderPref","tinyint unsigned","tinyint","NO",""
"hotfixes","area_table","SoundProviderPrefUnderwater","tinyint unsigned","tinyint","NO",""
"hotfixes","area_table","AmbienceID","smallint unsigned","smallint","NO",""
"hotfixes","area_table","UwAmbience","smallint unsigned","smallint","NO",""
"hotfixes","area_table","ZoneMusic","smallint unsigned","smallint","NO",""
"hotfixes","area_table","UwZoneMusic","smallint unsigned","smallint","NO",""
"hotfixes","area_table","ExplorationLevel","tinyint","tinyint","NO",""
"hotfixes","area_table","IntroSound","smallint unsigned","smallint","NO",""
"hotfixes","area_table","UwIntroSound","int unsigned","int","NO",""
"hotfixes","area_table","FactionGroupMask","tinyint unsigned","tinyint","NO",""
"hotfixes","area_table","AmbientMultiplier","float","float","NO",""
"hotfixes","area_table","MountFlags","int","int","NO",""
"hotfixes","area_table","PvpCombatWorldStateID","smallint","smallint","NO",""
"hotfixes","area_table","WildBattlePetLevelMin","tinyint unsigned","tinyint","NO",""
"hotfixes","area_table","WildBattlePetLevelMax","tinyint unsigned","tinyint","NO",""
"hotfixes","area_table","WindSettingsID","tinyint unsigned","tinyint","NO",""
"hotfixes","area_table","Flags1","int","int","NO",""
"hotfixes","area_table","Flags2","int","int","NO",""
"hotfixes","area_table","LiquidTypeID1","smallint unsigned","smallint","NO",""
"hotfixes","area_table","LiquidTypeID2","smallint unsigned","smallint","NO",""
"hotfixes","area_table","LiquidTypeID3","smallint unsigned","smallint","NO",""
"hotfixes","area_table","LiquidTypeID4","smallint unsigned","smallint","NO",""
"hotfixes","area_table","VerifiedBuild","int","int","NO","PRI"
"hotfixes","area_table_locale","ID","int unsigned","int","NO","PRI"
"hotfixes","area_table_locale","locale","varchar(4)","varchar","NO","PRI"
"hotfixes","area_table_locale","AreaName_lang","text","text","YES",""
"hotfixes","area_table_locale","VerifiedBuild","int","int","NO","PRI"
"hotfixes","area_trigger","Message","text","text","YES",""
"hotfixes","area_trigger","PosX","float","float","NO",""
"hotfixes","area_trigger","PosY","float","float","NO",""
"hotfixes","area_trigger","PosZ","float","float","NO",""
"hotfixes","area_trigger","ID","int unsigned","int","NO","PRI"
"hotfixes","area_trigger","ContinentID","smallint","smallint","NO",""
"hotfixes","area_trigger","PhaseUseFlags","tinyint","tinyint","NO",""
"hotfixes","area_trigger","PhaseID","smallint","smallint","NO",""
"hotfixes","area_trigger","PhaseGroupID","smallint","smallint","NO",""
"hotfixes","area_trigger","Radius","float","float","NO",""
"hotfixes","area_trigger","BoxLength","float","float","NO",""
"hotfixes","area_trigger","BoxWidth","float","float","NO",""
"hotfixes","area_trigger","BoxHeight","float","float","NO",""
"hotfixes","area_trigger","BoxYaw","float","float","NO",""
"hotfixes","area_trigger","ShapeType","tinyint","tinyint","NO",""
"hotfixes","area_trigger","ShapeID","smallint","smallint","NO",""
"hotfixes","area_trigger","AreaTriggerActionSetID","smallint","smallint","NO",""
"hotfixes","area_trigger","Flags","tinyint","tinyint","NO",""
"hotfixes","area_trigger","VerifiedBuild","int","int","NO","PRI"
"hotfixes","area_trigger_action_set","ID","int unsigned","int","NO","PRI"
"hotfixes","area_trigger_action_set","Flags","smallint","smallint","NO",""
"hotfixes","area_trigger_action_set","VerifiedBuild","int","int","NO","PRI"
"hotfixes","area_trigger_locale","ID","int unsigned","int","NO","PRI"
"hotfixes","area_trigger_locale","locale","varchar(4)","varchar","NO","PRI"
"hotfixes","area_trigger_locale","Message_lang","text","text","YES",""
"hotfixes","area_trigger_locale","VerifiedBuild","int","int","NO","PRI"
"hotfixes","armor_location","ID","int unsigned","int","NO","PRI"
"hotfixes","armor_location","Clothmodifier","float","float","NO",""
"hotfixes","armor_location","Leathermodifier","float","float","NO",""
"hotfixes","armor_location","Chainmodifier","float","float","NO",""
"hotfixes","armor_location","Platemodifier","float","float","NO",""
"hotfixes","armor_location","Modifier","float","float","NO",""
"hotfixes","armor_location","VerifiedBuild","int","int","NO","PRI"
"hotfixes","auction_house","ID","int unsigned","int","NO","PRI"
"hotfixes","auction_house","Name","text","text","YES",""
"hotfixes","auction_house","FactionID","smallint unsigned","smallint","NO",""
"hotfixes","auction_house","DepositRate","tinyint unsigned","tinyint","NO",""
"hotfixes","auction_house","ConsignmentRate","tinyint unsigned","tinyint","NO",""
"hotfixes","auction_house","VerifiedBuild","int","int","NO","PRI"
"hotfixes","auction_house_locale","ID","int unsigned","int","NO","PRI"
"hotfixes","auction_house_locale","locale","varchar(4)","varchar","NO","PRI"
"hotfixes","auction_house_locale","Name_lang","text","text","YES",""
"hotfixes","auction_house_locale","VerifiedBuild","int","int","NO","PRI"
"hotfixes","azerite_unlock_mapping","ID","int unsigned","int","NO","PRI"
"hotfixes","azerite_unlock_mapping","ItemLevel","int","int","NO",""
"hotfixes","azerite_unlock_mapping","ItemBonusListHead","int","int","NO",""
"hotfixes","azerite_unlock_mapping","ItemBonusListShoulders","int","int","NO",""
"hotfixes","azerite_unlock_mapping","ItemBonusListChest","int","int","NO",""
"hotfixes","azerite_unlock_mapping","AzeriteUnlockMappingSetID","int unsigned","int","NO",""
"hotfixes","azerite_unlock_mapping","VerifiedBuild","int","int","NO","PRI"
"hotfixes","bank_bag_slot_prices","ID","int unsigned","int","NO","PRI"
"hotfixes","bank_bag_slot_prices","Cost","int unsigned","int","NO",""
"hotfixes","bank_bag_slot_prices","VerifiedBuild","int","int","NO","PRI"
"hotfixes","banned_addons","ID","int unsigned","int","NO","PRI"
"hotfixes","banned_addons","Name","text","text","YES",""
"hotfixes","banned_addons","Version","text","text","YES",""
"hotfixes","banned_addons","Flags","tinyint unsigned","tinyint","NO",""
"hotfixes","banned_addons","VerifiedBuild","int","int","NO","PRI"
"hotfixes","barber_shop_style","DisplayName","text","text","YES",""
"hotfixes","barber_shop_style","Description","text","text","YES",""
"hotfixes","barber_shop_style","ID","int unsigned","int","NO","PRI"
"hotfixes","barber_shop_style","Type","tinyint unsigned","tinyint","NO",""
"hotfixes","barber_shop_style","CostModifier","float","float","NO",""
"hotfixes","barber_shop_style","Race","tinyint unsigned","tinyint","NO",""
"hotfixes","barber_shop_style","Sex","tinyint unsigned","tinyint","NO",""
"hotfixes","barber_shop_style","Data","tinyint unsigned","tinyint","NO",""
"hotfixes","barber_shop_style","VerifiedBuild","int","int","NO","PRI"
"hotfixes","barber_shop_style_locale","ID","int unsigned","int","NO","PRI"
"hotfixes","barber_shop_style_locale","locale","varchar(4)","varchar","NO","PRI"
"hotfixes","barber_shop_style_locale","DisplayName_lang","text","text","YES",""
"hotfixes","barber_shop_style_locale","Description_lang","text","text","YES",""
"hotfixes","barber_shop_style_locale","VerifiedBuild","int","int","NO","PRI"
"hotfixes","battle_pet_ability","ID","int unsigned","int","NO","PRI"
"hotfixes","battle_pet_ability","Name","text","text","YES",""
"hotfixes","battle_pet_ability","Description","text","text","YES",""
"hotfixes","battle_pet_ability","IconFileDataID","int","int","NO",""
"hotfixes","battle_pet_ability","PetTypeEnum","tinyint","tinyint","NO",""
"hotfixes","battle_pet_ability","Cooldown","int unsigned","int","NO",""
"hotfixes","battle_pet_ability","BattlePetVisualID","smallint unsigned","smallint","NO",""
"hotfixes","battle_pet_ability","Flags","tinyint unsigned","tinyint","NO",""
"hotfixes","battle_pet_ability","VerifiedBuild","int","int","NO","PRI"
"hotfixes","battle_pet_ability_locale","ID","int unsigned","int","NO","PRI"
"hotfixes","battle_pet_ability_locale","locale","varchar(4)","varchar","NO","PRI"
"hotfixes","battle_pet_ability_locale","Name_lang","text","text","YES",""
"hotfixes","battle_pet_ability_locale","Description_lang","text","text","YES",""
"hotfixes","battle_pet_ability_locale","VerifiedBuild","int","int","NO","PRI"
"hotfixes","battle_pet_breed_quality","ID","int unsigned","int","NO","PRI"
"hotfixes","battle_pet_breed_quality","StateMultiplier","float","float","NO",""
"hotfixes","battle_pet_breed_quality","QualityEnum","tinyint unsigned","tinyint","NO",""
"hotfixes","battle_pet_breed_quality","VerifiedBuild","int","int","NO","PRI"
"hotfixes","battle_pet_breed_state","ID","int unsigned","int","NO","PRI"
"hotfixes","battle_pet_breed_state","BattlePetStateID","tinyint unsigned","tinyint","NO",""
"hotfixes","battle_pet_breed_state","Value","smallint unsigned","smallint","NO",""
"hotfixes","battle_pet_breed_state","BattlePetBreedID","int unsigned","int","NO",""
"hotfixes","battle_pet_breed_state","VerifiedBuild","int","int","NO","PRI"
"hotfixes","battle_pet_species","Description","text","text","YES",""
"hotfixes","battle_pet_species","SourceText","text","text","YES",""
"hotfixes","battle_pet_species","ID","int unsigned","int","NO","PRI"
"hotfixes","battle_pet_species","CreatureID","int","int","NO",""
"hotfixes","battle_pet_species","SummonSpellID","int","int","NO",""
"hotfixes","battle_pet_species","IconFileDataID","int","int","NO",""
"hotfixes","battle_pet_species","PetTypeEnum","tinyint unsigned","tinyint","NO",""
"hotfixes","battle_pet_species","Flags","int","int","NO",""
"hotfixes","battle_pet_species","SourceTypeEnum","tinyint","tinyint","NO",""
"hotfixes","battle_pet_species","CardUIModelSceneID","int","int","NO",""
"hotfixes","battle_pet_species","LoadoutUIModelSceneID","int","int","NO",""
"hotfixes","battle_pet_species","VerifiedBuild","int","int","NO","PRI"
"hotfixes","battle_pet_species_locale","ID","int unsigned","int","NO","PRI"
"hotfixes","battle_pet_species_locale","locale","varchar(4)","varchar","NO","PRI"
"hotfixes","battle_pet_species_locale","Description_lang","text","text","YES",""
"hotfixes","battle_pet_species_locale","SourceText_lang","text","text","YES",""
"hotfixes","battle_pet_species_locale","VerifiedBuild","int","int","NO","PRI"
"hotfixes","battle_pet_species_state","ID","int unsigned","int","NO","PRI"
"hotfixes","battle_pet_species_state","BattlePetStateID","tinyint unsigned","tinyint","NO",""
"hotfixes","battle_pet_species_state","Value","int","int","NO",""
"hotfixes","battle_pet_species_state","BattlePetSpeciesID","int unsigned","int","NO",""
"hotfixes","battle_pet_species_state","VerifiedBuild","int","int","NO","PRI"
"hotfixes","battlemaster_list","ID","int unsigned","int","NO","PRI"
"hotfixes","battlemaster_list","Name","text","text","YES",""
"hotfixes","battlemaster_list","GameType","text","text","YES",""
"hotfixes","battlemaster_list","ShortDescription","text","text","YES",""
"hotfixes","battlemaster_list","LongDescription","text","text","YES",""
"hotfixes","battlemaster_list","InstanceType","tinyint","tinyint","NO",""
"hotfixes","battlemaster_list","MinLevel","tinyint","tinyint","NO",""
"hotfixes","battlemaster_list","MaxLevel","tinyint","tinyint","NO",""
"hotfixes","battlemaster_list","RatedPlayers","tinyint","tinyint","NO",""
"hotfixes","battlemaster_list","MinPlayers","tinyint","tinyint","NO",""
"hotfixes","battlemaster_list","MaxPlayers","int","int","NO",""
"hotfixes","battlemaster_list","GroupsAllowed","tinyint","tinyint","NO",""
"hotfixes","battlemaster_list","MaxGroupSize","tinyint","tinyint","NO",""
"hotfixes","battlemaster_list","HolidayWorldState","smallint","smallint","NO",""
"hotfixes","battlemaster_list","Flags","tinyint","tinyint","NO",""
"hotfixes","battlemaster_list","IconFileDataID","int","int","NO",""
"hotfixes","battlemaster_list","RequiredPlayerConditionID","int","int","NO",""
"hotfixes","battlemaster_list","MapID1","smallint","smallint","NO",""
"hotfixes","battlemaster_list","MapID2","smallint","smallint","NO",""
"hotfixes","battlemaster_list","MapID3","smallint","smallint","NO",""
"hotfixes","battlemaster_list","MapID4","smallint","smallint","NO",""
"hotfixes","battlemaster_list","MapID5","smallint","smallint","NO",""
"hotfixes","battlemaster_list","MapID6","smallint","smallint","NO",""
"hotfixes","battlemaster_list","MapID7","smallint","smallint","NO",""
"hotfixes","battlemaster_list","MapID8","smallint","smallint","NO",""
"hotfixes","battlemaster_list","MapID9","smallint","smallint","NO",""
"hotfixes","battlemaster_list","MapID10","smallint","smallint","NO",""
"hotfixes","battlemaster_list","MapID11","smallint","smallint","NO",""
"hotfixes","battlemaster_list","MapID12","smallint","smallint","NO",""
"hotfixes","battlemaster_list","MapID13","smallint","smallint","NO",""
"hotfixes","battlemaster_list","MapID14","smallint","smallint","NO",""
"hotfixes","battlemaster_list","MapID15","smallint","smallint","NO",""
"hotfixes","battlemaster_list","MapID16","smallint","smallint","NO",""
"hotfixes","battlemaster_list","VerifiedBuild","int","int","NO","PRI"
"hotfixes","battlemaster_list_locale","ID","int unsigned","int","NO","PRI"
"hotfixes","battlemaster_list_locale","locale","varchar(4)","varchar","NO","PRI"
"hotfixes","battlemaster_list_locale","Name_lang","text","text","YES",""
"hotfixes","battlemaster_list_locale","GameType_lang","text","text","YES",""
"hotfixes","battlemaster_list_locale","ShortDescription_lang","text","text","YES",""
"hotfixes","battlemaster_list_locale","LongDescription_lang","text","text","YES",""
"hotfixes","battlemaster_list_locale","VerifiedBuild","int","int","NO","PRI"
"hotfixes","broadcast_text","Text","text","text","YES",""
"hotfixes","broadcast_text","Text1","text","text","YES",""
"hotfixes","broadcast_text","ID","int unsigned","int","NO","PRI"
"hotfixes","broadcast_text","LanguageID","int","int","NO",""
"hotfixes","broadcast_text","ConditionID","int","int","NO",""
"hotfixes","broadcast_text","EmotesID","smallint unsigned","smallint","NO",""
"hotfixes","broadcast_text","Flags","tinyint unsigned","tinyint","NO",""
"hotfixes","broadcast_text","ChatBubbleDurationMs","int unsigned","int","NO",""
"hotfixes","broadcast_text","VoiceOverPriorityID","int","int","NO",""
"hotfixes","broadcast_text","SoundKitID1","int unsigned","int","NO",""
"hotfixes","broadcast_text","SoundKitID2","int unsigned","int","NO",""
"hotfixes","broadcast_text","EmoteID1","smallint unsigned","smallint","NO",""
"hotfixes","broadcast_text","EmoteID2","smallint unsigned","smallint","NO",""
"hotfixes","broadcast_text","EmoteID3","smallint unsigned","smallint","NO",""
"hotfixes","broadcast_text","EmoteDelay1","smallint unsigned","smallint","NO",""
"hotfixes","broadcast_text","EmoteDelay2","smallint unsigned","smallint","NO",""
"hotfixes","broadcast_text","EmoteDelay3","smallint unsigned","smallint","NO",""
"hotfixes","broadcast_text","VerifiedBuild","int","int","NO","PRI"
"hotfixes","broadcast_text_duration","ID","int unsigned","int","NO","PRI"
"hotfixes","broadcast_text_duration","BroadcastTextID","int","int","NO",""
"hotfixes","broadcast_text_duration","Locale","int","int","NO",""
"hotfixes","broadcast_text_duration","Duration","int","int","NO",""
"hotfixes","broadcast_text_duration","VerifiedBuild","int","int","NO","PRI"
"hotfixes","broadcast_text_locale","ID","int unsigned","int","NO","PRI"
"hotfixes","broadcast_text_locale","locale","varchar(4)","varchar","NO","PRI"
"hotfixes","broadcast_text_locale","Text_lang","text","text","YES",""
"hotfixes","broadcast_text_locale","Text1_lang","text","text","YES",""
"hotfixes","broadcast_text_locale","VerifiedBuild","int","int","NO","PRI"
"hotfixes","cfg_categories","ID","int unsigned","int","NO","PRI"
"hotfixes","cfg_categories","Name","text","text","YES",""
"hotfixes","cfg_categories","LocaleMask","smallint unsigned","smallint","NO",""
"hotfixes","cfg_categories","CreateCharsetMask","tinyint unsigned","tinyint","NO",""
"hotfixes","cfg_categories","ExistingCharsetMask","tinyint unsigned","tinyint","NO",""
"hotfixes","cfg_categories","Flags","tinyint unsigned","tinyint","NO",""
"hotfixes","cfg_categories","Order","tinyint","tinyint","NO",""
"hotfixes","cfg_categories","VerifiedBuild","int","int","NO","PRI"
"hotfixes","cfg_categories_locale","ID","int unsigned","int","NO","PRI"
"hotfixes","cfg_categories_locale","locale","varchar(4)","varchar","NO","PRI"
"hotfixes","cfg_categories_locale","Name_lang","text","text","YES",""
"hotfixes","cfg_categories_locale","VerifiedBuild","int","int","NO","PRI"
"hotfixes","cfg_regions","ID","int unsigned","int","NO","PRI"
"hotfixes","cfg_regions","Tag","text","text","YES",""
"hotfixes","cfg_regions","RegionID","smallint unsigned","smallint","NO",""
"hotfixes","cfg_regions","Raidorigin","int unsigned","int","NO",""
"hotfixes","cfg_regions","RegionGroupMask","tinyint unsigned","tinyint","NO",""
"hotfixes","cfg_regions","ChallengeOrigin","int unsigned","int","NO",""
"hotfixes","cfg_regions","VerifiedBuild","int","int","NO","PRI"
"hotfixes","challenge_mode_item_bonus_override","ID","int unsigned","int","NO","PRI"
"hotfixes","challenge_mode_item_bonus_override","ItemBonusTreeGroupID","int","int","NO",""
"hotfixes","challenge_mode_item_bonus_override","DstItemBonusTreeID","int","int","NO",""
"hotfixes","challenge_mode_item_bonus_override","Type","tinyint","tinyint","NO",""
"hotfixes","challenge_mode_item_bonus_override","Value","int","int","NO",""
"hotfixes","challenge_mode_item_bonus_override","MythicPlusSeasonID","int","int","NO",""
"hotfixes","challenge_mode_item_bonus_override","PvPSeasonID","int","int","NO",""
"hotfixes","challenge_mode_item_bonus_override","SrcItemBonusTreeID","int unsigned","int","NO",""
"hotfixes","challenge_mode_item_bonus_override","VerifiedBuild","int","int","NO","PRI"
"hotfixes","char_titles","ID","int unsigned","int","NO","PRI"
"hotfixes","char_titles","Name","text","text","YES",""
"hotfixes","char_titles","Name1","text","text","YES",""
"hotfixes","char_titles","MaskID","smallint","smallint","NO",""
"hotfixes","char_titles","Flags","tinyint","tinyint","NO",""
"hotfixes","char_titles","VerifiedBuild","int","int","NO","PRI"
"hotfixes","char_titles_locale","ID","int unsigned","int","NO","PRI"
"hotfixes","char_titles_locale","locale","varchar(4)","varchar","NO","PRI"
"hotfixes","char_titles_locale","Name_lang","text","text","YES",""
"hotfixes","char_titles_locale","Name1_lang","text","text","YES",""
"hotfixes","char_titles_locale","VerifiedBuild","int","int","NO","PRI"
"hotfixes","character_loadout","RaceMask","bigint","bigint","NO",""
"hotfixes","character_loadout","ID","int unsigned","int","NO","PRI"
"hotfixes","character_loadout","ChrClassID","tinyint","tinyint","NO",""
"hotfixes","character_loadout","Purpose","int","int","NO",""
"hotfixes","character_loadout","ItemContext","tinyint","tinyint","NO",""
"hotfixes","character_loadout","VerifiedBuild","int","int","NO","PRI"
"hotfixes","character_loadout_item","ID","int unsigned","int","NO","PRI"
"hotfixes","character_loadout_item","CharacterLoadoutID","smallint unsigned","smallint","NO",""
"hotfixes","character_loadout_item","ItemID","int unsigned","int","NO",""
"hotfixes","character_loadout_item","VerifiedBuild","int","int","NO","PRI"
"hotfixes","character_service_info","ID","int unsigned","int","NO","PRI"
"hotfixes","character_service_info","FlowTitleLang","text","text","YES",""
"hotfixes","character_service_info","PopupTitleLang","text","text","YES",""
"hotfixes","character_service_info","PopupDescriptionLang","text","text","YES",""
"hotfixes","character_service_info","ServiceType","int","int","NO",""
"hotfixes","character_service_info","BoostType","int","int","NO",""
"hotfixes","character_service_info","IconFileDataID","int","int","NO",""
"hotfixes","character_service_info","Priority","int","int","NO",""
"hotfixes","character_service_info","Flags","int unsigned","int","NO",""
"hotfixes","character_service_info","ProfessionLevel","int","int","NO",""
"hotfixes","character_service_info","BoostLevel","int","int","NO",""
"hotfixes","character_service_info","Expansion","int","int","NO",""
"hotfixes","character_service_info","PopupUITextureKitID","int","int","NO",""
"hotfixes","character_service_info","VerifiedBuild","int","int","NO","PRI"
"hotfixes","character_service_info_locale","ID","int unsigned","int","NO","PRI"
"hotfixes","character_service_info_locale","locale","varchar(4)","varchar","NO","PRI"
"hotfixes","character_service_info_locale","FlowTitleLang_lang","text","text","YES",""
"hotfixes","character_service_info_locale","PopupTitleLang_lang","text","text","YES",""
"hotfixes","character_service_info_locale","PopupDescriptionLang_lang","text","text","YES",""
"hotfixes","character_service_info_locale","VerifiedBuild","int","int","NO","PRI"
"hotfixes","chat_channels","Name","text","text","YES",""
"hotfixes","chat_channels","Shortcut","text","text","YES",""
"hotfixes","chat_channels","ID","int unsigned","int","NO","PRI"
"hotfixes","chat_channels","Flags","int","int","NO",""
"hotfixes","chat_channels","FactionGroup","tinyint","tinyint","NO",""
"hotfixes","chat_channels","Ruleset","int","int","NO",""
"hotfixes","chat_channels","VerifiedBuild","int","int","NO","PRI"
"hotfixes","chat_channels_locale","ID","int unsigned","int","NO","PRI"
"hotfixes","chat_channels_locale","locale","varchar(4)","varchar","NO","PRI"
"hotfixes","chat_channels_locale","Name_lang","text","text","YES",""
"hotfixes","chat_channels_locale","Shortcut_lang","text","text","YES",""
"hotfixes","chat_channels_locale","VerifiedBuild","int","int","NO","PRI"
"hotfixes","chr_class_ui_display","ID","int unsigned","int","NO","PRI"
"hotfixes","chr_class_ui_display","ChrClassesID","tinyint unsigned","tinyint","NO",""
"hotfixes","chr_class_ui_display","AdvGuidePlayerConditionID","int unsigned","int","NO",""
"hotfixes","chr_class_ui_display","SplashPlayerConditionID","int unsigned","int","NO",""
"hotfixes","chr_class_ui_display","VerifiedBuild","int","int","NO","PRI"
"hotfixes","chr_classes","Name","text","text","YES",""
"hotfixes","chr_classes","Filename","text","text","YES",""
"hotfixes","chr_classes","NameMale","text","text","YES",""
"hotfixes","chr_classes","NameFemale","text","text","YES",""
"hotfixes","chr_classes","PetNameToken","text","text","YES",""
"hotfixes","chr_classes","ID","int unsigned","int","NO","PRI"
"hotfixes","chr_classes","CreateScreenFileDataID","int unsigned","int","NO",""
"hotfixes","chr_classes","SelectScreenFileDataID","int unsigned","int","NO",""
"hotfixes","chr_classes","IconFileDataID","int unsigned","int","NO",""
"hotfixes","chr_classes","LowResScreenFileDataID","int unsigned","int","NO",""
"hotfixes","chr_classes","Flags","int","int","NO",""
"hotfixes","chr_classes","StartingLevel","int","int","NO",""
"hotfixes","chr_classes","ArmorTypeMask","int unsigned","int","NO",""
"hotfixes","chr_classes","CinematicSequenceID","smallint unsigned","smallint","NO",""
"hotfixes","chr_classes","DefaultSpec","smallint unsigned","smallint","NO",""
"hotfixes","chr_classes","HasStrengthAttackBonus","tinyint unsigned","tinyint","NO",""
"hotfixes","chr_classes","PrimaryStatPriority","tinyint unsigned","tinyint","NO",""
"hotfixes","chr_classes","DisplayPower","tinyint unsigned","tinyint","NO",""
"hotfixes","chr_classes","RangedAttackPowerPerAgility","tinyint unsigned","tinyint","NO",""
"hotfixes","chr_classes","AttackPowerPerAgility","tinyint unsigned","tinyint","NO",""
"hotfixes","chr_classes","AttackPowerPerStrength","tinyint unsigned","tinyint","NO",""
"hotfixes","chr_classes","SpellClassSet","tinyint unsigned","tinyint","NO",""
"hotfixes","chr_classes","RolesMask","tinyint unsigned","tinyint","NO",""
"hotfixes","chr_classes","DamageBonusStat","tinyint unsigned","tinyint","NO",""
"hotfixes","chr_classes","HasRelicSlot","tinyint unsigned","tinyint","NO",""
"hotfixes","chr_classes","VerifiedBuild","int","int","NO","PRI"
"hotfixes","chr_classes_locale","ID","int unsigned","int","NO","PRI"
"hotfixes","chr_classes_locale","locale","varchar(4)","varchar","NO","PRI"
"hotfixes","chr_classes_locale","Name_lang","text","text","YES",""
"hotfixes","chr_classes_locale","NameMale_lang","text","text","YES",""
"hotfixes","chr_classes_locale","NameFemale_lang","text","text","YES",""
"hotfixes","chr_classes_locale","VerifiedBuild","int","int","NO","PRI"
"hotfixes","chr_classes_x_power_types","ID","int unsigned","int","NO","PRI"
"hotfixes","chr_classes_x_power_types","PowerType","tinyint","tinyint","NO",""
"hotfixes","chr_classes_x_power_types","ClassID","int unsigned","int","NO",""
"hotfixes","chr_classes_x_power_types","VerifiedBuild","int","int","NO","PRI"
"hotfixes","chr_customization_choice","Name","text","text","YES",""
"hotfixes","chr_customization_choice","ID","int unsigned","int","NO","PRI"
"hotfixes","chr_customization_choice","ChrCustomizationOptionID","int","int","NO",""
"hotfixes","chr_customization_choice","ChrCustomizationReqID","int","int","NO",""
"hotfixes","chr_customization_choice","ChrCustomizationVisReqID","int","int","NO",""
"hotfixes","chr_customization_choice","SortOrder","smallint unsigned","smallint","NO",""
"hotfixes","chr_customization_choice","UiOrderIndex","smallint unsigned","smallint","NO",""
"hotfixes","chr_customization_choice","Flags","int","int","NO",""
"hotfixes","chr_customization_choice","AddedInPatch","int","int","NO",""
"hotfixes","chr_customization_choice","SoundKitID","int","int","NO",""
"hotfixes","chr_customization_choice","SwatchColor1","int","int","NO",""
"hotfixes","chr_customization_choice","SwatchColor2","int","int","NO",""
"hotfixes","chr_customization_choice","VerifiedBuild","int","int","NO","PRI"
"hotfixes","chr_customization_choice_locale","ID","int unsigned","int","NO","PRI"
"hotfixes","chr_customization_choice_locale","locale","varchar(4)","varchar","NO","PRI"
"hotfixes","chr_customization_choice_locale","Name_lang","text","text","YES",""
"hotfixes","chr_customization_choice_locale","VerifiedBuild","int","int","NO","PRI"
"hotfixes","chr_customization_display_info","ID","int unsigned","int","NO","PRI"
"hotfixes","chr_customization_display_info","ShapeshiftFormID","int","int","NO",""
"hotfixes","chr_customization_display_info","DisplayID","int","int","NO",""
"hotfixes","chr_customization_display_info","BarberShopMinCameraDistance","float","float","NO",""
"hotfixes","chr_customization_display_info","BarberShopHeightOffset","float","float","NO",""
"hotfixes","chr_customization_display_info","VerifiedBuild","int","int","NO","PRI"
"hotfixes","chr_customization_element","ID","int unsigned","int","NO","PRI"
"hotfixes","chr_customization_element","ChrCustomizationChoiceID","int","int","NO",""
"hotfixes","chr_customization_element","RelatedChrCustomizationChoiceID","int","int","NO",""
"hotfixes","chr_customization_element","ChrCustomizationGeosetID","int","int","NO",""
"hotfixes","chr_customization_element","ChrCustomizationSkinnedModelID","int","int","NO",""
"hotfixes","chr_customization_element","ChrCustomizationMaterialID","int","int","NO",""
"hotfixes","chr_customization_element","ChrCustomizationBoneSetID","int","int","NO",""
"hotfixes","chr_customization_element","ChrCustomizationCondModelID","int","int","NO",""
"hotfixes","chr_customization_element","ChrCustomizationDisplayInfoID","int","int","NO",""
"hotfixes","chr_customization_element","ChrCustItemGeoModifyID","int","int","NO",""
"hotfixes","chr_customization_element","ChrCustomizationVoiceID","int","int","NO",""
"hotfixes","chr_customization_element","AnimKitID","int","int","NO",""
"hotfixes","chr_customization_element","ParticleColorID","int","int","NO",""
"hotfixes","chr_customization_element","VerifiedBuild","int","int","NO","PRI"
"hotfixes","chr_customization_option","Name","text","text","YES",""
"hotfixes","chr_customization_option","ID","int unsigned","int","NO","PRI"
"hotfixes","chr_customization_option","SecondaryID","smallint unsigned","smallint","NO",""
"hotfixes","chr_customization_option","Flags","int","int","NO",""
"hotfixes","chr_customization_option","ChrModelID","int","int","NO",""
"hotfixes","chr_customization_option","SortIndex","int","int","NO",""
"hotfixes","chr_customization_option","ChrCustomizationCategoryID","int","int","NO",""
"hotfixes","chr_customization_option","OptionType","int","int","NO",""
"hotfixes","chr_customization_option","BarberShopCostModifier","float","float","NO",""
"hotfixes","chr_customization_option","ChrCustomizationID","int","int","NO",""
"hotfixes","chr_customization_option","ChrCustomizationReqID","int","int","NO",""
"hotfixes","chr_customization_option","UiOrderIndex","int","int","NO",""
"hotfixes","chr_customization_option","VerifiedBuild","int","int","NO","PRI"
"hotfixes","chr_customization_option_locale","ID","int unsigned","int","NO","PRI"
"hotfixes","chr_customization_option_locale","locale","varchar(4)","varchar","NO","PRI"
"hotfixes","chr_customization_option_locale","Name_lang","text","text","YES",""
"hotfixes","chr_customization_option_locale","VerifiedBuild","int","int","NO","PRI"
"hotfixes","chr_customization_req","RaceMask","bigint","bigint","NO",""
"hotfixes","chr_customization_req","ReqSource","text","text","YES",""
"hotfixes","chr_customization_req","ID","int unsigned","int","NO","PRI"
"hotfixes","chr_customization_req","Flags","int","int","NO",""
"hotfixes","chr_customization_req","ClassMask","int","int","NO",""
"hotfixes","chr_customization_req","AchievementID","int","int","NO",""
"hotfixes","chr_customization_req","QuestID","int","int","NO",""
"hotfixes","chr_customization_req","OverrideArchive","int","int","NO",""
"hotfixes","chr_customization_req","ItemModifiedAppearanceID","int","int","NO",""
"hotfixes","chr_customization_req","VerifiedBuild","int","int","NO","PRI"
"hotfixes","chr_customization_req_choice","ID","int unsigned","int","NO","PRI"
"hotfixes","chr_customization_req_choice","ChrCustomizationChoiceID","int","int","NO",""
"hotfixes","chr_customization_req_choice","ChrCustomizationReqID","int unsigned","int","NO",""
"hotfixes","chr_customization_req_choice","VerifiedBuild","int","int","NO","PRI"
"hotfixes","chr_customization_req_locale","ID","int unsigned","int","NO","PRI"
"hotfixes","chr_customization_req_locale","locale","varchar(4)","varchar","NO","PRI"
"hotfixes","chr_customization_req_locale","ReqSource_lang","text","text","YES",""
"hotfixes","chr_customization_req_locale","VerifiedBuild","int","int","NO","PRI"
"hotfixes","chr_model","FaceCustomizationOffset1","float","float","NO",""
"hotfixes","chr_model","FaceCustomizationOffset2","float","float","NO",""
"hotfixes","chr_model","FaceCustomizationOffset3","float","float","NO",""
"hotfixes","chr_model","CustomizeOffset1","float","float","NO",""
"hotfixes","chr_model","CustomizeOffset2","float","float","NO",""
"hotfixes","chr_model","CustomizeOffset3","float","float","NO",""
"hotfixes","chr_model","ID","int unsigned","int","NO","PRI"
"hotfixes","chr_model","Sex","tinyint","tinyint","NO",""
"hotfixes","chr_model","DisplayID","int","int","NO",""
"hotfixes","chr_model","CharComponentTextureLayoutID","int","int","NO",""
"hotfixes","chr_model","Flags","int","int","NO",""
"hotfixes","chr_model","SkeletonFileDataID","int","int","NO",""
"hotfixes","chr_model","ModelFallbackChrModelID","int","int","NO",""
"hotfixes","chr_model","TextureFallbackChrModelID","int","int","NO",""
"hotfixes","chr_model","HelmVisFallbackChrModelID","int","int","NO",""
"hotfixes","chr_model","CustomizeScale","float","float","NO",""
"hotfixes","chr_model","CustomizeFacing","float","float","NO",""
"hotfixes","chr_model","CameraDistanceOffset","float","float","NO",""
"hotfixes","chr_model","BarberShopCameraOffsetScale","float","float","NO",""
"hotfixes","chr_model","BarberShopCameraHeightOffsetScale","float","float","NO",""
"hotfixes","chr_model","BarberShopCameraRotationOffset","float","float","NO",""
"hotfixes","chr_model","VerifiedBuild","int","int","NO","PRI"
"hotfixes","chr_race_x_chr_model","ID","int unsigned","int","NO","PRI"
"hotfixes","chr_race_x_chr_model","ChrRacesID","int","int","NO",""
"hotfixes","chr_race_x_chr_model","ChrModelID","int","int","NO",""
"hotfixes","chr_race_x_chr_model","Sex","int","int","NO",""
"hotfixes","chr_race_x_chr_model","AllowedTransmogSlots","int","int","NO",""
"hotfixes","chr_race_x_chr_model","VerifiedBuild","int","int","NO","PRI"
"hotfixes","chr_races","ID","int unsigned","int","NO","PRI"
"hotfixes","chr_races","ClientPrefix","text","text","YES",""
"hotfixes","chr_races","ClientFileString","text","text","YES",""
"hotfixes","chr_races","Name","text","text","YES",""
"hotfixes","chr_races","NameFemale","text","text","YES",""
"hotfixes","chr_races","NameLowercase","text","text","YES",""
"hotfixes","chr_races","NameFemaleLowercase","text","text","YES",""
"hotfixes","chr_races","LoreName","text","text","YES",""
"hotfixes","chr_races","LoreNameFemale","text","text","YES",""
"hotfixes","chr_races","LoreNameLower","text","text","YES",""
"hotfixes","chr_races","LoreNameLowerFemale","text","text","YES",""
"hotfixes","chr_races","LoreDescription","text","text","YES",""
"hotfixes","chr_races","ShortName","text","text","YES",""
"hotfixes","chr_races","ShortNameFemale","text","text","YES",""
"hotfixes","chr_races","ShortNameLower","text","text","YES",""
"hotfixes","chr_races","ShortNameLowerFemale","text","text","YES",""
"hotfixes","chr_races","Flags","int","int","NO",""
"hotfixes","chr_races","MaleDisplayID","int unsigned","int","NO",""
"hotfixes","chr_races","FemaleDisplayID","int unsigned","int","NO",""
"hotfixes","chr_races","HighResMaleDisplayID","int unsigned","int","NO",""
"hotfixes","chr_races","HighResFemaleDisplayID","int unsigned","int","NO",""
"hotfixes","chr_races","ResSicknessSpellID","int","int","NO",""
"hotfixes","chr_races","SplashSoundID","int","int","NO",""
"hotfixes","chr_races","CreateScreenFileDataID","int","int","NO",""
"hotfixes","chr_races","SelectScreenFileDataID","int","int","NO",""
"hotfixes","chr_races","LowResScreenFileDataID","int","int","NO",""
"hotfixes","chr_races","AlteredFormStartVisualKitID1","int unsigned","int","NO",""
"hotfixes","chr_races","AlteredFormStartVisualKitID2","int unsigned","int","NO",""
"hotfixes","chr_races","AlteredFormStartVisualKitID3","int unsigned","int","NO",""
"hotfixes","chr_races","AlteredFormFinishVisualKitID1","int unsigned","int","NO",""
"hotfixes","chr_races","AlteredFormFinishVisualKitID2","int unsigned","int","NO",""
"hotfixes","chr_races","AlteredFormFinishVisualKitID3","int unsigned","int","NO",""
"hotfixes","chr_races","HeritageArmorAchievementID","int","int","NO",""
"hotfixes","chr_races","StartingLevel","int","int","NO",""
"hotfixes","chr_races","UiDisplayOrder","int","int","NO",""
"hotfixes","chr_races","PlayableRaceBit","int","int","NO",""
"hotfixes","chr_races","FemaleSkeletonFileDataID","int","int","NO",""
"hotfixes","chr_races","MaleSkeletonFileDataID","int","int","NO",""
"hotfixes","chr_races","HelmetAnimScalingRaceID","int","int","NO",""
"hotfixes","chr_races","TransmogrifyDisabledSlotMask","int","int","NO",""
"hotfixes","chr_races","AlteredFormCustomizeOffsetFallback1","float","float","NO",""
"hotfixes","chr_races","AlteredFormCustomizeOffsetFallback2","float","float","NO",""
"hotfixes","chr_races","AlteredFormCustomizeOffsetFallback3","float","float","NO",""
"hotfixes","chr_races","AlteredFormCustomizeRotationFallback","float","float","NO",""
"hotfixes","chr_races","Unknown910_11","float","float","NO",""
"hotfixes","chr_races","Unknown910_12","float","float","NO",""
"hotfixes","chr_races","Unknown910_13","float","float","NO",""
"hotfixes","chr_races","Unknown910_21","float","float","NO",""
"hotfixes","chr_races","Unknown910_22","float","float","NO",""
"hotfixes","chr_races","Unknown910_23","float","float","NO",""
"hotfixes","chr_races","FactionID","smallint","smallint","NO",""
"hotfixes","chr_races","CinematicSequenceID","smallint","smallint","NO",""
"hotfixes","chr_races","BaseLanguage","tinyint","tinyint","NO",""
"hotfixes","chr_races","CreatureType","tinyint","tinyint","NO",""
"hotfixes","chr_races","Alliance","tinyint","tinyint","NO",""
"hotfixes","chr_races","RaceRelated","tinyint","tinyint","NO",""
"hotfixes","chr_races","UnalteredVisualRaceID","tinyint","tinyint","NO",""
"hotfixes","chr_races","DefaultClassID","tinyint","tinyint","NO",""
"hotfixes","chr_races","NeutralRaceID","tinyint","tinyint","NO",""
"hotfixes","chr_races","MaleModelFallbackRaceID","tinyint","tinyint","NO",""
"hotfixes","chr_races","MaleModelFallbackSex","tinyint","tinyint","NO",""
"hotfixes","chr_races","FemaleModelFallbackRaceID","tinyint","tinyint","NO",""
"hotfixes","chr_races","FemaleModelFallbackSex","tinyint","tinyint","NO",""
"hotfixes","chr_races","MaleTextureFallbackRaceID","tinyint","tinyint","NO",""
"hotfixes","chr_races","MaleTextureFallbackSex","tinyint","tinyint","NO",""
"hotfixes","chr_races","FemaleTextureFallbackRaceID","tinyint","tinyint","NO",""
"hotfixes","chr_races","FemaleTextureFallbackSex","tinyint","tinyint","NO",""
"hotfixes","chr_races","UnalteredVisualCustomizationRaceID","tinyint","tinyint","NO",""
"hotfixes","chr_races","VerifiedBuild","int","int","NO","PRI"
"hotfixes","chr_races_locale","ID","int unsigned","int","NO","PRI"
"hotfixes","chr_races_locale","locale","varchar(4)","varchar","NO","PRI"
"hotfixes","chr_races_locale","Name_lang","text","text","YES",""
"hotfixes","chr_races_locale","NameFemale_lang","text","text","YES",""
"hotfixes","chr_races_locale","NameLowercase_lang","text","text","YES",""
"hotfixes","chr_races_locale","NameFemaleLowercase_lang","text","text","YES",""
"hotfixes","chr_races_locale","LoreName_lang","text","text","YES",""
"hotfixes","chr_races_locale","LoreNameFemale_lang","text","text","YES",""
"hotfixes","chr_races_locale","LoreNameLower_lang","text","text","YES",""
"hotfixes","chr_races_locale","LoreNameLowerFemale_lang","text","text","YES",""
"hotfixes","chr_races_locale","LoreDescription_lang","text","text","YES",""
"hotfixes","chr_races_locale","ShortName_lang","text","text","YES",""
"hotfixes","chr_races_locale","ShortNameFemale_lang","text","text","YES",""
"hotfixes","chr_races_locale","ShortNameLower_lang","text","text","YES",""
"hotfixes","chr_races_locale","ShortNameLowerFemale_lang","text","text","YES",""
"hotfixes","chr_races_locale","VerifiedBuild","int","int","NO","PRI"
"hotfixes","chr_specialization","Name","text","text","YES",""
"hotfixes","chr_specialization","FemaleName","text","text","YES",""
"hotfixes","chr_specialization","Description","text","text","YES",""
"hotfixes","chr_specialization","ID","int unsigned","int","NO","PRI"
"hotfixes","chr_specialization","ClassID","tinyint unsigned","tinyint","NO",""
"hotfixes","chr_specialization","OrderIndex","tinyint","tinyint","NO",""
"hotfixes","chr_specialization","PetTalentType","tinyint","tinyint","NO",""
"hotfixes","chr_specialization","Role","tinyint","tinyint","NO",""
"hotfixes","chr_specialization","Flags","int unsigned","int","NO",""
"hotfixes","chr_specialization","SpellIconFileID","int","int","NO",""
"hotfixes","chr_specialization","PrimaryStatPriority","tinyint","tinyint","NO",""
"hotfixes","chr_specialization","AnimReplacements","int","int","NO",""
"hotfixes","chr_specialization","MasterySpellID1","int","int","NO",""
"hotfixes","chr_specialization","MasterySpellID2","int","int","NO",""
"hotfixes","chr_specialization","VerifiedBuild","int","int","NO","PRI"
"hotfixes","chr_specialization_locale","ID","int unsigned","int","NO","PRI"
"hotfixes","chr_specialization_locale","locale","varchar(4)","varchar","NO","PRI"
"hotfixes","chr_specialization_locale","Name_lang","text","text","YES",""
"hotfixes","chr_specialization_locale","FemaleName_lang","text","text","YES",""
"hotfixes","chr_specialization_locale","Description_lang","text","text","YES",""
"hotfixes","chr_specialization_locale","VerifiedBuild","int","int","NO","PRI"
"hotfixes","cinematic_camera","ID","int unsigned","int","NO","PRI"
"hotfixes","cinematic_camera","OriginX","float","float","NO",""
"hotfixes","cinematic_camera","OriginY","float","float","NO",""
"hotfixes","cinematic_camera","OriginZ","float","float","NO",""
"hotfixes","cinematic_camera","SoundID","int unsigned","int","NO",""
"hotfixes","cinematic_camera","OriginFacing","float","float","NO",""
"hotfixes","cinematic_camera","FileDataID","int unsigned","int","NO",""
"hotfixes","cinematic_camera","VerifiedBuild","int","int","NO","PRI"
"hotfixes","cinematic_sequences","ID","int unsigned","int","NO","PRI"
"hotfixes","cinematic_sequences","SoundID","int unsigned","int","NO",""
"hotfixes","cinematic_sequences","Camera1","smallint unsigned","smallint","NO",""
"hotfixes","cinematic_sequences","Camera2","smallint unsigned","smallint","NO",""
"hotfixes","cinematic_sequences","Camera3","smallint unsigned","smallint","NO",""
"hotfixes","cinematic_sequences","Camera4","smallint unsigned","smallint","NO",""
"hotfixes","cinematic_sequences","Camera5","smallint unsigned","smallint","NO",""
"hotfixes","cinematic_sequences","Camera6","smallint unsigned","smallint","NO",""
"hotfixes","cinematic_sequences","Camera7","smallint unsigned","smallint","NO",""
"hotfixes","cinematic_sequences","Camera8","smallint unsigned","smallint","NO",""
"hotfixes","cinematic_sequences","VerifiedBuild","int","int","NO","PRI"
"hotfixes","conditional_chr_model","ID","int","int","NO","PRI"
"hotfixes","conditional_chr_model","ChrModelID","int unsigned","int","NO",""
"hotfixes","conditional_chr_model","ChrCustomizationReqID","int","int","NO",""
"hotfixes","conditional_chr_model","PlayerConditionID","int","int","NO",""
"hotfixes","conditional_chr_model","Flags","int","int","NO",""
"hotfixes","conditional_chr_model","ChrCustomizationCategoryID","int","int","NO",""
"hotfixes","conditional_chr_model","VerifiedBuild","int","int","NO","PRI"
"hotfixes","conditional_content_tuning","ID","int unsigned","int","NO","PRI"
"hotfixes","conditional_content_tuning","OrderIndex","int","int","NO",""
"hotfixes","conditional_content_tuning","RedirectContentTuningID","int","int","NO",""
"hotfixes","conditional_content_tuning","RedirectFlag","int","int","NO",""
"hotfixes","conditional_content_tuning","ParentContentTuningID","int unsigned","int","NO",""
"hotfixes","conditional_content_tuning","VerifiedBuild","int","int","NO","PRI"
"hotfixes","content_tuning","ID","int unsigned","int","NO","PRI"
"hotfixes","content_tuning","MinLevel","int","int","NO",""
"hotfixes","content_tuning","MaxLevel","int","int","NO",""
"hotfixes","content_tuning","Flags","int","int","NO",""
"hotfixes","content_tuning","ExpectedStatModID","int","int","NO",""
"hotfixes","content_tuning","DifficultyESMID","int","int","NO",""
"hotfixes","content_tuning","VerifiedBuild","int","int","NO","PRI"
"hotfixes","content_tuning_x_expected","ID","int unsigned","int","NO","PRI"
"hotfixes","content_tuning_x_expected","ExpectedStatModID","int","int","NO",""
"hotfixes","content_tuning_x_expected","MinMythicPlusSeasonID","int","int","NO",""
"hotfixes","content_tuning_x_expected","MaxMythicPlusSeasonID","int","int","NO",""
"hotfixes","content_tuning_x_expected","ContentTuningID","int unsigned","int","NO",""
"hotfixes","content_tuning_x_expected","VerifiedBuild","int","int","NO","PRI"
"hotfixes","content_tuning_x_label","ID","int unsigned","int","NO","PRI"
"hotfixes","content_tuning_x_label","LabelID","int","int","NO",""
"hotfixes","content_tuning_x_label","ContentTuningID","int unsigned","int","NO",""
"hotfixes","content_tuning_x_label","VerifiedBuild","int","int","NO","PRI"
"hotfixes","conversation_line","ID","int unsigned","int","NO","PRI"
"hotfixes","conversation_line","BroadcastTextID","int unsigned","int","NO",""
"hotfixes","conversation_line","SpellVisualKitID","int unsigned","int","NO",""
"hotfixes","conversation_line","AdditionalDuration","int","int","NO",""
"hotfixes","conversation_line","NextConversationLineID","smallint unsigned","smallint","NO",""
"hotfixes","conversation_line","AnimKitID","smallint unsigned","smallint","NO",""
"hotfixes","conversation_line","SpeechType","tinyint unsigned","tinyint","NO",""
"hotfixes","conversation_line","StartAnimation","tinyint unsigned","tinyint","NO",""
"hotfixes","conversation_line","EndAnimation","tinyint unsigned","tinyint","NO",""
"hotfixes","conversation_line","VerifiedBuild","int","int","NO","PRI"
"hotfixes","corruption_effects","ID","int unsigned","int","NO","PRI"
"hotfixes","corruption_effects","MinCorruption","float","float","NO",""
"hotfixes","corruption_effects","Aura","int","int","NO",""
"hotfixes","corruption_effects","PlayerConditionID","int","int","NO",""
"hotfixes","corruption_effects","Flags","int","int","NO",""
"hotfixes","corruption_effects","VerifiedBuild","int","int","NO","PRI"
"hotfixes","creature","ID","mediumint unsigned","mediumint","NO","PRI"
"hotfixes","creature","ItemID1","mediumint unsigned","mediumint","NO",""
"hotfixes","creature","ItemID2","mediumint unsigned","mediumint","NO",""
"hotfixes","creature","ItemID3","mediumint unsigned","mediumint","NO",""
"hotfixes","creature","Mount","mediumint unsigned","mediumint","NO",""
"hotfixes","creature","DisplayID1","mediumint unsigned","mediumint","NO",""
"hotfixes","creature","DisplayID2","mediumint unsigned","mediumint","NO",""
"hotfixes","creature","DisplayID3","mediumint unsigned","mediumint","NO",""
"hotfixes","creature","DisplayID4","mediumint unsigned","mediumint","NO",""
"hotfixes","creature","DisplayIDProbability1","float","float","NO",""
"hotfixes","creature","DisplayIDProbability2","float","float","NO",""
"hotfixes","creature","DisplayIDProbability3","float","float","NO",""
"hotfixes","creature","DisplayIDProbability4","float","float","NO",""
"hotfixes","creature","Name","mediumtext","mediumtext","NO",""
"hotfixes","creature","FemaleName","mediumtext","mediumtext","NO",""
"hotfixes","creature","SubName","mediumtext","mediumtext","NO",""
"hotfixes","creature","FemaleSubName","mediumtext","mediumtext","NO",""
"hotfixes","creature","Type","mediumint unsigned","mediumint","NO",""
"hotfixes","creature","Family","tinyint unsigned","tinyint","NO",""
"hotfixes","creature","Classification","tinyint unsigned","tinyint","NO",""
"hotfixes","creature","InhabitType","tinyint unsigned","tinyint","NO",""
"hotfixes","creature","VerifiedBuild","int","int","NO",""
"hotfixes","creature_difficulty","ID","mediumint unsigned","mediumint","NO","PRI"
"hotfixes","creature_difficulty","CreatureID","mediumint unsigned","mediumint","NO",""
"hotfixes","creature_difficulty","Flags1","int unsigned","int","NO",""
"hotfixes","creature_difficulty","Flags2","int unsigned","int","NO",""
"hotfixes","creature_difficulty","Flags3","int unsigned","int","NO",""
"hotfixes","creature_difficulty","Flags4","int unsigned","int","NO",""
"hotfixes","creature_difficulty","Flags5","int unsigned","int","NO",""
"hotfixes","creature_difficulty","Flags6","int unsigned","int","NO",""
"hotfixes","creature_difficulty","Flags7","int unsigned","int","NO",""
"hotfixes","creature_difficulty","FactionTemplateID","smallint unsigned","smallint","NO",""
"hotfixes","creature_difficulty","Expansion","tinyint","tinyint","NO",""
"hotfixes","creature_difficulty","MinLevel","tinyint","tinyint","NO",""
"hotfixes","creature_difficulty","MaxLevel","tinyint","tinyint","NO",""
"hotfixes","creature_difficulty","VerifiedBuild","int","int","NO",""
"hotfixes","creature_display_info","ID","int unsigned","int","NO","PRI"
"hotfixes","creature_display_info","ModelID","smallint unsigned","smallint","NO",""
"hotfixes","creature_display_info","SoundID","smallint unsigned","smallint","NO",""
"hotfixes","creature_display_info","SizeClass","tinyint","tinyint","NO",""
"hotfixes","creature_display_info","CreatureModelScale","float","float","NO",""
"hotfixes","creature_display_info","CreatureModelAlpha","tinyint unsigned","tinyint","NO",""
"hotfixes","creature_display_info","BloodID","tinyint unsigned","tinyint","NO",""
"hotfixes","creature_display_info","ExtendedDisplayInfoID","int","int","NO",""
"hotfixes","creature_display_info","NPCSoundID","smallint unsigned","smallint","NO",""
"hotfixes","creature_display_info","ParticleColorID","smallint unsigned","smallint","NO",""
"hotfixes","creature_display_info","PortraitCreatureDisplayInfoID","int","int","NO",""
"hotfixes","creature_display_info","PortraitTextureFileDataID","int","int","NO",""
"hotfixes","creature_display_info","ObjectEffectPackageID","smallint unsigned","smallint","NO",""
"hotfixes","creature_display_info","AnimReplacementSetID","smallint unsigned","smallint","NO",""
"hotfixes","creature_display_info","Flags","tinyint unsigned","tinyint","NO",""
"hotfixes","creature_display_info","StateSpellVisualKitID","int","int","NO",""
"hotfixes","creature_display_info","PlayerOverrideScale","float","float","NO",""
"hotfixes","creature_display_info","PetInstanceScale","float","float","NO",""
"hotfixes","creature_display_info","UnarmedWeaponType","tinyint","tinyint","NO",""
"hotfixes","creature_display_info","MountPoofSpellVisualKitID","int","int","NO",""
"hotfixes","creature_display_info","DissolveEffectID","int","int","NO",""
"hotfixes","creature_display_info","Gender","tinyint","tinyint","NO",""
"hotfixes","creature_display_info","DissolveOutEffectID","int","int","NO",""
"hotfixes","creature_display_info","CreatureModelMinLod","tinyint","tinyint","NO",""
"hotfixes","creature_display_info","TextureVariationFileDataID1","int","int","NO",""
"hotfixes","creature_display_info","TextureVariationFileDataID2","int","int","NO",""
"hotfixes","creature_display_info","TextureVariationFileDataID3","int","int","NO",""
"hotfixes","creature_display_info","TextureVariationFileDataID4","int","int","NO",""
"hotfixes","creature_display_info","VerifiedBuild","int","int","NO","PRI"
"hotfixes","creature_display_info_extra","ID","int unsigned","int","NO","PRI"
"hotfixes","creature_display_info_extra","DisplayRaceID","tinyint","tinyint","NO",""
"hotfixes","creature_display_info_extra","DisplaySexID","tinyint","tinyint","NO",""
"hotfixes","creature_display_info_extra","DisplayClassID","tinyint","tinyint","NO",""
"hotfixes","creature_display_info_extra","SkinID","tinyint","tinyint","NO",""
"hotfixes","creature_display_info_extra","FaceID","tinyint","tinyint","NO",""
"hotfixes","creature_display_info_extra","HairStyleID","tinyint","tinyint","NO",""
"hotfixes","creature_display_info_extra","HairColorID","tinyint","tinyint","NO",""
"hotfixes","creature_display_info_extra","FacialHairID","tinyint","tinyint","NO",""
"hotfixes","creature_display_info_extra","Flags","tinyint","tinyint","NO",""
"hotfixes","creature_display_info_extra","BakeMaterialResourcesID","int","int","NO",""
"hotfixes","creature_display_info_extra","HDBakeMaterialResourcesID","int","int","NO",""
"hotfixes","creature_display_info_extra","CustomDisplayOption1","tinyint unsigned","tinyint","NO",""
"hotfixes","creature_display_info_extra","CustomDisplayOption2","tinyint unsigned","tinyint","NO",""
"hotfixes","creature_display_info_extra","CustomDisplayOption3","tinyint unsigned","tinyint","NO",""
"hotfixes","creature_display_info_extra","VerifiedBuild","int","int","NO","PRI"
"hotfixes","creature_family","ID","int unsigned","int","NO","PRI"
"hotfixes","creature_family","Name","text","text","YES",""
"hotfixes","creature_family","MinScale","float","float","NO",""
"hotfixes","creature_family","MinScaleLevel","tinyint","tinyint","NO",""
"hotfixes","creature_family","MaxScale","float","float","NO",""
"hotfixes","creature_family","MaxScaleLevel","tinyint","tinyint","NO",""
"hotfixes","creature_family","PetFoodMask","smallint","smallint","NO",""
"hotfixes","creature_family","PetTalentType","tinyint","tinyint","NO",""
"hotfixes","creature_family","CategoryEnumID","int","int","NO",""
"hotfixes","creature_family","IconFileID","int","int","NO",""
"hotfixes","creature_family","SkillLine1","smallint","smallint","NO",""
"hotfixes","creature_family","SkillLine2","smallint","smallint","NO",""
"hotfixes","creature_family","VerifiedBuild","int","int","NO","PRI"
"hotfixes","creature_family_locale","ID","int unsigned","int","NO","PRI"
"hotfixes","creature_family_locale","locale","varchar(4)","varchar","NO","PRI"
"hotfixes","creature_family_locale","Name_lang","text","text","YES",""
"hotfixes","creature_family_locale","VerifiedBuild","int","int","NO","PRI"
"hotfixes","creature_model_data","ID","int unsigned","int","NO","PRI"
"hotfixes","creature_model_data","GeoBox1","float","float","NO",""
"hotfixes","creature_model_data","GeoBox2","float","float","NO",""
"hotfixes","creature_model_data","GeoBox3","float","float","NO",""
"hotfixes","creature_model_data","GeoBox4","float","float","NO",""
"hotfixes","creature_model_data","GeoBox5","float","float","NO",""
"hotfixes","creature_model_data","GeoBox6","float","float","NO",""
"hotfixes","creature_model_data","Flags","int unsigned","int","NO",""
"hotfixes","creature_model_data","FileDataID","int unsigned","int","NO",""
"hotfixes","creature_model_data","BloodID","int unsigned","int","NO",""
"hotfixes","creature_model_data","FootprintTextureID","int unsigned","int","NO",""
"hotfixes","creature_model_data","FootprintTextureLength","float","float","NO",""
"hotfixes","creature_model_data","FootprintTextureWidth","float","float","NO",""
"hotfixes","creature_model_data","FootprintParticleScale","float","float","NO",""
"hotfixes","creature_model_data","FoleyMaterialID","int unsigned","int","NO",""
"hotfixes","creature_model_data","FootstepCameraEffectID","int unsigned","int","NO",""
"hotfixes","creature_model_data","DeathThudCameraEffectID","int unsigned","int","NO",""
"hotfixes","creature_model_data","SoundID","int unsigned","int","NO",""
"hotfixes","creature_model_data","SizeClass","int unsigned","int","NO",""
"hotfixes","creature_model_data","CollisionWidth","float","float","NO",""
"hotfixes","creature_model_data","CollisionHeight","float","float","NO",""
"hotfixes","creature_model_data","WorldEffectScale","float","float","NO",""
"hotfixes","creature_model_data","CreatureGeosetDataID","int unsigned","int","NO",""
"hotfixes","creature_model_data","HoverHeight","float","float","NO",""
"hotfixes","creature_model_data","AttachedEffectScale","float","float","NO",""
"hotfixes","creature_model_data","ModelScale","float","float","NO",""
"hotfixes","creature_model_data","MissileCollisionRadius","float","float","NO",""
"hotfixes","creature_model_data","MissileCollisionPush","float","float","NO",""
"hotfixes","creature_model_data","MissileCollisionRaise","float","float","NO",""
"hotfixes","creature_model_data","MountHeight","float","float","NO",""
"hotfixes","creature_model_data","OverrideLootEffectScale","float","float","NO",""
"hotfixes","creature_model_data","OverrideNameScale","float","float","NO",""
"hotfixes","creature_model_data","OverrideSelectionRadius","float","float","NO",""
"hotfixes","creature_model_data","TamedPetBaseScale","float","float","NO",""
"hotfixes","creature_model_data","VerifiedBuild","int","int","NO","PRI"
"hotfixes","creature_type","ID","int unsigned","int","NO","PRI"
"hotfixes","creature_type","Name","text","text","YES",""
"hotfixes","creature_type","Flags","tinyint unsigned","tinyint","NO",""
"hotfixes","creature_type","VerifiedBuild","int","int","NO","PRI"
"hotfixes","creature_type_locale","ID","int unsigned","int","NO","PRI"
"hotfixes","creature_type_locale","locale","varchar(4)","varchar","NO","PRI"
"hotfixes","creature_type_locale","Name_lang","text","text","YES",""
"hotfixes","creature_type_locale","VerifiedBuild","int","int","NO","PRI"
"hotfixes","criteria","ID","int unsigned","int","NO","PRI"
"hotfixes","criteria","Type","smallint","smallint","NO",""
"hotfixes","criteria","Asset","int","int","NO",""
"hotfixes","criteria","ModifierTreeId","int unsigned","int","NO",""
"hotfixes","criteria","StartEvent","int","int","NO",""
"hotfixes","criteria","StartAsset","int","int","NO",""
"hotfixes","criteria","StartTimer","smallint unsigned","smallint","NO",""
"hotfixes","criteria","FailEvent","int","int","NO",""
"hotfixes","criteria","FailAsset","int","int","NO",""
"hotfixes","criteria","Flags","int","int","NO",""
"hotfixes","criteria","EligibilityWorldStateID","smallint","smallint","NO",""
"hotfixes","criteria","EligibilityWorldStateValue","tinyint","tinyint","NO",""
"hotfixes","criteria","VerifiedBuild","int","int","NO","PRI"
"hotfixes","criteria_tree","ID","int unsigned","int","NO","PRI"
"hotfixes","criteria_tree","Description","text","text","YES",""
"hotfixes","criteria_tree","Parent","int unsigned","int","NO",""
"hotfixes","criteria_tree","Amount","int unsigned","int","NO",""
"hotfixes","criteria_tree","Operator","int","int","NO",""
"hotfixes","criteria_tree","CriteriaID","int unsigned","int","NO",""
"hotfixes","criteria_tree","OrderIndex","int","int","NO",""
"hotfixes","criteria_tree","Flags","int","int","NO",""
"hotfixes","criteria_tree","VerifiedBuild","int","int","NO","PRI"
"hotfixes","criteria_tree_locale","ID","int unsigned","int","NO","PRI"
"hotfixes","criteria_tree_locale","locale","varchar(4)","varchar","NO","PRI"
"hotfixes","criteria_tree_locale","Description_lang","text","text","YES",""
"hotfixes","criteria_tree_locale","VerifiedBuild","int","int","NO","PRI"
"hotfixes","currency_container","ID","int unsigned","int","NO","PRI"
"hotfixes","currency_container","ContainerName","text","text","YES",""
"hotfixes","currency_container","ContainerDescription","text","text","YES",""
"hotfixes","currency_container","MinAmount","int","int","NO",""
"hotfixes","currency_container","MaxAmount","int","int","NO",""
"hotfixes","currency_container","ContainerIconID","int","int","NO",""
"hotfixes","currency_container","ContainerQuality","int","int","NO",""
"hotfixes","currency_container","OnLootSpellVisualKitID","int","int","NO",""
"hotfixes","currency_container","CurrencyTypesID","int unsigned","int","NO",""
"hotfixes","currency_container","VerifiedBuild","int","int","NO","PRI"
"hotfixes","currency_container_locale","ID","int unsigned","int","NO","PRI"
"hotfixes","currency_container_locale","locale","varchar(4)","varchar","NO","PRI"
"hotfixes","currency_container_locale","ContainerName_lang","text","text","YES",""
"hotfixes","currency_container_locale","ContainerDescription_lang","text","text","YES",""
"hotfixes","currency_container_locale","VerifiedBuild","int","int","NO","PRI"
"hotfixes","currency_types","ID","int unsigned","int","NO","PRI"
"hotfixes","currency_types","Name","text","text","YES",""
"hotfixes","currency_types","Description","text","text","YES",""
"hotfixes","currency_types","CategoryID","tinyint unsigned","tinyint","NO",""
"hotfixes","currency_types","InventoryIconFileID","int","int","NO",""
"hotfixes","currency_types","SpellWeight","int unsigned","int","NO",""
"hotfixes","currency_types","SpellCategory","tinyint unsigned","tinyint","NO",""
"hotfixes","currency_types","MaxQty","int unsigned","int","NO",""
"hotfixes","currency_types","MaxEarnablePerWeek","int unsigned","int","NO",""
"hotfixes","currency_types","Quality","tinyint","tinyint","NO",""
"hotfixes","currency_types","FactionID","int","int","NO",""
"hotfixes","currency_types","AwardConditionID","int","int","NO",""
"hotfixes","currency_types","Flags1","int","int","NO",""
"hotfixes","currency_types","Flags2","int","int","NO",""
"hotfixes","currency_types","VerifiedBuild","int","int","NO","PRI"
"hotfixes","currency_types_locale","ID","int unsigned","int","NO","PRI"
"hotfixes","currency_types_locale","locale","varchar(4)","varchar","NO","PRI"
"hotfixes","currency_types_locale","Name_lang","text","text","YES",""
"hotfixes","currency_types_locale","Description_lang","text","text","YES",""
"hotfixes","currency_types_locale","VerifiedBuild","int","int","NO","PRI"
"hotfixes","curve","ID","int unsigned","int","NO","PRI"
"hotfixes","curve","Type","tinyint unsigned","tinyint","NO",""
"hotfixes","curve","Flags","tinyint unsigned","tinyint","NO",""
"hotfixes","curve","VerifiedBuild","int","int","NO","PRI"
"hotfixes","curve_point","PosX","float","float","NO",""
"hotfixes","curve_point","PosY","float","float","NO",""
"hotfixes","curve_point","PreSLSquishPosX","float","float","NO",""
"hotfixes","curve_point","PreSLSquishPosY","float","float","NO",""
"hotfixes","curve_point","ID","int unsigned","int","NO","PRI"
"hotfixes","curve_point","CurveID","int","int","NO",""
"hotfixes","curve_point","OrderIndex","tinyint unsigned","tinyint","NO",""
"hotfixes","curve_point","VerifiedBuild","int","int","NO","PRI"
"hotfixes","destructible_model_data","ID","int unsigned","int","NO","PRI"
"hotfixes","destructible_model_data","State0ImpactEffectDoodadSet","tinyint","tinyint","NO",""
"hotfixes","destructible_model_data","State0AmbientDoodadSet","tinyint unsigned","tinyint","NO",""
"hotfixes","destructible_model_data","State1Wmo","int unsigned","int","NO",""
"hotfixes","destructible_model_data","State1DestructionDoodadSet","tinyint","tinyint","NO",""
"hotfixes","destructible_model_data","State1ImpactEffectDoodadSet","tinyint","tinyint","NO",""
"hotfixes","destructible_model_data","State1AmbientDoodadSet","tinyint unsigned","tinyint","NO",""
"hotfixes","destructible_model_data","State2Wmo","int unsigned","int","NO",""
"hotfixes","destructible_model_data","State2DestructionDoodadSet","tinyint","tinyint","NO",""
"hotfixes","destructible_model_data","State2ImpactEffectDoodadSet","tinyint","tinyint","NO",""
"hotfixes","destructible_model_data","State2AmbientDoodadSet","tinyint unsigned","tinyint","NO",""
"hotfixes","destructible_model_data","State3Wmo","int unsigned","int","NO",""
"hotfixes","destructible_model_data","State3InitDoodadSet","tinyint unsigned","tinyint","NO",""
"hotfixes","destructible_model_data","State3AmbientDoodadSet","tinyint unsigned","tinyint","NO",""
"hotfixes","destructible_model_data","EjectDirection","tinyint unsigned","tinyint","NO",""
"hotfixes","destructible_model_data","DoNotHighlight","tinyint unsigned","tinyint","NO",""
"hotfixes","destructible_model_data","State0Wmo","int unsigned","int","NO",""
"hotfixes","destructible_model_data","HealEffect","tinyint unsigned","tinyint","NO",""
"hotfixes","destructible_model_data","HealEffectSpeed","smallint unsigned","smallint","NO",""
"hotfixes","destructible_model_data","State0NameSet","tinyint","tinyint","NO",""
"hotfixes","destructible_model_data","State1NameSet","tinyint","tinyint","NO",""
"hotfixes","destructible_model_data","State2NameSet","tinyint","tinyint","NO",""
"hotfixes","destructible_model_data","State3NameSet","tinyint","tinyint","NO",""
"hotfixes","destructible_model_data","VerifiedBuild","int","int","NO","PRI"
"hotfixes","difficulty","ID","int unsigned","int","NO","PRI"
"hotfixes","difficulty","Name","text","text","YES",""
"hotfixes","difficulty","InstanceType","tinyint unsigned","tinyint","NO",""
"hotfixes","difficulty","OrderIndex","tinyint unsigned","tinyint","NO",""
"hotfixes","difficulty","OldEnumValue","tinyint","tinyint","NO",""
"hotfixes","difficulty","FallbackDifficultyID","tinyint unsigned","tinyint","NO",""
"hotfixes","difficulty","MinPlayers","tinyint unsigned","tinyint","NO",""
"hotfixes","difficulty","MaxPlayers","tinyint unsigned","tinyint","NO",""
"hotfixes","difficulty","Flags","tinyint unsigned","tinyint","NO",""
"hotfixes","difficulty","ItemContext","tinyint unsigned","tinyint","NO",""
"hotfixes","difficulty","ToggleDifficultyID","tinyint unsigned","tinyint","NO",""
"hotfixes","difficulty","GroupSizeHealthCurveID","smallint unsigned","smallint","NO",""
"hotfixes","difficulty","GroupSizeDmgCurveID","smallint unsigned","smallint","NO",""
"hotfixes","difficulty","GroupSizeSpellPointsCurveID","smallint unsigned","smallint","NO",""
"hotfixes","difficulty","VerifiedBuild","int","int","NO","PRI"
"hotfixes","difficulty_locale","ID","int unsigned","int","NO","PRI"
"hotfixes","difficulty_locale","locale","varchar(4)","varchar","NO","PRI"
"hotfixes","difficulty_locale","Name_lang","text","text","YES",""
"hotfixes","difficulty_locale","VerifiedBuild","int","int","NO","PRI"
"hotfixes","dungeon_encounter","Name","text","text","YES",""
"hotfixes","dungeon_encounter","ID","int unsigned","int","NO","PRI"
"hotfixes","dungeon_encounter","MapID","smallint","smallint","NO",""
"hotfixes","dungeon_encounter","DifficultyID","int","int","NO",""
"hotfixes","dungeon_encounter","OrderIndex","int","int","NO",""
"hotfixes","dungeon_encounter","Bit","tinyint","tinyint","NO",""
"hotfixes","dungeon_encounter","Flags","int","int","NO",""
"hotfixes","dungeon_encounter","Faction","int","int","NO",""
"hotfixes","dungeon_encounter","VerifiedBuild","int","int","NO","PRI"
"hotfixes","dungeon_encounter_locale","ID","int unsigned","int","NO","PRI"
"hotfixes","dungeon_encounter_locale","locale","varchar(4)","varchar","NO","PRI"
"hotfixes","dungeon_encounter_locale","Name_lang","text","text","YES",""
"hotfixes","dungeon_encounter_locale","VerifiedBuild","int","int","NO","PRI"
"hotfixes","durability_costs","ID","int unsigned","int","NO","PRI"
"hotfixes","durability_costs","WeaponSubClassCost1","smallint unsigned","smallint","NO",""
"hotfixes","durability_costs","WeaponSubClassCost2","smallint unsigned","smallint","NO",""
"hotfixes","durability_costs","WeaponSubClassCost3","smallint unsigned","smallint","NO",""
"hotfixes","durability_costs","WeaponSubClassCost4","smallint unsigned","smallint","NO",""
"hotfixes","durability_costs","WeaponSubClassCost5","smallint unsigned","smallint","NO",""
"hotfixes","durability_costs","WeaponSubClassCost6","smallint unsigned","smallint","NO",""
"hotfixes","durability_costs","WeaponSubClassCost7","smallint unsigned","smallint","NO",""
"hotfixes","durability_costs","WeaponSubClassCost8","smallint unsigned","smallint","NO",""
"hotfixes","durability_costs","WeaponSubClassCost9","smallint unsigned","smallint","NO",""
"hotfixes","durability_costs","WeaponSubClassCost10","smallint unsigned","smallint","NO",""
"hotfixes","durability_costs","WeaponSubClassCost11","smallint unsigned","smallint","NO",""
"hotfixes","durability_costs","WeaponSubClassCost12","smallint unsigned","smallint","NO",""
"hotfixes","durability_costs","WeaponSubClassCost13","smallint unsigned","smallint","NO",""
"hotfixes","durability_costs","WeaponSubClassCost14","smallint unsigned","smallint","NO",""
"hotfixes","durability_costs","WeaponSubClassCost15","smallint unsigned","smallint","NO",""
"hotfixes","durability_costs","WeaponSubClassCost16","smallint unsigned","smallint","NO",""
"hotfixes","durability_costs","WeaponSubClassCost17","smallint unsigned","smallint","NO",""
"hotfixes","durability_costs","WeaponSubClassCost18","smallint unsigned","smallint","NO",""
"hotfixes","durability_costs","WeaponSubClassCost19","smallint unsigned","smallint","NO",""
"hotfixes","durability_costs","WeaponSubClassCost20","smallint unsigned","smallint","NO",""
"hotfixes","durability_costs","WeaponSubClassCost21","smallint unsigned","smallint","NO",""
"hotfixes","durability_costs","ArmorSubClassCost1","smallint unsigned","smallint","NO",""
"hotfixes","durability_costs","ArmorSubClassCost2","smallint unsigned","smallint","NO",""
"hotfixes","durability_costs","ArmorSubClassCost3","smallint unsigned","smallint","NO",""
"hotfixes","durability_costs","ArmorSubClassCost4","smallint unsigned","smallint","NO",""
"hotfixes","durability_costs","ArmorSubClassCost5","smallint unsigned","smallint","NO",""
"hotfixes","durability_costs","ArmorSubClassCost6","smallint unsigned","smallint","NO",""
"hotfixes","durability_costs","ArmorSubClassCost7","smallint unsigned","smallint","NO",""
"hotfixes","durability_costs","ArmorSubClassCost8","smallint unsigned","smallint","NO",""
"hotfixes","durability_costs","VerifiedBuild","int","int","NO","PRI"
"hotfixes","durability_quality","ID","int unsigned","int","NO","PRI"
"hotfixes","durability_quality","Data","float","float","NO",""
"hotfixes","durability_quality","VerifiedBuild","int","int","NO","PRI"
"hotfixes","emotes","ID","int unsigned","int","NO","PRI"
"hotfixes","emotes","RaceMask","bigint","bigint","NO",""
"hotfixes","emotes","EmoteSlashCommand","text","text","YES",""
"hotfixes","emotes","AnimID","int","int","NO",""
"hotfixes","emotes","EmoteFlags","int unsigned","int","NO",""
"hotfixes","emotes","EmoteSpecProc","tinyint unsigned","tinyint","NO",""
"hotfixes","emotes","EmoteSpecProcParam","int unsigned","int","NO",""
"hotfixes","emotes","EventSoundID","int unsigned","int","NO",""
"hotfixes","emotes","SpellVisualKitID","int unsigned","int","NO",""
"hotfixes","emotes","ClassMask","int","int","NO",""
"hotfixes","emotes","VerifiedBuild","int","int","NO","PRI"
"hotfixes","emotes_text","ID","int unsigned","int","NO","PRI"
"hotfixes","emotes_text","Name","text","text","YES",""
"hotfixes","emotes_text","EmoteID","smallint unsigned","smallint","NO",""
"hotfixes","emotes_text","VerifiedBuild","int","int","NO","PRI"
"hotfixes","emotes_text_sound","ID","int unsigned","int","NO","PRI"
"hotfixes","emotes_text_sound","RaceID","tinyint unsigned","tinyint","NO",""
"hotfixes","emotes_text_sound","ClassID","tinyint unsigned","tinyint","NO",""
"hotfixes","emotes_text_sound","SexID","tinyint unsigned","tinyint","NO",""
"hotfixes","emotes_text_sound","SoundID","int unsigned","int","NO",""
"hotfixes","emotes_text_sound","EmotesTextID","int unsigned","int","NO",""
"hotfixes","emotes_text_sound","VerifiedBuild","int","int","NO","PRI"
"hotfixes","expected_stat","ID","int unsigned","int","NO","PRI"
"hotfixes","expected_stat","ExpansionID","int","int","NO",""
"hotfixes","expected_stat","CreatureHealth","float","float","NO",""
"hotfixes","expected_stat","PlayerHealth","float","float","NO",""
"hotfixes","expected_stat","CreatureAutoAttackDps","float","float","NO",""
"hotfixes","expected_stat","CreatureArmor","float","float","NO",""
"hotfixes","expected_stat","PlayerMana","float","float","NO",""
"hotfixes","expected_stat","PlayerPrimaryStat","float","float","NO",""
"hotfixes","expected_stat","PlayerSecondaryStat","float","float","NO",""
"hotfixes","expected_stat","ArmorConstant","float","float","NO",""
"hotfixes","expected_stat","CreatureSpellDamage","float","float","NO",""
"hotfixes","expected_stat","Lvl","int unsigned","int","NO",""
"hotfixes","expected_stat","VerifiedBuild","int","int","NO","PRI"
"hotfixes","expected_stat_mod","ID","int unsigned","int","NO","PRI"
"hotfixes","expected_stat_mod","CreatureHealthMod","float","float","NO",""
"hotfixes","expected_stat_mod","PlayerHealthMod","float","float","NO",""
"hotfixes","expected_stat_mod","CreatureAutoAttackDPSMod","float","float","NO",""
"hotfixes","expected_stat_mod","CreatureArmorMod","float","float","NO",""
"hotfixes","expected_stat_mod","PlayerManaMod","float","float","NO",""
"hotfixes","expected_stat_mod","PlayerPrimaryStatMod","float","float","NO",""
"hotfixes","expected_stat_mod","PlayerSecondaryStatMod","float","float","NO",""
"hotfixes","expected_stat_mod","ArmorConstantMod","float","float","NO",""
"hotfixes","expected_stat_mod","CreatureSpellDamageMod","float","float","NO",""
"hotfixes","expected_stat_mod","VerifiedBuild","int","int","NO","PRI"
"hotfixes","faction","ReputationRaceMask1","bigint","bigint","NO",""
"hotfixes","faction","ReputationRaceMask2","bigint","bigint","NO",""
"hotfixes","faction","ReputationRaceMask3","bigint","bigint","NO",""
"hotfixes","faction","ReputationRaceMask4","bigint","bigint","NO",""
"hotfixes","faction","Name","text","text","YES",""
"hotfixes","faction","Description","text","text","YES",""
"hotfixes","faction","ID","int unsigned","int","NO","PRI"
"hotfixes","faction","ReputationIndex","smallint","smallint","NO",""
"hotfixes","faction","ParentFactionID","smallint unsigned","smallint","NO",""
"hotfixes","faction","Expansion","tinyint unsigned","tinyint","NO",""
"hotfixes","faction","FriendshipRepID","tinyint unsigned","tinyint","NO",""
"hotfixes","faction","Flags","int","int","NO",""
"hotfixes","faction","ParagonFactionID","smallint unsigned","smallint","NO",""
"hotfixes","faction","RenownFactionID","int","int","NO",""
"hotfixes","faction","RenownCurrencyID","int","int","NO",""
"hotfixes","faction","ReputationClassMask1","smallint","smallint","NO",""
"hotfixes","faction","ReputationClassMask2","smallint","smallint","NO",""
"hotfixes","faction","ReputationClassMask3","smallint","smallint","NO",""
"hotfixes","faction","ReputationClassMask4","smallint","smallint","NO",""
"hotfixes","faction","ReputationFlags1","smallint unsigned","smallint","NO",""
"hotfixes","faction","ReputationFlags2","smallint unsigned","smallint","NO",""
"hotfixes","faction","ReputationFlags3","smallint unsigned","smallint","NO",""
"hotfixes","faction","ReputationFlags4","smallint unsigned","smallint","NO",""
"hotfixes","faction","ReputationBase1","int","int","NO",""
"hotfixes","faction","ReputationBase2","int","int","NO",""
"hotfixes","faction","ReputationBase3","int","int","NO",""
"hotfixes","faction","ReputationBase4","int","int","NO",""
"hotfixes","faction","ReputationMax1","int","int","NO",""
"hotfixes","faction","ReputationMax2","int","int","NO",""
"hotfixes","faction","ReputationMax3","int","int","NO",""
"hotfixes","faction","ReputationMax4","int","int","NO",""
"hotfixes","faction","ParentFactionMod1","float","float","NO",""
"hotfixes","faction","ParentFactionMod2","float","float","NO",""
"hotfixes","faction","ParentFactionCap1","tinyint unsigned","tinyint","NO",""
"hotfixes","faction","ParentFactionCap2","tinyint unsigned","tinyint","NO",""
"hotfixes","faction","VerifiedBuild","int","int","NO","PRI"
"hotfixes","faction_locale","ID","int unsigned","int","NO","PRI"
"hotfixes","faction_locale","locale","varchar(4)","varchar","NO","PRI"
"hotfixes","faction_locale","Name_lang","text","text","YES",""
"hotfixes","faction_locale","Description_lang","text","text","YES",""
"hotfixes","faction_locale","VerifiedBuild","int","int","NO","PRI"
"hotfixes","faction_template","ID","int unsigned","int","NO","PRI"
"hotfixes","faction_template","Faction","smallint unsigned","smallint","NO",""
"hotfixes","faction_template","Flags","smallint unsigned","smallint","NO",""
"hotfixes","faction_template","FactionGroup","tinyint unsigned","tinyint","NO",""
"hotfixes","faction_template","FriendGroup","tinyint unsigned","tinyint","NO",""
"hotfixes","faction_template","EnemyGroup","tinyint unsigned","tinyint","NO",""
"hotfixes","faction_template","Enemies1","smallint unsigned","smallint","NO",""
"hotfixes","faction_template","Enemies2","smallint unsigned","smallint","NO",""
"hotfixes","faction_template","Enemies3","smallint unsigned","smallint","NO",""
"hotfixes","faction_template","Enemies4","smallint unsigned","smallint","NO",""
"hotfixes","faction_template","Enemies5","smallint unsigned","smallint","NO",""
"hotfixes","faction_template","Enemies6","smallint unsigned","smallint","NO",""
"hotfixes","faction_template","Enemies7","smallint unsigned","smallint","NO",""
"hotfixes","faction_template","Enemies8","smallint unsigned","smallint","NO",""
"hotfixes","faction_template","Friend1","smallint unsigned","smallint","NO",""
"hotfixes","faction_template","Friend2","smallint unsigned","smallint","NO",""
"hotfixes","faction_template","Friend3","smallint unsigned","smallint","NO",""
"hotfixes","faction_template","Friend4","smallint unsigned","smallint","NO",""
"hotfixes","faction_template","Friend5","smallint unsigned","smallint","NO",""
"hotfixes","faction_template","Friend6","smallint unsigned","smallint","NO",""
"hotfixes","faction_template","Friend7","smallint unsigned","smallint","NO",""
"hotfixes","faction_template","Friend8","smallint unsigned","smallint","NO",""
"hotfixes","faction_template","VerifiedBuild","int","int","NO","PRI"
"hotfixes","friendship_rep_reaction","ID","int unsigned","int","NO","PRI"
"hotfixes","friendship_rep_reaction","Reaction","text","text","YES",""
"hotfixes","friendship_rep_reaction","FriendshipRepID","tinyint unsigned","tinyint","NO",""
"hotfixes","friendship_rep_reaction","ReactionThreshold","smallint unsigned","smallint","NO",""
"hotfixes","friendship_rep_reaction","VerifiedBuild","int","int","NO","PRI"
"hotfixes","friendship_rep_reaction_locale","ID","int unsigned","int","NO","PRI"
"hotfixes","friendship_rep_reaction_locale","locale","varchar(4)","varchar","NO","PRI"
"hotfixes","friendship_rep_reaction_locale","Reaction_lang","text","text","YES",""
"hotfixes","friendship_rep_reaction_locale","VerifiedBuild","int","int","NO","PRI"
"hotfixes","friendship_reputation","Description","text","text","YES",""
"hotfixes","friendship_reputation","ID","int unsigned","int","NO","PRI"
"hotfixes","friendship_reputation","Field34146722002","int","int","NO",""
"hotfixes","friendship_reputation","Field34146722003","int","int","NO",""
"hotfixes","friendship_reputation","VerifiedBuild","int","int","NO","PRI"
"hotfixes","friendship_reputation_locale","ID","int unsigned","int","NO","PRI"
"hotfixes","friendship_reputation_locale","locale","varchar(4)","varchar","NO","PRI"
"hotfixes","friendship_reputation_locale","Description_lang","text","text","YES",""
"hotfixes","friendship_reputation_locale","VerifiedBuild","int","int","NO","PRI"
"hotfixes","gameobject_art_kit","ID","int unsigned","int","NO","PRI"
"hotfixes","gameobject_art_kit","AttachModelFileID","int","int","NO",""
"hotfixes","gameobject_art_kit","TextureVariationFileID1","int","int","NO",""
"hotfixes","gameobject_art_kit","TextureVariationFileID2","int","int","NO",""
"hotfixes","gameobject_art_kit","TextureVariationFileID3","int","int","NO",""
"hotfixes","gameobject_art_kit","VerifiedBuild","int","int","NO","PRI"
"hotfixes","gameobject_display_info","ID","int unsigned","int","NO","PRI"
"hotfixes","gameobject_display_info","ModelName","text","text","YES",""
"hotfixes","gameobject_display_info","GeoBoxMinX","float","float","NO",""
"hotfixes","gameobject_display_info","GeoBoxMinY","float","float","NO",""
"hotfixes","gameobject_display_info","GeoBoxMinZ","float","float","NO",""
"hotfixes","gameobject_display_info","GeoBoxMaxX","float","float","NO",""
"hotfixes","gameobject_display_info","GeoBoxMaxY","float","float","NO",""
"hotfixes","gameobject_display_info","GeoBoxMaxZ","float","float","NO",""
"hotfixes","gameobject_display_info","FileDataID","int","int","NO",""
"hotfixes","gameobject_display_info","ObjectEffectPackageID","smallint","smallint","NO",""
"hotfixes","gameobject_display_info","OverrideLootEffectScale","float","float","NO",""
"hotfixes","gameobject_display_info","OverrideNameScale","float","float","NO",""
"hotfixes","gameobject_display_info","VerifiedBuild","int","int","NO","PRI"
"hotfixes","gameobjects","Name","text","text","YES",""
"hotfixes","gameobjects","PosX","float","float","NO",""
"hotfixes","gameobjects","PosY","float","float","NO",""
"hotfixes","gameobjects","PosZ","float","float","NO",""
"hotfixes","gameobjects","Rot1","float","float","NO",""
"hotfixes","gameobjects","Rot2","float","float","NO",""
"hotfixes","gameobjects","Rot3","float","float","NO",""
"hotfixes","gameobjects","Rot4","float","float","NO",""
"hotfixes","gameobjects","ID","int unsigned","int","NO","PRI"
"hotfixes","gameobjects","OwnerID","smallint unsigned","smallint","NO",""
"hotfixes","gameobjects","DisplayID","int unsigned","int","NO",""
"hotfixes","gameobjects","Scale","float","float","NO",""
"hotfixes","gameobjects","TypeID","tinyint unsigned","tinyint","NO",""
"hotfixes","gameobjects","PhaseUseFlags","tinyint unsigned","tinyint","NO",""
"hotfixes","gameobjects","PhaseID","smallint unsigned","smallint","NO",""
"hotfixes","gameobjects","PhaseGroupID","smallint unsigned","smallint","NO",""
"hotfixes","gameobjects","PropValue1","int","int","NO",""
"hotfixes","gameobjects","PropValue2","int","int","NO",""
"hotfixes","gameobjects","PropValue3","int","int","NO",""
"hotfixes","gameobjects","PropValue4","int","int","NO",""
"hotfixes","gameobjects","PropValue5","int","int","NO",""
"hotfixes","gameobjects","PropValue6","int","int","NO",""
"hotfixes","gameobjects","PropValue7","int","int","NO",""
"hotfixes","gameobjects","PropValue8","int","int","NO",""
"hotfixes","gameobjects","VerifiedBuild","int","int","NO","PRI"
"hotfixes","gameobjects_locale","ID","int unsigned","int","NO","PRI"
"hotfixes","gameobjects_locale","locale","varchar(4)","varchar","NO","PRI"
"hotfixes","gameobjects_locale","Name_lang","text","text","YES",""
"hotfixes","gameobjects_locale","VerifiedBuild","int","int","NO","PRI"
"hotfixes","gem_properties","ID","int unsigned","int","NO","PRI"
"hotfixes","gem_properties","EnchantId","smallint unsigned","smallint","NO",""
"hotfixes","gem_properties","Type","int","int","NO",""
"hotfixes","gem_properties","MinItemLevel","smallint unsigned","smallint","NO",""
"hotfixes","gem_properties","VerifiedBuild","int","int","NO","PRI"
"hotfixes","global_curve","ID","int unsigned","int","NO","PRI"
"hotfixes","global_curve","CurveID","int","int","NO",""
"hotfixes","global_curve","Type","int","int","NO",""
"hotfixes","global_curve","VerifiedBuild","int","int","NO","PRI"
"hotfixes","global_strings","ID","int unsigned","int","NO","PRI"
"hotfixes","global_strings","BaseTag","text","text","YES",""
"hotfixes","global_strings","TagText","text","text","YES",""
"hotfixes","global_strings","Flags","tinyint unsigned","tinyint","NO",""
"hotfixes","global_strings","VerifiedBuild","int","int","NO","PRI"
"hotfixes","global_strings_locale","ID","int unsigned","int","NO","PRI"
"hotfixes","global_strings_locale","locale","varchar(4)","varchar","NO","PRI"
"hotfixes","global_strings_locale","TagText_lang","text","text","YES",""
"hotfixes","global_strings_locale","VerifiedBuild","int","int","NO","PRI"
"hotfixes","glyph_bindable_spell","ID","int unsigned","int","NO","PRI"
"hotfixes","glyph_bindable_spell","SpellID","int","int","NO",""
"hotfixes","glyph_bindable_spell","GlyphPropertiesID","int unsigned","int","NO",""
"hotfixes","glyph_bindable_spell","VerifiedBuild","int","int","NO","PRI"
"hotfixes","glyph_properties","ID","int unsigned","int","NO","PRI"
"hotfixes","glyph_properties","SpellID","int unsigned","int","NO",""
"hotfixes","glyph_properties","GlyphType","tinyint unsigned","tinyint","NO",""
"hotfixes","glyph_properties","GlyphExclusiveCategoryID","tinyint unsigned","tinyint","NO",""
"hotfixes","glyph_properties","SpellIconFileDataID","int","int","NO",""
"hotfixes","glyph_properties","GlyphSlotFlags","int unsigned","int","NO",""
"hotfixes","glyph_properties","VerifiedBuild","int","int","NO","PRI"
"hotfixes","glyph_required_spec","ID","int unsigned","int","NO","PRI"
"hotfixes","glyph_required_spec","ChrSpecializationID","smallint unsigned","smallint","NO",""
"hotfixes","glyph_required_spec","GlyphPropertiesID","int unsigned","int","NO",""
"hotfixes","glyph_required_spec","VerifiedBuild","int","int","NO","PRI"
"hotfixes","glyph_slot","ID","int unsigned","int","NO","PRI"
"hotfixes","glyph_slot","Tooltip","int","int","NO",""
"hotfixes","glyph_slot","Type","int unsigned","int","NO",""
"hotfixes","glyph_slot","VerifiedBuild","int","int","NO","PRI"
"hotfixes","gossip_npc_option","ID","int unsigned","int","NO","PRI"
"hotfixes","gossip_npc_option","GossipNpcOption","int","int","NO",""
"hotfixes","gossip_npc_option","LFGDungeonsID","int","int","NO",""
"hotfixes","gossip_npc_option","Unk341_1","int","int","NO",""
"hotfixes","gossip_npc_option","Unk341_2","int","int","NO",""
"hotfixes","gossip_npc_option","Unk341_3","int","int","NO",""
"hotfixes","gossip_npc_option","Unk341_4","int","int","NO",""
"hotfixes","gossip_npc_option","Unk341_5","int","int","NO",""
"hotfixes","gossip_npc_option","Unk341_6","int","int","NO",""
"hotfixes","gossip_npc_option","Unk341_7","int","int","NO",""
"hotfixes","gossip_npc_option","Unk341_8","int","int","NO",""
"hotfixes","gossip_npc_option","Unk341_9","int","int","NO",""
"hotfixes","gossip_npc_option","GossipOptionID","int","int","NO",""
"hotfixes","gossip_npc_option","VerifiedBuild","int","int","NO","PRI"
"hotfixes","group_finder_activity","ID","int unsigned","int","NO","PRI"
"hotfixes","group_finder_activity","FullName","text","text","NO",""
"hotfixes","group_finder_activity","ShortName","text","text","NO",""
"hotfixes","group_finder_activity","GroupFinderCategoryID","tinyint unsigned","tinyint","NO",""
"hotfixes","group_finder_activity","OrderIndex","tinyint","tinyint","NO",""
"hotfixes","group_finder_activity","GroupFinderActivityGrpID","int","int","NO",""
"hotfixes","group_finder_activity","Unk340_Level","tinyint unsigned","tinyint","NO",""
"hotfixes","group_finder_activity","Flags","int unsigned","int","NO",""
"hotfixes","group_finder_activity","MinGearLevelSuggestion","smallint unsigned","smallint","NO",""
"hotfixes","group_finder_activity","PlayerConditionID","int","int","NO",""
"hotfixes","group_finder_activity","MapID","smallint unsigned","smallint","NO",""
"hotfixes","group_finder_activity","DifficultyID","tinyint unsigned","tinyint","NO",""
"hotfixes","group_finder_activity","AreaID","smallint unsigned","smallint","NO",""
"hotfixes","group_finder_activity","MaxPlayers","tinyint unsigned","tinyint","NO",""
"hotfixes","group_finder_activity","DisplayType","tinyint unsigned","tinyint","NO",""
"hotfixes","group_finder_activity","MinLevel","tinyint unsigned","tinyint","NO",""
"hotfixes","group_finder_activity","MaxLevelSuggestion","tinyint unsigned","tinyint","NO",""
"hotfixes","group_finder_activity","IconFileDataID","int","int","NO",""
"hotfixes","group_finder_activity","VerifiedBuild","int","int","NO","PRI"
"hotfixes","group_finder_activity_locale","ID","int unsigned","int","NO","PRI"
"hotfixes","group_finder_activity_locale","locale","varchar(4)","varchar","NO","PRI"
"hotfixes","group_finder_activity_locale","FullName_lang","text","text","YES",""
"hotfixes","group_finder_activity_locale","ShortName_lang","text","text","YES",""
"hotfixes","group_finder_activity_locale","VerifiedBuild","int","int","NO","PRI"
"hotfixes","guild_color_background","ID","int unsigned","int","NO","PRI"
"hotfixes","guild_color_background","Red","tinyint unsigned","tinyint","NO",""
"hotfixes","guild_color_background","Blue","tinyint unsigned","tinyint","NO",""
"hotfixes","guild_color_background","Green","tinyint unsigned","tinyint","NO",""
"hotfixes","guild_color_background","VerifiedBuild","int","int","NO","PRI"
"hotfixes","guild_color_border","ID","int unsigned","int","NO","PRI"
"hotfixes","guild_color_border","Red","tinyint unsigned","tinyint","NO",""
"hotfixes","guild_color_border","Blue","tinyint unsigned","tinyint","NO",""
"hotfixes","guild_color_border","Green","tinyint unsigned","tinyint","NO",""
"hotfixes","guild_color_border","VerifiedBuild","int","int","NO","PRI"
"hotfixes","guild_color_emblem","ID","int unsigned","int","NO","PRI"
"hotfixes","guild_color_emblem","Red","tinyint unsigned","tinyint","NO",""
"hotfixes","guild_color_emblem","Blue","tinyint unsigned","tinyint","NO",""
"hotfixes","guild_color_emblem","Green","tinyint unsigned","tinyint","NO",""
"hotfixes","guild_color_emblem","VerifiedBuild","int","int","NO","PRI"
"hotfixes","guild_perk_spells","ID","int unsigned","int","NO","PRI"
"hotfixes","guild_perk_spells","SpellID","int","int","NO",""
"hotfixes","guild_perk_spells","VerifiedBuild","int","int","NO","PRI"
"hotfixes","heirloom","SourceText","text","text","YES",""
"hotfixes","heirloom","ID","int unsigned","int","NO","PRI"
"hotfixes","heirloom","ItemID","int","int","NO",""
"hotfixes","heirloom","LegacyUpgradedItemID","int","int","NO",""
"hotfixes","heirloom","StaticUpgradedItemID","int","int","NO",""
"hotfixes","heirloom","SourceTypeEnum","tinyint","tinyint","NO",""
"hotfixes","heirloom","Flags","tinyint unsigned","tinyint","NO",""
"hotfixes","heirloom","LegacyItemID","int","int","NO",""
"hotfixes","heirloom","UpgradeItemID1","int","int","NO",""
"hotfixes","heirloom","UpgradeItemID2","int","int","NO",""
"hotfixes","heirloom","UpgradeItemID3","int","int","NO",""
"hotfixes","heirloom","UpgradeItemID4","int","int","NO",""
"hotfixes","heirloom","UpgradeItemID5","int","int","NO",""
"hotfixes","heirloom","UpgradeItemID6","int","int","NO",""
"hotfixes","heirloom","UpgradeItemBonusListID1","smallint unsigned","smallint","NO",""
"hotfixes","heirloom","UpgradeItemBonusListID2","smallint unsigned","smallint","NO",""
"hotfixes","heirloom","UpgradeItemBonusListID3","smallint unsigned","smallint","NO",""
"hotfixes","heirloom","UpgradeItemBonusListID4","smallint unsigned","smallint","NO",""
"hotfixes","heirloom","UpgradeItemBonusListID5","smallint unsigned","smallint","NO",""
"hotfixes","heirloom","UpgradeItemBonusListID6","smallint unsigned","smallint","NO",""
"hotfixes","heirloom","VerifiedBuild","int","int","NO","PRI"
"hotfixes","heirloom_locale","ID","int unsigned","int","NO","PRI"
"hotfixes","heirloom_locale","locale","varchar(4)","varchar","NO","PRI"
"hotfixes","heirloom_locale","SourceText_lang","text","text","YES",""
"hotfixes","heirloom_locale","VerifiedBuild","int","int","NO","PRI"
"hotfixes","holidays","ID","int unsigned","int","NO","PRI"
"hotfixes","holidays","Region","smallint unsigned","smallint","NO",""
"hotfixes","holidays","Looping","tinyint unsigned","tinyint","NO",""
"hotfixes","holidays","HolidayNameID","int unsigned","int","NO",""
"hotfixes","holidays","HolidayDescriptionID","int unsigned","int","NO",""
"hotfixes","holidays","Priority","tinyint unsigned","tinyint","NO",""
"hotfixes","holidays","CalendarFilterType","tinyint","tinyint","NO",""
"hotfixes","holidays","Flags","tinyint unsigned","tinyint","NO",""
"hotfixes","holidays","WorldStateExpressionID","int unsigned","int","NO",""
"hotfixes","holidays","Duration1","smallint unsigned","smallint","NO",""
"hotfixes","holidays","Duration2","smallint unsigned","smallint","NO",""
"hotfixes","holidays","Duration3","smallint unsigned","smallint","NO",""
"hotfixes","holidays","Duration4","smallint unsigned","smallint","NO",""
"hotfixes","holidays","Duration5","smallint unsigned","smallint","NO",""
"hotfixes","holidays","Duration6","smallint unsigned","smallint","NO",""
"hotfixes","holidays","Duration7","smallint unsigned","smallint","NO",""
"hotfixes","holidays","Duration8","smallint unsigned","smallint","NO",""
"hotfixes","holidays","Duration9","smallint unsigned","smallint","NO",""
"hotfixes","holidays","Duration10","smallint unsigned","smallint","NO",""
"hotfixes","holidays","Date1","int unsigned","int","NO",""
"hotfixes","holidays","Date2","int unsigned","int","NO",""
"hotfixes","holidays","Date3","int unsigned","int","NO",""
"hotfixes","holidays","Date4","int unsigned","int","NO",""
"hotfixes","holidays","Date5","int unsigned","int","NO",""
"hotfixes","holidays","Date6","int unsigned","int","NO",""
"hotfixes","holidays","Date7","int unsigned","int","NO",""
"hotfixes","holidays","Date8","int unsigned","int","NO",""
"hotfixes","holidays","Date9","int unsigned","int","NO",""
"hotfixes","holidays","Date10","int unsigned","int","NO",""
"hotfixes","holidays","Date11","int unsigned","int","NO",""
"hotfixes","holidays","Date12","int unsigned","int","NO",""
"hotfixes","holidays","Date13","int unsigned","int","NO",""
"hotfixes","holidays","Date14","int unsigned","int","NO",""
"hotfixes","holidays","Date15","int unsigned","int","NO",""
"hotfixes","holidays","Date16","int unsigned","int","NO",""
"hotfixes","holidays","CalendarFlags1","tinyint unsigned","tinyint","NO",""
"hotfixes","holidays","CalendarFlags2","tinyint unsigned","tinyint","NO",""
"hotfixes","holidays","CalendarFlags3","tinyint unsigned","tinyint","NO",""
"hotfixes","holidays","CalendarFlags4","tinyint unsigned","tinyint","NO",""
"hotfixes","holidays","CalendarFlags5","tinyint unsigned","tinyint","NO",""
"hotfixes","holidays","CalendarFlags6","tinyint unsigned","tinyint","NO",""
"hotfixes","holidays","CalendarFlags7","tinyint unsigned","tinyint","NO",""
"hotfixes","holidays","CalendarFlags8","tinyint unsigned","tinyint","NO",""
"hotfixes","holidays","CalendarFlags9","tinyint unsigned","tinyint","NO",""
"hotfixes","holidays","CalendarFlags10","tinyint unsigned","tinyint","NO",""
"hotfixes","holidays","TextureFileDataID1","int","int","NO",""
"hotfixes","holidays","TextureFileDataID2","int","int","NO",""
"hotfixes","holidays","TextureFileDataID3","int","int","NO",""
"hotfixes","holidays","VerifiedBuild","int","int","NO","PRI"
"hotfixes","hotfix_blob","TableHash","int unsigned","int","NO","PRI"
"hotfixes","hotfix_blob","RecordId","int","int","NO","PRI"
"hotfixes","hotfix_blob","locale","varchar(4)","varchar","NO","PRI"
"hotfixes","hotfix_blob","Blob","blob","blob","YES",""
"hotfixes","hotfix_blob","VerifiedBuild","int","int","NO",""
"hotfixes","hotfix_data","Id","int","int","NO","PRI"
"hotfixes","hotfix_data","UniqueId","int unsigned","int","NO",""
"hotfixes","hotfix_data","TableHash","int unsigned","int","NO","PRI"
"hotfixes","hotfix_data","RecordId","int","int","NO","PRI"
"hotfixes","hotfix_data","Status","tinyint unsigned","tinyint","NO",""
"hotfixes","hotfix_data","VerifiedBuild","int","int","NO",""
"hotfixes","hotfix_data","Comment","text","text","YES",""
"hotfixes","hotfix_optional_data","TableHash","int unsigned","int","NO",""
"hotfixes","hotfix_optional_data","RecordId","int unsigned","int","NO",""
"hotfixes","hotfix_optional_data","locale","varchar(4)","varchar","NO",""
"hotfixes","hotfix_optional_data","Key","int unsigned","int","NO",""
"hotfixes","hotfix_optional_data","Data","blob","blob","NO",""
"hotfixes","hotfix_optional_data","VerifiedBuild","int","int","NO",""
"hotfixes","import_price_armor","ID","int unsigned","int","NO","PRI"
"hotfixes","import_price_armor","ClothModifier","float","float","NO",""
"hotfixes","import_price_armor","LeatherModifier","float","float","NO",""
"hotfixes","import_price_armor","ChainModifier","float","float","NO",""
"hotfixes","import_price_armor","PlateModifier","float","float","NO",""
"hotfixes","import_price_armor","VerifiedBuild","int","int","NO","PRI"
"hotfixes","import_price_quality","ID","int unsigned","int","NO","PRI"
"hotfixes","import_price_quality","Data","float","float","NO",""
"hotfixes","import_price_quality","VerifiedBuild","int","int","NO","PRI"
"hotfixes","import_price_shield","ID","int unsigned","int","NO","PRI"
"hotfixes","import_price_shield","Data","float","float","NO",""
"hotfixes","import_price_shield","VerifiedBuild","int","int","NO","PRI"
"hotfixes","import_price_weapon","ID","int unsigned","int","NO","PRI"
"hotfixes","import_price_weapon","Data","float","float","NO",""
"hotfixes","import_price_weapon","VerifiedBuild","int","int","NO","PRI"
"hotfixes","item","ID","int unsigned","int","NO","PRI"
"hotfixes","item","ClassID","tinyint unsigned","tinyint","NO",""
"hotfixes","item","SubclassID","tinyint unsigned","tinyint","NO",""
"hotfixes","item","Material","tinyint unsigned","tinyint","NO",""
"hotfixes","item","InventoryType","tinyint","tinyint","NO",""
"hotfixes","item","RequiredLevel","int","int","NO",""
"hotfixes","item","SheatheType","tinyint unsigned","tinyint","NO",""
"hotfixes","item","RandomSelect","smallint unsigned","smallint","NO",""
"hotfixes","item","ItemRandomSuffixGroupID","smallint unsigned","smallint","NO",""
"hotfixes","item","SoundOverrideSubclassID","tinyint","tinyint","NO",""
"hotfixes","item","ScalingStatDistributionID","smallint unsigned","smallint","NO",""
"hotfixes","item","IconFileDataID","int","int","NO",""
"hotfixes","item","ItemGroupSoundsID","tinyint unsigned","tinyint","NO",""
"hotfixes","item","ContentTuningID","int","int","NO",""
"hotfixes","item","MaxDurability","int unsigned","int","NO",""
"hotfixes","item","AmmunitionType","tinyint unsigned","tinyint","NO",""
"hotfixes","item","ScalingStatValue","int","int","NO",""
"hotfixes","item","DamageType1","tinyint unsigned","tinyint","NO",""
"hotfixes","item","DamageType2","tinyint unsigned","tinyint","NO",""
"hotfixes","item","DamageType3","tinyint unsigned","tinyint","NO",""
"hotfixes","item","DamageType4","tinyint unsigned","tinyint","NO",""
"hotfixes","item","DamageType5","tinyint unsigned","tinyint","NO",""
"hotfixes","item","Resistances1","smallint","smallint","NO",""
"hotfixes","item","Resistances2","smallint","smallint","NO",""
"hotfixes","item","Resistances3","smallint","smallint","NO",""
"hotfixes","item","Resistances4","smallint","smallint","NO",""
"hotfixes","item","Resistances5","smallint","smallint","NO",""
"hotfixes","item","Resistances6","smallint","smallint","NO",""
"hotfixes","item","Resistances7","smallint","smallint","NO",""
"hotfixes","item","MinDamage1","smallint unsigned","smallint","NO",""
"hotfixes","item","MinDamage2","smallint unsigned","smallint","NO",""
"hotfixes","item","MinDamage3","smallint unsigned","smallint","NO",""
"hotfixes","item","MinDamage4","smallint unsigned","smallint","NO",""
"hotfixes","item","MinDamage5","smallint unsigned","smallint","NO",""
"hotfixes","item","MaxDamage1","smallint unsigned","smallint","NO",""
"hotfixes","item","MaxDamage2","smallint unsigned","smallint","NO",""
"hotfixes","item","MaxDamage3","smallint unsigned","smallint","NO",""
"hotfixes","item","MaxDamage4","smallint unsigned","smallint","NO",""
"hotfixes","item","MaxDamage5","smallint unsigned","smallint","NO",""
"hotfixes","item","VerifiedBuild","int","int","NO","PRI"
"hotfixes","item_appearance","ID","int unsigned","int","NO","PRI"
"hotfixes","item_appearance","DisplayType","tinyint unsigned","tinyint","NO",""
"hotfixes","item_appearance","ItemDisplayInfoID","int","int","NO",""
"hotfixes","item_appearance","DefaultIconFileDataID","int","int","NO",""
"hotfixes","item_appearance","UiOrder","int","int","NO",""
"hotfixes","item_appearance","VerifiedBuild","int","int","NO","PRI"
"hotfixes","item_armor_quality","ID","int unsigned","int","NO","PRI"
"hotfixes","item_armor_quality","Qualitymod1","float","float","NO",""
"hotfixes","item_armor_quality","Qualitymod2","float","float","NO",""
"hotfixes","item_armor_quality","Qualitymod3","float","float","NO",""
"hotfixes","item_armor_quality","Qualitymod4","float","float","NO",""
"hotfixes","item_armor_quality","Qualitymod5","float","float","NO",""
"hotfixes","item_armor_quality","Qualitymod6","float","float","NO",""
"hotfixes","item_armor_quality","Qualitymod7","float","float","NO",""
"hotfixes","item_armor_quality","VerifiedBuild","int","int","NO","PRI"
"hotfixes","item_armor_shield","ID","int unsigned","int","NO","PRI"
"hotfixes","item_armor_shield","Quality1","float","float","NO",""
"hotfixes","item_armor_shield","Quality2","float","float","NO",""
"hotfixes","item_armor_shield","Quality3","float","float","NO",""
"hotfixes","item_armor_shield","Quality4","float","float","NO",""
"hotfixes","item_armor_shield","Quality5","float","float","NO",""
"hotfixes","item_armor_shield","Quality6","float","float","NO",""
"hotfixes","item_armor_shield","Quality7","float","float","NO",""
"hotfixes","item_armor_shield","ItemLevel","smallint unsigned","smallint","NO",""
"hotfixes","item_armor_shield","VerifiedBuild","int","int","NO","PRI"
"hotfixes","item_armor_total","ID","int unsigned","int","NO","PRI"
"hotfixes","item_armor_total","ItemLevel","smallint","smallint","NO",""
"hotfixes","item_armor_total","Cloth","float","float","NO",""
"hotfixes","item_armor_total","Leather","float","float","NO",""
"hotfixes","item_armor_total","Mail","float","float","NO",""
"hotfixes","item_armor_total","Plate","float","float","NO",""
"hotfixes","item_armor_total","VerifiedBuild","int","int","NO","PRI"
"hotfixes","item_bag_family","ID","int unsigned","int","NO","PRI"
"hotfixes","item_bag_family","Name","text","text","YES",""
"hotfixes","item_bag_family","VerifiedBuild","int","int","NO","PRI"
"hotfixes","item_bag_family_locale","ID","int unsigned","int","NO","PRI"
"hotfixes","item_bag_family_locale","locale","varchar(4)","varchar","NO","PRI"
"hotfixes","item_bag_family_locale","Name_lang","text","text","YES",""
"hotfixes","item_bag_family_locale","VerifiedBuild","int","int","NO","PRI"
"hotfixes","item_bonus","ID","int unsigned","int","NO","PRI"
"hotfixes","item_bonus","Value1","int","int","NO",""
"hotfixes","item_bonus","Value2","int","int","NO",""
"hotfixes","item_bonus","Value3","int","int","NO",""
"hotfixes","item_bonus","Value4","int","int","NO",""
"hotfixes","item_bonus","ParentItemBonusListID","smallint unsigned","smallint","NO",""
"hotfixes","item_bonus","Type","tinyint unsigned","tinyint","NO",""
"hotfixes","item_bonus","OrderIndex","tinyint unsigned","tinyint","NO",""
"hotfixes","item_bonus","VerifiedBuild","int","int","NO","PRI"
"hotfixes","item_bonus_list_group_entry","ID","int unsigned","int","NO","PRI"
"hotfixes","item_bonus_list_group_entry","ItemBonusListGroupID","int","int","NO",""
"hotfixes","item_bonus_list_group_entry","ItemBonusListID","int","int","NO",""
"hotfixes","item_bonus_list_group_entry","ItemLevelSelectorID","int","int","NO",""
"hotfixes","item_bonus_list_group_entry","SequenceValue","int","int","NO",""
"hotfixes","item_bonus_list_group_entry","ItemExtendedCostID","int","int","NO",""
"hotfixes","item_bonus_list_group_entry","PlayerConditionID","int","int","NO",""
"hotfixes","item_bonus_list_group_entry","Flags","int","int","NO",""
"hotfixes","item_bonus_list_group_entry","ItemLogicalCostGroupID","int","int","NO",""
"hotfixes","item_bonus_list_group_entry","VerifiedBuild","int","int","NO","PRI"
"hotfixes","item_bonus_list_level_delta","ItemLevelDelta","smallint","smallint","NO",""
"hotfixes","item_bonus_list_level_delta","ID","int unsigned","int","NO","PRI"
"hotfixes","item_bonus_list_level_delta","VerifiedBuild","int","int","NO","PRI"
"hotfixes","item_bonus_tree","ID","int unsigned","int","NO","PRI"
"hotfixes","item_bonus_tree","Flags","int","int","NO",""
"hotfixes","item_bonus_tree","InventoryTypeSlotMask","int","int","NO",""
"hotfixes","item_bonus_tree","VerifiedBuild","int","int","NO","PRI"
"hotfixes","item_bonus_tree_node","ID","int unsigned","int","NO","PRI"
"hotfixes","item_bonus_tree_node","ItemContext","tinyint unsigned","tinyint","NO",""
"hotfixes","item_bonus_tree_node","ChildItemBonusTreeID","smallint unsigned","smallint","NO",""
"hotfixes","item_bonus_tree_node","ChildItemBonusListID","smallint unsigned","smallint","NO",""
"hotfixes","item_bonus_tree_node","ChildItemLevelSelectorID","smallint unsigned","smallint","NO",""
"hotfixes","item_bonus_tree_node","ParentItemBonusTreeID","int unsigned","int","NO",""
"hotfixes","item_bonus_tree_node","VerifiedBuild","int","int","NO","PRI"
"hotfixes","item_child_equipment","ID","int unsigned","int","NO","PRI"
"hotfixes","item_child_equipment","ChildItemID","int","int","NO",""
"hotfixes","item_child_equipment","ChildItemEquipSlot","tinyint unsigned","tinyint","NO",""
"hotfixes","item_child_equipment","ParentItemID","int unsigned","int","NO",""
"hotfixes","item_child_equipment","VerifiedBuild","int","int","NO","PRI"
"hotfixes","item_class","ID","int unsigned","int","NO","PRI"
"hotfixes","item_class","ClassName","text","text","YES",""
"hotfixes","item_class","ClassID","tinyint","tinyint","NO",""
"hotfixes","item_class","PriceModifier","float","float","NO",""
"hotfixes","item_class","Flags","tinyint unsigned","tinyint","NO",""
"hotfixes","item_class","VerifiedBuild","int","int","NO","PRI"
"hotfixes","item_class_locale","ID","int unsigned","int","NO","PRI"
"hotfixes","item_class_locale","locale","varchar(4)","varchar","NO","PRI"
"hotfixes","item_class_locale","ClassName_lang","text","text","YES",""
"hotfixes","item_class_locale","VerifiedBuild","int","int","NO","PRI"
"hotfixes","item_context_picker_entry","ID","int unsigned","int","NO","PRI"
"hotfixes","item_context_picker_entry","ItemCreationContext","tinyint unsigned","tinyint","NO",""
"hotfixes","item_context_picker_entry","OrderIndex","tinyint unsigned","tinyint","NO",""
"hotfixes","item_context_picker_entry","PVal","int","int","NO",""
"hotfixes","item_context_picker_entry","Flags","int unsigned","int","NO",""
"hotfixes","item_context_picker_entry","PlayerConditionID","int unsigned","int","NO",""
"hotfixes","item_context_picker_entry","ItemContextPickerID","int unsigned","int","NO",""
"hotfixes","item_context_picker_entry","VerifiedBuild","int","int","NO","PRI"
"hotfixes","item_currency_cost","ID","int unsigned","int","NO","PRI"
"hotfixes","item_currency_cost","ItemID","int","int","NO",""
"hotfixes","item_currency_cost","VerifiedBuild","int","int","NO","PRI"
"hotfixes","item_damage_ammo","ID","int unsigned","int","NO","PRI"
"hotfixes","item_damage_ammo","ItemLevel","smallint unsigned","smallint","NO",""
"hotfixes","item_damage_ammo","Quality1","float","float","NO",""
"hotfixes","item_damage_ammo","Quality2","float","float","NO",""
"hotfixes","item_damage_ammo","Quality3","float","float","NO",""
"hotfixes","item_damage_ammo","Quality4","float","float","NO",""
"hotfixes","item_damage_ammo","Quality5","float","float","NO",""
"hotfixes","item_damage_ammo","Quality6","float","float","NO",""
"hotfixes","item_damage_ammo","Quality7","float","float","NO",""
"hotfixes","item_damage_ammo","VerifiedBuild","int","int","NO","PRI"
"hotfixes","item_damage_one_hand","ID","int unsigned","int","NO","PRI"
"hotfixes","item_damage_one_hand","ItemLevel","smallint unsigned","smallint","NO",""
"hotfixes","item_damage_one_hand","Quality1","float","float","NO",""
"hotfixes","item_damage_one_hand","Quality2","float","float","NO",""
"hotfixes","item_damage_one_hand","Quality3","float","float","NO",""
"hotfixes","item_damage_one_hand","Quality4","float","float","NO",""
"hotfixes","item_damage_one_hand","Quality5","float","float","NO",""
"hotfixes","item_damage_one_hand","Quality6","float","float","NO",""
"hotfixes","item_damage_one_hand","Quality7","float","float","NO",""
"hotfixes","item_damage_one_hand","VerifiedBuild","int","int","NO","PRI"
"hotfixes","item_damage_one_hand_caster","ID","int unsigned","int","NO","PRI"
"hotfixes","item_damage_one_hand_caster","ItemLevel","smallint unsigned","smallint","NO",""
"hotfixes","item_damage_one_hand_caster","Quality1","float","float","NO",""
"hotfixes","item_damage_one_hand_caster","Quality2","float","float","NO",""
"hotfixes","item_damage_one_hand_caster","Quality3","float","float","NO",""
"hotfixes","item_damage_one_hand_caster","Quality4","float","float","NO",""
"hotfixes","item_damage_one_hand_caster","Quality5","float","float","NO",""
"hotfixes","item_damage_one_hand_caster","Quality6","float","float","NO",""
"hotfixes","item_damage_one_hand_caster","Quality7","float","float","NO",""
"hotfixes","item_damage_one_hand_caster","VerifiedBuild","int","int","NO","PRI"
"hotfixes","item_damage_two_hand","ID","int unsigned","int","NO","PRI"
"hotfixes","item_damage_two_hand","ItemLevel","smallint unsigned","smallint","NO",""
"hotfixes","item_damage_two_hand","Quality1","float","float","NO",""
"hotfixes","item_damage_two_hand","Quality2","float","float","NO",""
"hotfixes","item_damage_two_hand","Quality3","float","float","NO",""
"hotfixes","item_damage_two_hand","Quality4","float","float","NO",""
"hotfixes","item_damage_two_hand","Quality5","float","float","NO",""
"hotfixes","item_damage_two_hand","Quality6","float","float","NO",""
"hotfixes","item_damage_two_hand","Quality7","float","float","NO",""
"hotfixes","item_damage_two_hand","VerifiedBuild","int","int","NO","PRI"
"hotfixes","item_damage_two_hand_caster","ID","int unsigned","int","NO","PRI"
"hotfixes","item_damage_two_hand_caster","ItemLevel","smallint unsigned","smallint","NO",""
"hotfixes","item_damage_two_hand_caster","Quality1","float","float","NO",""
"hotfixes","item_damage_two_hand_caster","Quality2","float","float","NO",""
"hotfixes","item_damage_two_hand_caster","Quality3","float","float","NO",""
"hotfixes","item_damage_two_hand_caster","Quality4","float","float","NO",""
"hotfixes","item_damage_two_hand_caster","Quality5","float","float","NO",""
"hotfixes","item_damage_two_hand_caster","Quality6","float","float","NO",""
"hotfixes","item_damage_two_hand_caster","Quality7","float","float","NO",""
"hotfixes","item_damage_two_hand_caster","VerifiedBuild","int","int","NO","PRI"
"hotfixes","item_disenchant_loot","ID","int unsigned","int","NO","PRI"
"hotfixes","item_disenchant_loot","Subclass","tinyint","tinyint","NO",""
"hotfixes","item_disenchant_loot","Quality","tinyint unsigned","tinyint","NO",""
"hotfixes","item_disenchant_loot","MinLevel","smallint unsigned","smallint","NO",""
"hotfixes","item_disenchant_loot","MaxLevel","smallint unsigned","smallint","NO",""
"hotfixes","item_disenchant_loot","SkillRequired","smallint unsigned","smallint","NO",""
"hotfixes","item_disenchant_loot","ExpansionID","tinyint","tinyint","NO",""
"hotfixes","item_disenchant_loot","Class","int unsigned","int","NO",""
"hotfixes","item_disenchant_loot","VerifiedBuild","int","int","NO","PRI"
"hotfixes","item_effect","ID","int unsigned","int","NO","PRI"
"hotfixes","item_effect","LegacySlotIndex","tinyint unsigned","tinyint","NO",""
"hotfixes","item_effect","TriggerType","tinyint","tinyint","NO",""
"hotfixes","item_effect","Charges","smallint","smallint","NO",""
"hotfixes","item_effect","CoolDownMSec","int","int","NO",""
"hotfixes","item_effect","CategoryCoolDownMSec","int","int","NO",""
"hotfixes","item_effect","SpellCategoryID","smallint unsigned","smallint","NO",""
"hotfixes","item_effect","SpellID","int","int","NO",""
"hotfixes","item_effect","ChrSpecializationID","smallint unsigned","smallint","NO",""
"hotfixes","item_effect","ParentItemID","int unsigned","int","NO",""
"hotfixes","item_effect","VerifiedBuild","int","int","NO","PRI"
"hotfixes","item_extended_cost","ID","int unsigned","int","NO","PRI"
"hotfixes","item_extended_cost","RequiredArenaRating","smallint unsigned","smallint","NO",""
"hotfixes","item_extended_cost","ArenaBracket","tinyint","tinyint","NO",""
"hotfixes","item_extended_cost","Flags","tinyint unsigned","tinyint","NO",""
"hotfixes","item_extended_cost","MinFactionID","tinyint unsigned","tinyint","NO",""
"hotfixes","item_extended_cost","MinReputation","int","int","NO",""
"hotfixes","item_extended_cost","RequiredAchievement","tinyint unsigned","tinyint","NO",""
"hotfixes","item_extended_cost","ItemID1","int","int","NO",""
"hotfixes","item_extended_cost","ItemID2","int","int","NO",""
"hotfixes","item_extended_cost","ItemID3","int","int","NO",""
"hotfixes","item_extended_cost","ItemID4","int","int","NO",""
"hotfixes","item_extended_cost","ItemID5","int","int","NO",""
"hotfixes","item_extended_cost","ItemCount1","smallint unsigned","smallint","NO",""
"hotfixes","item_extended_cost","ItemCount2","smallint unsigned","smallint","NO",""
"hotfixes","item_extended_cost","ItemCount3","smallint unsigned","smallint","NO",""
"hotfixes","item_extended_cost","ItemCount4","smallint unsigned","smallint","NO",""
"hotfixes","item_extended_cost","ItemCount5","smallint unsigned","smallint","NO",""
"hotfixes","item_extended_cost","CurrencyID1","smallint unsigned","smallint","NO",""
"hotfixes","item_extended_cost","CurrencyID2","smallint unsigned","smallint","NO",""
"hotfixes","item_extended_cost","CurrencyID3","smallint unsigned","smallint","NO",""
"hotfixes","item_extended_cost","CurrencyID4","smallint unsigned","smallint","NO",""
"hotfixes","item_extended_cost","CurrencyID5","smallint unsigned","smallint","NO",""
"hotfixes","item_extended_cost","CurrencyCount1","int unsigned","int","NO",""
"hotfixes","item_extended_cost","CurrencyCount2","int unsigned","int","NO",""
"hotfixes","item_extended_cost","CurrencyCount3","int unsigned","int","NO",""
"hotfixes","item_extended_cost","CurrencyCount4","int unsigned","int","NO",""
"hotfixes","item_extended_cost","CurrencyCount5","int unsigned","int","NO",""
"hotfixes","item_extended_cost","VerifiedBuild","int","int","NO","PRI"
"hotfixes","item_level_selector","ID","int unsigned","int","NO","PRI"
"hotfixes","item_level_selector","MinItemLevel","smallint unsigned","smallint","NO",""
"hotfixes","item_level_selector","ItemLevelSelectorQualitySetID","smallint unsigned","smallint","NO",""
"hotfixes","item_level_selector","VerifiedBuild","int","int","NO","PRI"
"hotfixes","item_level_selector_quality","ID","int unsigned","int","NO","PRI"
"hotfixes","item_level_selector_quality","QualityItemBonusListID","int","int","NO",""
"hotfixes","item_level_selector_quality","Quality","tinyint","tinyint","NO",""
"hotfixes","item_level_selector_quality","ParentILSQualitySetID","int unsigned","int","NO",""
"hotfixes","item_level_selector_quality","VerifiedBuild","int","int","NO","PRI"
"hotfixes","item_level_selector_quality_set","ID","int unsigned","int","NO","PRI"
"hotfixes","item_level_selector_quality_set","IlvlRare","smallint","smallint","NO",""
"hotfixes","item_level_selector_quality_set","IlvlEpic","smallint","smallint","NO",""
"hotfixes","item_level_selector_quality_set","VerifiedBuild","int","int","NO","PRI"
"hotfixes","item_limit_category","ID","int unsigned","int","NO","PRI"
"hotfixes","item_limit_category","Name","text","text","YES",""
"hotfixes","item_limit_category","Quantity","tinyint unsigned","tinyint","NO",""
"hotfixes","item_limit_category","Flags","tinyint unsigned","tinyint","NO",""
"hotfixes","item_limit_category","VerifiedBuild","int","int","NO","PRI"
"hotfixes","item_limit_category_condition","ID","int unsigned","int","NO","PRI"
"hotfixes","item_limit_category_condition","AddQuantity","tinyint","tinyint","NO",""
"hotfixes","item_limit_category_condition","PlayerConditionID","int unsigned","int","NO",""
"hotfixes","item_limit_category_condition","ParentItemLimitCategoryID","int unsigned","int","NO",""
"hotfixes","item_limit_category_condition","VerifiedBuild","int","int","NO","PRI"
"hotfixes","item_limit_category_locale","ID","int unsigned","int","NO","PRI"
"hotfixes","item_limit_category_locale","locale","varchar(4)","varchar","NO","PRI"
"hotfixes","item_limit_category_locale","Name_lang","text","text","YES",""
"hotfixes","item_limit_category_locale","VerifiedBuild","int","int","NO","PRI"
"hotfixes","item_modified_appearance","ID","int unsigned","int","NO","PRI"
"hotfixes","item_modified_appearance","ItemID","int","int","NO",""
"hotfixes","item_modified_appearance","ItemAppearanceModifierID","int","int","NO",""
"hotfixes","item_modified_appearance","ItemAppearanceID","int","int","NO",""
"hotfixes","item_modified_appearance","OrderIndex","int","int","NO",""
"hotfixes","item_modified_appearance","TransmogSourceTypeEnum","int","int","NO",""
"hotfixes","item_modified_appearance","VerifiedBuild","int","int","NO","PRI"
"hotfixes","item_modified_appearance_extra","ID","int unsigned","int","NO","PRI"
"hotfixes","item_modified_appearance_extra","IconFileDataID","int","int","NO",""
"hotfixes","item_modified_appearance_extra","UnequippedIconFileDataID","int","int","NO",""
"hotfixes","item_modified_appearance_extra","SheatheType","tinyint unsigned","tinyint","NO",""
"hotfixes","item_modified_appearance_extra","DisplayWeaponSubclassID","tinyint","tinyint","NO",""
"hotfixes","item_modified_appearance_extra","DisplayInventoryType","tinyint","tinyint","NO",""
"hotfixes","item_modified_appearance_extra","VerifiedBuild","int","int","NO","PRI"
"hotfixes","item_name_description","ID","int unsigned","int","NO","PRI"
"hotfixes","item_name_description","Description","text","text","YES",""
"hotfixes","item_name_description","Color","int","int","NO",""
"hotfixes","item_name_description","VerifiedBuild","int","int","NO","PRI"
"hotfixes","item_name_description_locale","ID","int unsigned","int","NO","PRI"
"hotfixes","item_name_description_locale","locale","varchar(4)","varchar","NO","PRI"
"hotfixes","item_name_description_locale","Description_lang","text","text","YES",""
"hotfixes","item_name_description_locale","VerifiedBuild","int","int","NO","PRI"
"hotfixes","item_price_base","ID","int unsigned","int","NO","PRI"
"hotfixes","item_price_base","ItemLevel","smallint unsigned","smallint","NO",""
"hotfixes","item_price_base","Armor","float","float","NO",""
"hotfixes","item_price_base","Weapon","float","float","NO",""
"hotfixes","item_price_base","VerifiedBuild","int","int","NO","PRI"
"hotfixes","item_random_properties","ID","int unsigned","int","NO","PRI"
"hotfixes","item_random_properties","Name","text","text","YES",""
"hotfixes","item_random_properties","Enchantment1","smallint unsigned","smallint","NO",""
"hotfixes","item_random_properties","Enchantment2","smallint unsigned","smallint","NO",""
"hotfixes","item_random_properties","Enchantment3","smallint unsigned","smallint","NO",""
"hotfixes","item_random_properties","Enchantment4","smallint unsigned","smallint","NO",""
"hotfixes","item_random_properties","Enchantment5","smallint unsigned","smallint","NO",""
"hotfixes","item_random_properties","VerifiedBuild","int","int","NO","PRI"
"hotfixes","item_random_properties_locale","ID","int unsigned","int","NO","PRI"
"hotfixes","item_random_properties_locale","locale","varchar(4)","varchar","NO","PRI"
"hotfixes","item_random_properties_locale","Name_lang","text","text","YES",""
"hotfixes","item_random_properties_locale","VerifiedBuild","int","int","NO","PRI"
"hotfixes","item_random_suffix","ID","int unsigned","int","NO","PRI"
"hotfixes","item_random_suffix","Name","text","text","YES",""
"hotfixes","item_random_suffix","Enchantment1","smallint unsigned","smallint","NO",""
"hotfixes","item_random_suffix","Enchantment2","smallint unsigned","smallint","NO",""
"hotfixes","item_random_suffix","Enchantment3","smallint unsigned","smallint","NO",""
"hotfixes","item_random_suffix","Enchantment4","smallint unsigned","smallint","NO",""
"hotfixes","item_random_suffix","Enchantment5","smallint unsigned","smallint","NO",""
"hotfixes","item_random_suffix","AllocationPct1","smallint unsigned","smallint","NO",""
"hotfixes","item_random_suffix","AllocationPct2","smallint unsigned","smallint","NO",""
"hotfixes","item_random_suffix","AllocationPct3","smallint unsigned","smallint","NO",""
"hotfixes","item_random_suffix","AllocationPct4","smallint unsigned","smallint","NO",""
"hotfixes","item_random_suffix","AllocationPct5","smallint unsigned","smallint","NO",""
"hotfixes","item_random_suffix","VerifiedBuild","int","int","NO","PRI"
"hotfixes","item_random_suffix_locale","ID","int unsigned","int","NO","PRI"
"hotfixes","item_random_suffix_locale","locale","varchar(4)","varchar","NO","PRI"
"hotfixes","item_random_suffix_locale","Name_lang","text","text","YES",""
"hotfixes","item_random_suffix_locale","VerifiedBuild","int","int","NO","PRI"
"hotfixes","item_search_name","AllowableRace","bigint","bigint","NO",""
"hotfixes","item_search_name","Display","text","text","YES",""
"hotfixes","item_search_name","ID","int unsigned","int","NO","PRI"
"hotfixes","item_search_name","OverallQualityID","tinyint unsigned","tinyint","NO",""
"hotfixes","item_search_name","ExpansionID","tinyint","tinyint","NO",""
"hotfixes","item_search_name","MinFactionID","smallint unsigned","smallint","NO",""
"hotfixes","item_search_name","MinReputation","int","int","NO",""
"hotfixes","item_search_name","AllowableClass","int","int","NO",""
"hotfixes","item_search_name","RequiredLevel","tinyint","tinyint","NO",""
"hotfixes","item_search_name","RequiredSkill","smallint unsigned","smallint","NO",""
"hotfixes","item_search_name","RequiredSkillRank","smallint unsigned","smallint","NO",""
"hotfixes","item_search_name","RequiredAbility","int unsigned","int","NO",""
"hotfixes","item_search_name","ItemLevel","smallint unsigned","smallint","NO",""
"hotfixes","item_search_name","Flags1","int","int","NO",""
"hotfixes","item_search_name","Flags2","int","int","NO",""
"hotfixes","item_search_name","Flags3","int","int","NO",""
"hotfixes","item_search_name","Flags4","int","int","NO",""
"hotfixes","item_search_name","VerifiedBuild","int","int","NO","PRI"
"hotfixes","item_search_name_locale","ID","int unsigned","int","NO","PRI"
"hotfixes","item_search_name_locale","locale","varchar(4)","varchar","NO","PRI"
"hotfixes","item_search_name_locale","Display_lang","text","text","YES",""
"hotfixes","item_search_name_locale","VerifiedBuild","int","int","NO","PRI"
"hotfixes","item_set","ID","int unsigned","int","NO","PRI"
"hotfixes","item_set","Name","text","text","YES",""
"hotfixes","item_set","SetFlags","int unsigned","int","NO",""
"hotfixes","item_set","RequiredSkill","int unsigned","int","NO",""
"hotfixes","item_set","RequiredSkillRank","smallint unsigned","smallint","NO",""
"hotfixes","item_set","ItemID1","int unsigned","int","NO",""
"hotfixes","item_set","ItemID2","int unsigned","int","NO",""
"hotfixes","item_set","ItemID3","int unsigned","int","NO",""
"hotfixes","item_set","ItemID4","int unsigned","int","NO",""
"hotfixes","item_set","ItemID5","int unsigned","int","NO",""
"hotfixes","item_set","ItemID6","int unsigned","int","NO",""
"hotfixes","item_set","ItemID7","int unsigned","int","NO",""
"hotfixes","item_set","ItemID8","int unsigned","int","NO",""
"hotfixes","item_set","ItemID9","int unsigned","int","NO",""
"hotfixes","item_set","ItemID10","int unsigned","int","NO",""
"hotfixes","item_set","ItemID11","int unsigned","int","NO",""
"hotfixes","item_set","ItemID12","int unsigned","int","NO",""
"hotfixes","item_set","ItemID13","int unsigned","int","NO",""
"hotfixes","item_set","ItemID14","int unsigned","int","NO",""
"hotfixes","item_set","ItemID15","int unsigned","int","NO",""
"hotfixes","item_set","ItemID16","int unsigned","int","NO",""
"hotfixes","item_set","ItemID17","int unsigned","int","NO",""
"hotfixes","item_set","VerifiedBuild","int","int","NO","PRI"
"hotfixes","item_set_locale","ID","int unsigned","int","NO","PRI"
"hotfixes","item_set_locale","locale","varchar(4)","varchar","NO","PRI"
"hotfixes","item_set_locale","Name_lang","text","text","YES",""
"hotfixes","item_set_locale","VerifiedBuild","int","int","NO","PRI"
"hotfixes","item_set_spell","ID","int unsigned","int","NO","PRI"
"hotfixes","item_set_spell","ChrSpecID","smallint unsigned","smallint","NO",""
"hotfixes","item_set_spell","SpellID","int unsigned","int","NO",""
"hotfixes","item_set_spell","Threshold","tinyint unsigned","tinyint","NO",""
"hotfixes","item_set_spell","ItemSetID","int unsigned","int","NO",""
"hotfixes","item_set_spell","VerifiedBuild","int","int","NO","PRI"
"hotfixes","item_sparse","ID","int unsigned","int","NO","PRI"
"hotfixes","item_sparse","AllowableRace","bigint","bigint","NO",""
"hotfixes","item_sparse","Description","text","text","YES",""
"hotfixes","item_sparse","Display3","text","text","YES",""
"hotfixes","item_sparse","Display2","text","text","YES",""
"hotfixes","item_sparse","Display1","text","text","YES",""
"hotfixes","item_sparse","Display","text","text","YES",""
"hotfixes","item_sparse","DmgVariance","float","float","NO",""
"hotfixes","item_sparse","DurationInInventory","int unsigned","int","NO",""
"hotfixes","item_sparse","QualityModifier","float","float","NO",""
"hotfixes","item_sparse","BagFamily","int unsigned","int","NO",""
"hotfixes","item_sparse","StartQuestID","int","int","NO",""
"hotfixes","item_sparse","ItemRange","float","float","NO",""
"hotfixes","item_sparse","StatPercentageOfSocket1","float","float","NO",""
"hotfixes","item_sparse","StatPercentageOfSocket2","float","float","NO",""
"hotfixes","item_sparse","StatPercentageOfSocket3","float","float","NO",""
"hotfixes","item_sparse","StatPercentageOfSocket4","float","float","NO",""
"hotfixes","item_sparse","StatPercentageOfSocket5","float","float","NO",""
"hotfixes","item_sparse","StatPercentageOfSocket6","float","float","NO",""
"hotfixes","item_sparse","StatPercentageOfSocket7","float","float","NO",""
"hotfixes","item_sparse","StatPercentageOfSocket8","float","float","NO",""
"hotfixes","item_sparse","StatPercentageOfSocket9","float","float","NO",""
"hotfixes","item_sparse","StatPercentageOfSocket10","float","float","NO",""
"hotfixes","item_sparse","StatPercentEditor1","int","int","NO",""
"hotfixes","item_sparse","StatPercentEditor2","int","int","NO",""
"hotfixes","item_sparse","StatPercentEditor3","int","int","NO",""
"hotfixes","item_sparse","StatPercentEditor4","int","int","NO",""
"hotfixes","item_sparse","StatPercentEditor5","int","int","NO",""
"hotfixes","item_sparse","StatPercentEditor6","int","int","NO",""
"hotfixes","item_sparse","StatPercentEditor7","int","int","NO",""
"hotfixes","item_sparse","StatPercentEditor8","int","int","NO",""
"hotfixes","item_sparse","StatPercentEditor9","int","int","NO",""
"hotfixes","item_sparse","StatPercentEditor10","int","int","NO",""
"hotfixes","item_sparse","Stackable","int","int","NO",""
"hotfixes","item_sparse","MaxCount","int","int","NO",""
"hotfixes","item_sparse","MinReputation","int","int","NO",""
"hotfixes","item_sparse","RequiredAbility","int unsigned","int","NO",""
"hotfixes","item_sparse","SellPrice","int unsigned","int","NO",""
"hotfixes","item_sparse","BuyPrice","int unsigned","int","NO",""
"hotfixes","item_sparse","VendorStackCount","int unsigned","int","NO",""
"hotfixes","item_sparse","PriceVariance","float","float","NO",""
"hotfixes","item_sparse","PriceRandomValue","float","float","NO",""
"hotfixes","item_sparse","Flags1","int","int","NO",""
"hotfixes","item_sparse","Flags2","int","int","NO",""
"hotfixes","item_sparse","Flags3","int","int","NO",""
"hotfixes","item_sparse","Flags4","int","int","NO",""
"hotfixes","item_sparse","FactionRelated","int","int","NO",""
"hotfixes","item_sparse","ModifiedCraftingReagentItemID","int","int","NO",""
"hotfixes","item_sparse","ContentTuningID","int","int","NO",""
"hotfixes","item_sparse","PlayerLevelToItemLevelCurveID","int","int","NO",""
"hotfixes","item_sparse","MaxDurability","int unsigned","int","NO",""
"hotfixes","item_sparse","ItemNameDescriptionID","smallint unsigned","smallint","NO",""
"hotfixes","item_sparse","RequiredTransmogHoliday","smallint unsigned","smallint","NO",""
"hotfixes","item_sparse","RequiredHoliday","smallint unsigned","smallint","NO",""
"hotfixes","item_sparse","LimitCategory","smallint unsigned","smallint","NO",""
"hotfixes","item_sparse","GemProperties","smallint unsigned","smallint","NO",""
"hotfixes","item_sparse","SocketMatchEnchantmentId","smallint unsigned","smallint","NO",""
"hotfixes","item_sparse","TotemCategoryID","smallint unsigned","smallint","NO",""
"hotfixes","item_sparse","InstanceBound","smallint unsigned","smallint","NO",""
"hotfixes","item_sparse","ZoneBound1","smallint unsigned","smallint","NO",""
"hotfixes","item_sparse","ZoneBound2","smallint unsigned","smallint","NO",""
"hotfixes","item_sparse","ItemSet","smallint unsigned","smallint","NO",""
"hotfixes","item_sparse","LockID","smallint unsigned","smallint","NO",""
"hotfixes","item_sparse","PageID","smallint unsigned","smallint","NO",""
"hotfixes","item_sparse","ItemDelay","smallint unsigned","smallint","NO",""
"hotfixes","item_sparse","MinFactionID","smallint unsigned","smallint","NO",""
"hotfixes","item_sparse","RequiredSkillRank","smallint unsigned","smallint","NO",""
"hotfixes","item_sparse","RequiredSkill","smallint unsigned","smallint","NO",""
"hotfixes","item_sparse","ItemLevel","smallint unsigned","smallint","NO",""
"hotfixes","item_sparse","AllowableClass","smallint","smallint","NO",""
"hotfixes","item_sparse","ItemRandomSuffixGroupID","smallint unsigned","smallint","NO",""
"hotfixes","item_sparse","RandomSelect","smallint unsigned","smallint","NO",""
"hotfixes","item_sparse","MinDamage1","smallint unsigned","smallint","NO",""
"hotfixes","item_sparse","MinDamage2","smallint unsigned","smallint","NO",""
"hotfixes","item_sparse","MinDamage3","smallint unsigned","smallint","NO",""
"hotfixes","item_sparse","MinDamage4","smallint unsigned","smallint","NO",""
"hotfixes","item_sparse","MinDamage5","smallint unsigned","smallint","NO",""
"hotfixes","item_sparse","MaxDamage1","smallint unsigned","smallint","NO",""
"hotfixes","item_sparse","MaxDamage2","smallint unsigned","smallint","NO",""
"hotfixes","item_sparse","MaxDamage3","smallint unsigned","smallint","NO",""
"hotfixes","item_sparse","MaxDamage4","smallint unsigned","smallint","NO",""
"hotfixes","item_sparse","MaxDamage5","smallint unsigned","smallint","NO",""
"hotfixes","item_sparse","Resistances1","smallint","smallint","NO",""
"hotfixes","item_sparse","Resistances2","smallint","smallint","NO",""
"hotfixes","item_sparse","Resistances3","smallint","smallint","NO",""
"hotfixes","item_sparse","Resistances4","smallint","smallint","NO",""
"hotfixes","item_sparse","Resistances5","smallint","smallint","NO",""
"hotfixes","item_sparse","Resistances6","smallint","smallint","NO",""
"hotfixes","item_sparse","Resistances7","smallint","smallint","NO",""
"hotfixes","item_sparse","ScalingStatDistributionID","smallint unsigned","smallint","NO",""
"hotfixes","item_sparse","StatModifierBonusAmount1","smallint","smallint","NO",""
"hotfixes","item_sparse","StatModifierBonusAmount2","smallint","smallint","NO",""
"hotfixes","item_sparse","StatModifierBonusAmount3","smallint","smallint","NO",""
"hotfixes","item_sparse","StatModifierBonusAmount4","smallint","smallint","NO",""
"hotfixes","item_sparse","StatModifierBonusAmount5","smallint","smallint","NO",""
"hotfixes","item_sparse","StatModifierBonusAmount6","smallint","smallint","NO",""
"hotfixes","item_sparse","StatModifierBonusAmount7","smallint","smallint","NO",""
"hotfixes","item_sparse","StatModifierBonusAmount8","smallint","smallint","NO",""
"hotfixes","item_sparse","StatModifierBonusAmount9","smallint","smallint","NO",""
"hotfixes","item_sparse","StatModifierBonusAmount10","smallint","smallint","NO",""
"hotfixes","item_sparse","ExpansionID","tinyint unsigned","tinyint","NO",""
"hotfixes","item_sparse","ArtifactID","tinyint unsigned","tinyint","NO",""
"hotfixes","item_sparse","SpellWeight","tinyint unsigned","tinyint","NO",""
"hotfixes","item_sparse","SpellWeightCategory","tinyint unsigned","tinyint","NO",""
"hotfixes","item_sparse","SocketType1","tinyint unsigned","tinyint","NO",""
"hotfixes","item_sparse","SocketType2","tinyint unsigned","tinyint","NO",""
"hotfixes","item_sparse","SocketType3","tinyint unsigned","tinyint","NO",""
"hotfixes","item_sparse","SheatheType","tinyint unsigned","tinyint","NO",""
"hotfixes","item_sparse","Material","tinyint unsigned","tinyint","NO",""
"hotfixes","item_sparse","PageMaterialID","tinyint unsigned","tinyint","NO",""
"hotfixes","item_sparse","LanguageID","tinyint unsigned","tinyint","NO",""
"hotfixes","item_sparse","Bonding","tinyint unsigned","tinyint","NO",""
"hotfixes","item_sparse","DamageDamageType","tinyint unsigned","tinyint","NO",""
"hotfixes","item_sparse","StatModifierBonusStat1","tinyint","tinyint","NO",""
"hotfixes","item_sparse","StatModifierBonusStat2","tinyint","tinyint","NO",""
"hotfixes","item_sparse","StatModifierBonusStat3","tinyint","tinyint","NO",""
"hotfixes","item_sparse","StatModifierBonusStat4","tinyint","tinyint","NO",""
"hotfixes","item_sparse","StatModifierBonusStat5","tinyint","tinyint","NO",""
"hotfixes","item_sparse","StatModifierBonusStat6","tinyint","tinyint","NO",""
"hotfixes","item_sparse","StatModifierBonusStat7","tinyint","tinyint","NO",""
"hotfixes","item_sparse","StatModifierBonusStat8","tinyint","tinyint","NO",""
"hotfixes","item_sparse","StatModifierBonusStat9","tinyint","tinyint","NO",""
"hotfixes","item_sparse","StatModifierBonusStat10","tinyint","tinyint","NO",""
"hotfixes","item_sparse","ContainerSlots","tinyint unsigned","tinyint","NO",""
"hotfixes","item_sparse","RequiredPVPMedal","tinyint unsigned","tinyint","NO",""
"hotfixes","item_sparse","RequiredPVPRank","tinyint unsigned","tinyint","NO",""
"hotfixes","item_sparse","InventoryType","tinyint","tinyint","NO",""
"hotfixes","item_sparse","OverallQualityID","tinyint","tinyint","NO",""
"hotfixes","item_sparse","AmmunitionType","tinyint unsigned","tinyint","NO",""
"hotfixes","item_sparse","RequiredLevel","tinyint","tinyint","NO",""
"hotfixes","item_sparse","VerifiedBuild","int","int","NO","PRI"
"hotfixes","item_sparse_locale","ID","int unsigned","int","NO","PRI"
"hotfixes","item_sparse_locale","locale","varchar(4)","varchar","NO","PRI"
"hotfixes","item_sparse_locale","Description_lang","text","text","YES",""
"hotfixes","item_sparse_locale","Display3_lang","text","text","YES",""
"hotfixes","item_sparse_locale","Display2_lang","text","text","YES",""
"hotfixes","item_sparse_locale","Display1_lang","text","text","YES",""
"hotfixes","item_sparse_locale","Display_lang","text","text","YES",""
"hotfixes","item_sparse_locale","VerifiedBuild","int","int","NO","PRI"
"hotfixes","item_spec","ID","int unsigned","int","NO","PRI"
"hotfixes","item_spec","MinLevel","tinyint unsigned","tinyint","NO",""
"hotfixes","item_spec","MaxLevel","tinyint unsigned","tinyint","NO",""
"hotfixes","item_spec","ItemType","tinyint unsigned","tinyint","NO",""
"hotfixes","item_spec","PrimaryStat","tinyint unsigned","tinyint","NO",""
"hotfixes","item_spec","SecondaryStat","tinyint unsigned","tinyint","NO",""
"hotfixes","item_spec","SpecializationID","smallint unsigned","smallint","NO",""
"hotfixes","item_spec","VerifiedBuild","int","int","NO","PRI"
"hotfixes","item_spec_override","ID","int unsigned","int","NO","PRI"
"hotfixes","item_spec_override","SpecID","smallint unsigned","smallint","NO",""
"hotfixes","item_spec_override","ItemID","int unsigned","int","NO",""
"hotfixes","item_spec_override","VerifiedBuild","int","int","NO","PRI"
"hotfixes","item_x_bonus_tree","ID","int unsigned","int","NO","PRI"
"hotfixes","item_x_bonus_tree","ItemBonusTreeID","smallint unsigned","smallint","NO",""
"hotfixes","item_x_bonus_tree","ItemID","int unsigned","int","NO",""
"hotfixes","item_x_bonus_tree","VerifiedBuild","int","int","NO","PRI"
"hotfixes","item_x_item_effect","ID","int unsigned","int","NO","PRI"
"hotfixes","item_x_item_effect","ItemEffectID","int","int","NO",""
"hotfixes","item_x_item_effect","ItemID","int unsigned","int","NO",""
"hotfixes","item_x_item_effect","VerifiedBuild","int","int","NO","PRI"
"hotfixes","journal_encounter","ID","int unsigned","int","NO","PRI"
"hotfixes","journal_encounter","Name","text","text","YES",""
"hotfixes","journal_encounter","Description","text","text","YES",""
"hotfixes","journal_encounter","MapX","float","float","NO",""
"hotfixes","journal_encounter","MapY","float","float","NO",""
"hotfixes","journal_encounter","JournalInstanceID","smallint unsigned","smallint","NO",""
"hotfixes","journal_encounter","OrderIndex","int unsigned","int","NO",""
"hotfixes","journal_encounter","FirstSectionID","smallint unsigned","smallint","NO",""
"hotfixes","journal_encounter","UiMapID","smallint unsigned","smallint","NO",""
"hotfixes","journal_encounter","MapDisplayConditionID","int unsigned","int","NO",""
"hotfixes","journal_encounter","Flags","int","int","NO",""
"hotfixes","journal_encounter","DifficultyMask","tinyint","tinyint","NO",""
"hotfixes","journal_encounter","VerifiedBuild","int","int","NO","PRI"
"hotfixes","journal_encounter_locale","ID","int unsigned","int","NO","PRI"
"hotfixes","journal_encounter_locale","locale","varchar(4)","varchar","NO","PRI"
"hotfixes","journal_encounter_locale","Name_lang","text","text","YES",""
"hotfixes","journal_encounter_locale","Description_lang","text","text","YES",""
"hotfixes","journal_encounter_locale","VerifiedBuild","int","int","NO","PRI"
"hotfixes","journal_encounter_section","ID","int unsigned","int","NO","PRI"
"hotfixes","journal_encounter_section","Title","text","text","YES",""
"hotfixes","journal_encounter_section","BodyText","text","text","YES",""
"hotfixes","journal_encounter_section","JournalEncounterID","smallint unsigned","smallint","NO",""
"hotfixes","journal_encounter_section","OrderIndex","tinyint unsigned","tinyint","NO",""
"hotfixes","journal_encounter_section","ParentSectionID","smallint unsigned","smallint","NO",""
"hotfixes","journal_encounter_section","FirstChildSectionID","smallint unsigned","smallint","NO",""
"hotfixes","journal_encounter_section","NextSiblingSectionID","smallint unsigned","smallint","NO",""
"hotfixes","journal_encounter_section","Type","tinyint unsigned","tinyint","NO",""
"hotfixes","journal_encounter_section","IconCreatureDisplayInfoID","int unsigned","int","NO",""
"hotfixes","journal_encounter_section","UiModelSceneID","int","int","NO",""
"hotfixes","journal_encounter_section","SpellID","int","int","NO",""
"hotfixes","journal_encounter_section","IconFileDataID","int","int","NO",""
"hotfixes","journal_encounter_section","Flags","int","int","NO",""
"hotfixes","journal_encounter_section","IconFlags","int","int","NO",""
"hotfixes","journal_encounter_section","DifficultyMask","tinyint","tinyint","NO",""
"hotfixes","journal_encounter_section","VerifiedBuild","int","int","NO","PRI"
"hotfixes","journal_encounter_section_locale","ID","int unsigned","int","NO","PRI"
"hotfixes","journal_encounter_section_locale","locale","varchar(4)","varchar","NO","PRI"
"hotfixes","journal_encounter_section_locale","Title_lang","text","text","YES",""
"hotfixes","journal_encounter_section_locale","BodyText_lang","text","text","YES",""
"hotfixes","journal_encounter_section_locale","VerifiedBuild","int","int","NO","PRI"
"hotfixes","journal_instance","Name","text","text","YES",""
"hotfixes","journal_instance","Description","text","text","YES",""
"hotfixes","journal_instance","ID","int unsigned","int","NO","PRI"
"hotfixes","journal_instance","MapID","smallint unsigned","smallint","NO",""
"hotfixes","journal_instance","BackgroundFileDataID","int","int","NO",""
"hotfixes","journal_instance","ButtonFileDataID","int","int","NO",""
"hotfixes","journal_instance","ButtonSmallFileDataID","int","int","NO",""
"hotfixes","journal_instance","LoreFileDataID","int","int","NO",""
"hotfixes","journal_instance","Flags","int","int","NO",""
"hotfixes","journal_instance","AreaID","smallint unsigned","smallint","NO",""
"hotfixes","journal_instance","VerifiedBuild","int","int","NO","PRI"
"hotfixes","journal_instance_locale","ID","int unsigned","int","NO","PRI"
"hotfixes","journal_instance_locale","locale","varchar(4)","varchar","NO","PRI"
"hotfixes","journal_instance_locale","Name_lang","text","text","YES",""
"hotfixes","journal_instance_locale","Description_lang","text","text","YES",""
"hotfixes","journal_instance_locale","VerifiedBuild","int","int","NO","PRI"
"hotfixes","journal_tier","ID","int unsigned","int","NO","PRI"
"hotfixes","journal_tier","Name","text","text","YES",""
"hotfixes","journal_tier","VerifiedBuild","int","int","NO","PRI"
"hotfixes","journal_tier_locale","ID","int unsigned","int","NO","PRI"
"hotfixes","journal_tier_locale","locale","varchar(4)","varchar","NO","PRI"
"hotfixes","journal_tier_locale","Name_lang","text","text","YES",""
"hotfixes","journal_tier_locale","VerifiedBuild","int","int","NO","PRI"
"hotfixes","keychain","ID","int unsigned","int","NO","PRI"
"hotfixes","keychain","Key1","tinyint unsigned","tinyint","NO",""
"hotfixes","keychain","Key2","tinyint unsigned","tinyint","NO",""
"hotfixes","keychain","Key3","tinyint unsigned","tinyint","NO",""
"hotfixes","keychain","Key4","tinyint unsigned","tinyint","NO",""
"hotfixes","keychain","Key5","tinyint unsigned","tinyint","NO",""
"hotfixes","keychain","Key6","tinyint unsigned","tinyint","NO",""
"hotfixes","keychain","Key7","tinyint unsigned","tinyint","NO",""
"hotfixes","keychain","Key8","tinyint unsigned","tinyint","NO",""
"hotfixes","keychain","Key9","tinyint unsigned","tinyint","NO",""
"hotfixes","keychain","Key10","tinyint unsigned","tinyint","NO",""
"hotfixes","keychain","Key11","tinyint unsigned","tinyint","NO",""
"hotfixes","keychain","Key12","tinyint unsigned","tinyint","NO",""
"hotfixes","keychain","Key13","tinyint unsigned","tinyint","NO",""
"hotfixes","keychain","Key14","tinyint unsigned","tinyint","NO",""
"hotfixes","keychain","Key15","tinyint unsigned","tinyint","NO",""
"hotfixes","keychain","Key16","tinyint unsigned","tinyint","NO",""
"hotfixes","keychain","Key17","tinyint unsigned","tinyint","NO",""
"hotfixes","keychain","Key18","tinyint unsigned","tinyint","NO",""
"hotfixes","keychain","Key19","tinyint unsigned","tinyint","NO",""
"hotfixes","keychain","Key20","tinyint unsigned","tinyint","NO",""
"hotfixes","keychain","Key21","tinyint unsigned","tinyint","NO",""
"hotfixes","keychain","Key22","tinyint unsigned","tinyint","NO",""
"hotfixes","keychain","Key23","tinyint unsigned","tinyint","NO",""
"hotfixes","keychain","Key24","tinyint unsigned","tinyint","NO",""
"hotfixes","keychain","Key25","tinyint unsigned","tinyint","NO",""
"hotfixes","keychain","Key26","tinyint unsigned","tinyint","NO",""
"hotfixes","keychain","Key27","tinyint unsigned","tinyint","NO",""
"hotfixes","keychain","Key28","tinyint unsigned","tinyint","NO",""
"hotfixes","keychain","Key29","tinyint unsigned","tinyint","NO",""
"hotfixes","keychain","Key30","tinyint unsigned","tinyint","NO",""
"hotfixes","keychain","Key31","tinyint unsigned","tinyint","NO",""
"hotfixes","keychain","Key32","tinyint unsigned","tinyint","NO",""
"hotfixes","keychain","VerifiedBuild","int","int","NO","PRI"
"hotfixes","keystone_affix","Name","text","text","YES",""
"hotfixes","keystone_affix","Description","text","text","YES",""
"hotfixes","keystone_affix","ID","int unsigned","int","NO","PRI"
"hotfixes","keystone_affix","FiledataID","int","int","NO",""
"hotfixes","keystone_affix","VerifiedBuild","int","int","NO","PRI"
"hotfixes","keystone_affix_locale","ID","int unsigned","int","NO","PRI"
"hotfixes","keystone_affix_locale","locale","varchar(4)","varchar","NO","PRI"
"hotfixes","keystone_affix_locale","Name_lang","text","text","YES",""
"hotfixes","keystone_affix_locale","Description_lang","text","text","YES",""
"hotfixes","keystone_affix_locale","VerifiedBuild","int","int","NO","PRI"
"hotfixes","language_words","ID","int unsigned","int","NO","PRI"
"hotfixes","language_words","Word","text","text","YES",""
"hotfixes","language_words","LanguageID","tinyint unsigned","tinyint","NO",""
"hotfixes","language_words","VerifiedBuild","int","int","NO","PRI"
"hotfixes","languages","Name","text","text","YES",""
"hotfixes","languages","ID","int unsigned","int","NO","PRI"
"hotfixes","languages","Flags","int","int","NO",""
"hotfixes","languages","UiTextureKitID","int","int","NO",""
"hotfixes","languages","UiTextureKitElementCount","int","int","NO",""
"hotfixes","languages","LearningCurveID","int","int","NO",""
"hotfixes","languages","VerifiedBuild","int","int","NO","PRI"
"hotfixes","languages_locale","ID","int unsigned","int","NO","PRI"
"hotfixes","languages_locale","locale","varchar(4)","varchar","NO","PRI"
"hotfixes","languages_locale","Name_lang","text","text","YES",""
"hotfixes","languages_locale","VerifiedBuild","int","int","NO","PRI"
"hotfixes","lfg_dungeons","ID","int unsigned","int","NO","PRI"
"hotfixes","lfg_dungeons","Name","text","text","YES",""
"hotfixes","lfg_dungeons","Description","text","text","YES",""
"hotfixes","lfg_dungeons","MinLevel","tinyint unsigned","tinyint","NO",""
"hotfixes","lfg_dungeons","MaxLevel","smallint unsigned","smallint","NO",""
"hotfixes","lfg_dungeons","TypeID","tinyint unsigned","tinyint","NO",""
"hotfixes","lfg_dungeons","Subtype","tinyint unsigned","tinyint","NO",""
"hotfixes","lfg_dungeons","Faction","tinyint","tinyint","NO",""
"hotfixes","lfg_dungeons","IconTextureFileID","int","int","NO",""
"hotfixes","lfg_dungeons","RewardsBgTextureFileID","int","int","NO",""
"hotfixes","lfg_dungeons","PopupBgTextureFileID","int","int","NO",""
"hotfixes","lfg_dungeons","ExpansionLevel","tinyint unsigned","tinyint","NO",""
"hotfixes","lfg_dungeons","MapID","smallint","smallint","NO",""
"hotfixes","lfg_dungeons","DifficultyID","tinyint unsigned","tinyint","NO",""
"hotfixes","lfg_dungeons","MinGear","float","float","NO",""
"hotfixes","lfg_dungeons","GroupID","tinyint unsigned","tinyint","NO",""
"hotfixes","lfg_dungeons","OrderIndex","tinyint unsigned","tinyint","NO",""
"hotfixes","lfg_dungeons","RequiredPlayerConditionId","int unsigned","int","NO",""
"hotfixes","lfg_dungeons","TargetLevel","tinyint unsigned","tinyint","NO",""
"hotfixes","lfg_dungeons","TargetLevelMin","tinyint unsigned","tinyint","NO",""
"hotfixes","lfg_dungeons","TargetLevelMax","smallint unsigned","smallint","NO",""
"hotfixes","lfg_dungeons","RandomID","smallint unsigned","smallint","NO",""
"hotfixes","lfg_dungeons","ScenarioID","smallint unsigned","smallint","NO",""
"hotfixes","lfg_dungeons","FinalEncounterID","smallint unsigned","smallint","NO",""
"hotfixes","lfg_dungeons","CountTank","tinyint unsigned","tinyint","NO",""
"hotfixes","lfg_dungeons","CountHealer","tinyint unsigned","tinyint","NO",""
"hotfixes","lfg_dungeons","CountDamage","tinyint unsigned","tinyint","NO",""
"hotfixes","lfg_dungeons","MinCountTank","tinyint unsigned","tinyint","NO",""
"hotfixes","lfg_dungeons","MinCountHealer","tinyint unsigned","tinyint","NO",""
"hotfixes","lfg_dungeons","MinCountDamage","tinyint unsigned","tinyint","NO",""
"hotfixes","lfg_dungeons","BonusReputationAmount","smallint unsigned","smallint","NO",""
"hotfixes","lfg_dungeons","MentorItemLevel","smallint unsigned","smallint","NO",""
"hotfixes","lfg_dungeons","MentorCharLevel","tinyint unsigned","tinyint","NO",""
"hotfixes","lfg_dungeons","Flags1","int","int","NO",""
"hotfixes","lfg_dungeons","Flags2","int","int","NO",""
"hotfixes","lfg_dungeons","VerifiedBuild","int","int","NO","PRI"
"hotfixes","lfg_dungeons_locale","ID","int unsigned","int","NO","PRI"
"hotfixes","lfg_dungeons_locale","locale","varchar(4)","varchar","NO","PRI"
"hotfixes","lfg_dungeons_locale","Name_lang","text","text","YES",""
"hotfixes","lfg_dungeons_locale","Description_lang","text","text","YES",""
"hotfixes","lfg_dungeons_locale","VerifiedBuild","int","int","NO","PRI"
"hotfixes","light","ID","int unsigned","int","NO","PRI"
"hotfixes","light","GameCoordsX","float","float","NO",""
"hotfixes","light","GameCoordsY","float","float","NO",""
"hotfixes","light","GameCoordsZ","float","float","NO",""
"hotfixes","light","GameFalloffStart","float","float","NO",""
"hotfixes","light","GameFalloffEnd","float","float","NO",""
"hotfixes","light","ContinentID","smallint","smallint","NO",""
"hotfixes","light","LightParamsID1","smallint unsigned","smallint","NO",""
"hotfixes","light","LightParamsID2","smallint unsigned","smallint","NO",""
"hotfixes","light","LightParamsID3","smallint unsigned","smallint","NO",""
"hotfixes","light","LightParamsID4","smallint unsigned","smallint","NO",""
"hotfixes","light","LightParamsID5","smallint unsigned","smallint","NO",""
"hotfixes","light","LightParamsID6","smallint unsigned","smallint","NO",""
"hotfixes","light","LightParamsID7","smallint unsigned","smallint","NO",""
"hotfixes","light","LightParamsID8","smallint unsigned","smallint","NO",""
"hotfixes","light","VerifiedBuild","int","int","NO","PRI"
"hotfixes","liquid_type","ID","int unsigned","int","NO","PRI"
"hotfixes","liquid_type","Name","text","text","YES",""
"hotfixes","liquid_type","Texture1","text","text","YES",""
"hotfixes","liquid_type","Texture2","text","text","YES",""
"hotfixes","liquid_type","Texture3","text","text","YES",""
"hotfixes","liquid_type","Texture4","text","text","YES",""
"hotfixes","liquid_type","Texture5","text","text","YES",""
"hotfixes","liquid_type","Texture6","text","text","YES",""
"hotfixes","liquid_type","Flags","smallint unsigned","smallint","NO",""
"hotfixes","liquid_type","SoundBank","tinyint unsigned","tinyint","NO",""
"hotfixes","liquid_type","SoundID","int unsigned","int","NO",""
"hotfixes","liquid_type","SpellID","int unsigned","int","NO",""
"hotfixes","liquid_type","MaxDarkenDepth","float","float","NO",""
"hotfixes","liquid_type","FogDarkenIntensity","float","float","NO",""
"hotfixes","liquid_type","AmbDarkenIntensity","float","float","NO",""
"hotfixes","liquid_type","DirDarkenIntensity","float","float","NO",""
"hotfixes","liquid_type","LightID","smallint unsigned","smallint","NO",""
"hotfixes","liquid_type","ParticleScale","float","float","NO",""
"hotfixes","liquid_type","ParticleMovement","tinyint unsigned","tinyint","NO",""
"hotfixes","liquid_type","ParticleTexSlots","tinyint unsigned","tinyint","NO",""
"hotfixes","liquid_type","MaterialID","tinyint unsigned","tinyint","NO",""
"hotfixes","liquid_type","MinimapStaticCol","int","int","NO",""
"hotfixes","liquid_type","FrameCountTexture1","tinyint unsigned","tinyint","NO",""
"hotfixes","liquid_type","FrameCountTexture2","tinyint unsigned","tinyint","NO",""
"hotfixes","liquid_type","FrameCountTexture3","tinyint unsigned","tinyint","NO",""
"hotfixes","liquid_type","FrameCountTexture4","tinyint unsigned","tinyint","NO",""
"hotfixes","liquid_type","FrameCountTexture5","tinyint unsigned","tinyint","NO",""
"hotfixes","liquid_type","FrameCountTexture6","tinyint unsigned","tinyint","NO",""
"hotfixes","liquid_type","Color1","int","int","NO",""
"hotfixes","liquid_type","Color2","int","int","NO",""
"hotfixes","liquid_type","Float1","float","float","NO",""
"hotfixes","liquid_type","Float2","float","float","NO",""
"hotfixes","liquid_type","Float3","float","float","NO",""
"hotfixes","liquid_type","Float4","float","float","NO",""
"hotfixes","liquid_type","Float5","float","float","NO",""
"hotfixes","liquid_type","Float6","float","float","NO",""
"hotfixes","liquid_type","Float7","float","float","NO",""
"hotfixes","liquid_type","Float8","float","float","NO",""
"hotfixes","liquid_type","Float9","float","float","NO",""
"hotfixes","liquid_type","Float10","float","float","NO",""
"hotfixes","liquid_type","Float11","float","float","NO",""
"hotfixes","liquid_type","Float12","float","float","NO",""
"hotfixes","liquid_type","Float13","float","float","NO",""
"hotfixes","liquid_type","Float14","float","float","NO",""
"hotfixes","liquid_type","Float15","float","float","NO",""
"hotfixes","liquid_type","Float16","float","float","NO",""
"hotfixes","liquid_type","Float17","float","float","NO",""
"hotfixes","liquid_type","Float18","float","float","NO",""
"hotfixes","liquid_type","Int1","int unsigned","int","NO",""
"hotfixes","liquid_type","Int2","int unsigned","int","NO",""
"hotfixes","liquid_type","Int3","int unsigned","int","NO",""
"hotfixes","liquid_type","Int4","int unsigned","int","NO",""
"hotfixes","liquid_type","Coefficient1","float","float","NO",""
"hotfixes","liquid_type","Coefficient2","float","float","NO",""
"hotfixes","liquid_type","Coefficient3","float","float","NO",""
"hotfixes","liquid_type","Coefficient4","float","float","NO",""
"hotfixes","liquid_type","VerifiedBuild","int","int","NO","PRI"
"hotfixes","location","ID","int unsigned","int","NO","PRI"
"hotfixes","location","PosX","float","float","NO",""
"hotfixes","location","PosY","float","float","NO",""
"hotfixes","location","PosZ","float","float","NO",""
"hotfixes","location","Rot1","float","float","NO",""
"hotfixes","location","Rot2","float","float","NO",""
"hotfixes","location","Rot3","float","float","NO",""
"hotfixes","location","VerifiedBuild","int","int","NO","PRI"
"hotfixes","lock","ID","int unsigned","int","NO","PRI"
"hotfixes","lock","Index1","int","int","NO",""
"hotfixes","lock","Index2","int","int","NO",""
"hotfixes","lock","Index3","int","int","NO",""
"hotfixes","lock","Index4","int","int","NO",""
"hotfixes","lock","Index5","int","int","NO",""
"hotfixes","lock","Index6","int","int","NO",""
"hotfixes","lock","Index7","int","int","NO",""
"hotfixes","lock","Index8","int","int","NO",""
"hotfixes","lock","Skill1","smallint unsigned","smallint","NO",""
"hotfixes","lock","Skill2","smallint unsigned","smallint","NO",""
"hotfixes","lock","Skill3","smallint unsigned","smallint","NO",""
"hotfixes","lock","Skill4","smallint unsigned","smallint","NO",""
"hotfixes","lock","Skill5","smallint unsigned","smallint","NO",""
"hotfixes","lock","Skill6","smallint unsigned","smallint","NO",""
"hotfixes","lock","Skill7","smallint unsigned","smallint","NO",""
"hotfixes","lock","Skill8","smallint unsigned","smallint","NO",""
"hotfixes","lock","Type1","tinyint unsigned","tinyint","NO",""
"hotfixes","lock","Type2","tinyint unsigned","tinyint","NO",""
"hotfixes","lock","Type3","tinyint unsigned","tinyint","NO",""
"hotfixes","lock","Type4","tinyint unsigned","tinyint","NO",""
"hotfixes","lock","Type5","tinyint unsigned","tinyint","NO",""
"hotfixes","lock","Type6","tinyint unsigned","tinyint","NO",""
"hotfixes","lock","Type7","tinyint unsigned","tinyint","NO",""
"hotfixes","lock","Type8","tinyint unsigned","tinyint","NO",""
"hotfixes","lock","Action1","tinyint unsigned","tinyint","NO",""
"hotfixes","lock","Action2","tinyint unsigned","tinyint","NO",""
"hotfixes","lock","Action3","tinyint unsigned","tinyint","NO",""
"hotfixes","lock","Action4","tinyint unsigned","tinyint","NO",""
"hotfixes","lock","Action5","tinyint unsigned","tinyint","NO",""
"hotfixes","lock","Action6","tinyint unsigned","tinyint","NO",""
"hotfixes","lock","Action7","tinyint unsigned","tinyint","NO",""
"hotfixes","lock","Action8","tinyint unsigned","tinyint","NO",""
"hotfixes","lock","VerifiedBuild","int","int","NO","PRI"
"hotfixes","mail_template","ID","int unsigned","int","NO","PRI"
"hotfixes","mail_template","Body","text","text","YES",""
"hotfixes","mail_template","VerifiedBuild","int","int","NO","PRI"
"hotfixes","mail_template_locale","ID","int unsigned","int","NO","PRI"
"hotfixes","mail_template_locale","locale","varchar(4)","varchar","NO","PRI"
"hotfixes","mail_template_locale","Body_lang","text","text","YES",""
"hotfixes","mail_template_locale","VerifiedBuild","int","int","NO","PRI"
"hotfixes","map","ID","int unsigned","int","NO","PRI"
"hotfixes","map","Directory","text","text","YES",""
"hotfixes","map","MapName","text","text","YES",""
"hotfixes","map","MapDescription0","text","text","YES",""
"hotfixes","map","MapDescription1","text","text","YES",""
"hotfixes","map","PvpShortDescription","text","text","YES",""
"hotfixes","map","PvpLongDescription","text","text","YES",""
"hotfixes","map","MapType","tinyint unsigned","tinyint","NO",""
"hotfixes","map","InstanceType","tinyint","tinyint","NO",""
"hotfixes","map","ExpansionID","tinyint unsigned","tinyint","NO",""
"hotfixes","map","AreaTableID","smallint unsigned","smallint","NO",""
"hotfixes","map","LoadingScreenID","smallint","smallint","NO",""
"hotfixes","map","TimeOfDayOverride","smallint","smallint","NO",""
"hotfixes","map","ParentMapID","smallint","smallint","NO",""
"hotfixes","map","CosmeticParentMapID","smallint","smallint","NO",""
"hotfixes","map","TimeOffset","tinyint unsigned","tinyint","NO",""
"hotfixes","map","MinimapIconScale","float","float","NO",""
"hotfixes","map","RaidOffset","int","int","NO",""
"hotfixes","map","CorpseMapID","smallint","smallint","NO",""
"hotfixes","map","MaxPlayers","tinyint unsigned","tinyint","NO",""
"hotfixes","map","WindSettingsID","smallint","smallint","NO",""
"hotfixes","map","ZmpFileDataID","int","int","NO",""
"hotfixes","map","Flags1","int","int","NO",""
"hotfixes","map","Flags2","int","int","NO",""
"hotfixes","map","Flags3","int","int","NO",""
"hotfixes","map","VerifiedBuild","int","int","NO","PRI"
"hotfixes","map_challenge_mode","Name","text","text","YES",""
"hotfixes","map_challenge_mode","ID","int unsigned","int","NO","PRI"
"hotfixes","map_challenge_mode","MapID","smallint unsigned","smallint","NO",""
"hotfixes","map_challenge_mode","Flags","tinyint unsigned","tinyint","NO",""
"hotfixes","map_challenge_mode","ExpansionLevel","int unsigned","int","NO",""
"hotfixes","map_challenge_mode","RequiredWorldStateID","int","int","NO",""
"hotfixes","map_challenge_mode","CriteriaCount1","smallint","smallint","NO",""
"hotfixes","map_challenge_mode","CriteriaCount2","smallint","smallint","NO",""
"hotfixes","map_challenge_mode","CriteriaCount3","smallint","smallint","NO",""
"hotfixes","map_challenge_mode","VerifiedBuild","int","int","NO","PRI"
"hotfixes","map_challenge_mode_locale","ID","int unsigned","int","NO","PRI"
"hotfixes","map_challenge_mode_locale","locale","varchar(4)","varchar","NO","PRI"
"hotfixes","map_challenge_mode_locale","Name_lang","text","text","YES",""
"hotfixes","map_challenge_mode_locale","VerifiedBuild","int","int","NO","PRI"
"hotfixes","map_difficulty","ID","int unsigned","int","NO","PRI"
"hotfixes","map_difficulty","Message","text","text","YES",""
"hotfixes","map_difficulty","ItemContextPickerID","int unsigned","int","NO",""
"hotfixes","map_difficulty","ContentTuningID","int","int","NO",""
"hotfixes","map_difficulty","DifficultyID","tinyint unsigned","tinyint","NO",""
"hotfixes","map_difficulty","LockID","tinyint unsigned","tinyint","NO",""
"hotfixes","map_difficulty","ResetInterval","tinyint unsigned","tinyint","NO",""
"hotfixes","map_difficulty","MaxPlayers","tinyint unsigned","tinyint","NO",""
"hotfixes","map_difficulty","ItemContext","tinyint unsigned","tinyint","NO",""
"hotfixes","map_difficulty","Flags","tinyint unsigned","tinyint","NO",""
"hotfixes","map_difficulty","MapID","int unsigned","int","NO",""
"hotfixes","map_difficulty","VerifiedBuild","int","int","NO","PRI"
"hotfixes","map_difficulty_locale","ID","int unsigned","int","NO","PRI"
"hotfixes","map_difficulty_locale","locale","varchar(4)","varchar","NO","PRI"
"hotfixes","map_difficulty_locale","Message_lang","text","text","YES",""
"hotfixes","map_difficulty_locale","VerifiedBuild","int","int","NO","PRI"
"hotfixes","map_difficulty_x_condition","ID","int unsigned","int","NO","PRI"
"hotfixes","map_difficulty_x_condition","FailureDescription","text","text","YES",""
"hotfixes","map_difficulty_x_condition","PlayerConditionID","int unsigned","int","NO",""
"hotfixes","map_difficulty_x_condition","OrderIndex","int","int","NO",""
"hotfixes","map_difficulty_x_condition","MapDifficultyID","int unsigned","int","NO",""
"hotfixes","map_difficulty_x_condition","VerifiedBuild","int","int","NO","PRI"
"hotfixes","map_difficulty_x_condition_locale","ID","int unsigned","int","NO","PRI"
"hotfixes","map_difficulty_x_condition_locale","locale","varchar(4)","varchar","NO","PRI"
"hotfixes","map_difficulty_x_condition_locale","FailureDescription_lang","text","text","YES",""
"hotfixes","map_difficulty_x_condition_locale","VerifiedBuild","int","int","NO","PRI"
"hotfixes","map_locale","ID","int unsigned","int","NO","PRI"
"hotfixes","map_locale","locale","varchar(4)","varchar","NO","PRI"
"hotfixes","map_locale","MapName_lang","text","text","YES",""
"hotfixes","map_locale","MapDescription0_lang","text","text","YES",""
"hotfixes","map_locale","MapDescription1_lang","text","text","YES",""
"hotfixes","map_locale","PvpShortDescription_lang","text","text","YES",""
"hotfixes","map_locale","PvpLongDescription_lang","text","text","YES",""
"hotfixes","map_locale","VerifiedBuild","int","int","NO","PRI"
"hotfixes","maw_power","ID","int unsigned","int","NO","PRI"
"hotfixes","maw_power","SpellID","int","int","NO",""
"hotfixes","maw_power","MawPowerRarityID","int","int","NO",""
"hotfixes","maw_power","VerifiedBuild","int","int","NO","PRI"
"hotfixes","modifier_tree","ID","int unsigned","int","NO","PRI"
"hotfixes","modifier_tree","Parent","int unsigned","int","NO",""
"hotfixes","modifier_tree","Operator","tinyint","tinyint","NO",""
"hotfixes","modifier_tree","Amount","tinyint","tinyint","NO",""
"hotfixes","modifier_tree","Type","int","int","NO",""
"hotfixes","modifier_tree","Asset","int","int","NO",""
"hotfixes","modifier_tree","SecondaryAsset","int","int","NO",""
"hotfixes","modifier_tree","TertiaryAsset","tinyint","tinyint","NO",""
"hotfixes","modifier_tree","VerifiedBuild","int","int","NO","PRI"
"hotfixes","mount","Name","text","text","YES",""
"hotfixes","mount","SourceText","text","text","YES",""
"hotfixes","mount","Description","text","text","YES",""
"hotfixes","mount","ID","int unsigned","int","NO","PRI"
"hotfixes","mount","MountTypeID","smallint unsigned","smallint","NO",""
"hotfixes","mount","Flags","smallint unsigned","smallint","NO",""
"hotfixes","mount","SourceTypeEnum","tinyint","tinyint","NO",""
"hotfixes","mount","SourceSpellID","int","int","NO",""
"hotfixes","mount","PlayerConditionID","int unsigned","int","NO",""
"hotfixes","mount","MountFlyRideHeight","float","float","NO",""
"hotfixes","mount","UiModelSceneID","int","int","NO",""
"hotfixes","mount","VerifiedBuild","int","int","NO","PRI"
"hotfixes","mount_capability","ID","int unsigned","int","NO","PRI"
"hotfixes","mount_capability","Flags","tinyint unsigned","tinyint","NO",""
"hotfixes","mount_capability","ReqRidingSkill","smallint unsigned","smallint","NO",""
"hotfixes","mount_capability","ReqAreaID","smallint unsigned","smallint","NO",""
"hotfixes","mount_capability","ReqSpellAuraID","int unsigned","int","NO",""
"hotfixes","mount_capability","ReqSpellKnownID","int","int","NO",""
"hotfixes","mount_capability","ModSpellAuraID","int","int","NO",""
"hotfixes","mount_capability","ReqMapID","smallint","smallint","NO",""
"hotfixes","mount_capability","VerifiedBuild","int","int","NO","PRI"
"hotfixes","mount_locale","ID","int unsigned","int","NO","PRI"
"hotfixes","mount_locale","locale","varchar(4)","varchar","NO","PRI"
"hotfixes","mount_locale","Name_lang","text","text","YES",""
"hotfixes","mount_locale","SourceText_lang","text","text","YES",""
"hotfixes","mount_locale","Description_lang","text","text","YES",""
"hotfixes","mount_locale","VerifiedBuild","int","int","NO","PRI"
"hotfixes","mount_type_x_capability","ID","int unsigned","int","NO","PRI"
"hotfixes","mount_type_x_capability","MountTypeID","smallint unsigned","smallint","NO",""
"hotfixes","mount_type_x_capability","MountCapabilityID","smallint unsigned","smallint","NO",""
"hotfixes","mount_type_x_capability","OrderIndex","tinyint unsigned","tinyint","NO",""
"hotfixes","mount_type_x_capability","VerifiedBuild","int","int","NO","PRI"
"hotfixes","mount_x_display","ID","int unsigned","int","NO","PRI"
"hotfixes","mount_x_display","CreatureDisplayInfoID","int","int","NO",""
"hotfixes","mount_x_display","PlayerConditionID","int unsigned","int","NO",""
"hotfixes","mount_x_display","MountID","int unsigned","int","NO",""
"hotfixes","mount_x_display","VerifiedBuild","int","int","NO","PRI"
"hotfixes","movie","ID","int unsigned","int","NO","PRI"
"hotfixes","movie","Volume","tinyint unsigned","tinyint","NO",""
"hotfixes","movie","KeyID","tinyint unsigned","tinyint","NO",""
"hotfixes","movie","AudioFileDataID","int unsigned","int","NO",""
"hotfixes","movie","SubtitleFileDataID","int unsigned","int","NO",""
"hotfixes","movie","VerifiedBuild","int","int","NO","PRI"
"hotfixes","mythic_plus_season","ID","int unsigned","int","NO","PRI"
"hotfixes","mythic_plus_season","MilestoneSeason","int","int","NO",""
"hotfixes","mythic_plus_season","ExpansionLevel","int","int","NO",""
"hotfixes","mythic_plus_season","HeroicLFGDungeonMinGear","int","int","NO",""
"hotfixes","mythic_plus_season","VerifiedBuild","int","int","NO","PRI"
"hotfixes","name_gen","ID","int unsigned","int","NO","PRI"
"hotfixes","name_gen","Name","text","text","YES",""
"hotfixes","name_gen","RaceID","tinyint unsigned","tinyint","NO",""
"hotfixes","name_gen","Sex","tinyint unsigned","tinyint","NO",""
"hotfixes","name_gen","VerifiedBuild","int","int","NO","PRI"
"hotfixes","names_profanity","ID","int unsigned","int","NO","PRI"
"hotfixes","names_profanity","Name","text","text","YES",""
"hotfixes","names_profanity","Language","tinyint","tinyint","NO",""
"hotfixes","names_profanity","VerifiedBuild","int","int","NO","PRI"
"hotfixes","names_reserved","ID","int unsigned","int","NO","PRI"
"hotfixes","names_reserved","Name","text","text","YES",""
"hotfixes","names_reserved","VerifiedBuild","int","int","NO","PRI"
"hotfixes","names_reserved_locale","ID","int unsigned","int","NO","PRI"
"hotfixes","names_reserved_locale","Name","text","text","YES",""
"hotfixes","names_reserved_locale","LocaleMask","tinyint unsigned","tinyint","NO",""
"hotfixes","names_reserved_locale","VerifiedBuild","int","int","NO","PRI"
"hotfixes","num_talents_at_level","ID","int unsigned","int","NO","PRI"
"hotfixes","num_talents_at_level","NumTalents","int","int","NO",""
"hotfixes","num_talents_at_level","NumTalentsDeathKnight","int","int","NO",""
"hotfixes","num_talents_at_level","NumTalentsDemonHunter","int","int","NO",""
"hotfixes","num_talents_at_level","VerifiedBuild","int","int","NO","PRI"
"hotfixes","override_spell_data","ID","int unsigned","int","NO","PRI"
"hotfixes","override_spell_data","Spells1","int","int","NO",""
"hotfixes","override_spell_data","Spells2","int","int","NO",""
"hotfixes","override_spell_data","Spells3","int","int","NO",""
"hotfixes","override_spell_data","Spells4","int","int","NO",""
"hotfixes","override_spell_data","Spells5","int","int","NO",""
"hotfixes","override_spell_data","Spells6","int","int","NO",""
"hotfixes","override_spell_data","Spells7","int","int","NO",""
"hotfixes","override_spell_data","Spells8","int","int","NO",""
"hotfixes","override_spell_data","Spells9","int","int","NO",""
"hotfixes","override_spell_data","Spells10","int","int","NO",""
"hotfixes","override_spell_data","PlayerActionBarFileDataID","int","int","NO",""
"hotfixes","override_spell_data","Flags","tinyint unsigned","tinyint","NO",""
"hotfixes","override_spell_data","VerifiedBuild","int","int","NO","PRI"
"hotfixes","paragon_reputation","ID","int unsigned","int","NO","PRI"
"hotfixes","paragon_reputation","FactionID","int","int","NO",""
"hotfixes","paragon_reputation","LevelThreshold","int","int","NO",""
"hotfixes","paragon_reputation","QuestID","int","int","NO",""
"hotfixes","paragon_reputation","VerifiedBuild","int","int","NO","PRI"
"hotfixes","path","ID","int unsigned","int","NO","PRI"
"hotfixes","path","Type","tinyint unsigned","tinyint","NO",""
"hotfixes","path","SplineType","tinyint unsigned","tinyint","NO",""
"hotfixes","path","Red","tinyint unsigned","tinyint","NO",""
"hotfixes","path","Green","tinyint unsigned","tinyint","NO",""
"hotfixes","path","Blue","tinyint unsigned","tinyint","NO",""
"hotfixes","path","Alpha","tinyint unsigned","tinyint","NO",""
"hotfixes","path","Flags","tinyint unsigned","tinyint","NO",""
"hotfixes","path","VerifiedBuild","int","int","NO","PRI"
"hotfixes","path_node","ID","int unsigned","int","NO","PRI"
"hotfixes","path_node","PathID","smallint unsigned","smallint","NO",""
"hotfixes","path_node","Sequence","smallint","smallint","NO",""
"hotfixes","path_node","LocationID","int","int","NO",""
"hotfixes","path_node","VerifiedBuild","int","int","NO","PRI"
"hotfixes","path_property","ID","int unsigned","int","NO","PRI"
"hotfixes","path_property","PathID","smallint unsigned","smallint","NO",""
"hotfixes","path_property","PropertyIndex","tinyint unsigned","tinyint","NO",""
"hotfixes","path_property","Value","int","int","NO",""
"hotfixes","path_property","VerifiedBuild","int","int","NO","PRI"
"hotfixes","phase","ID","int unsigned","int","NO","PRI"
"hotfixes","phase","Flags","smallint unsigned","smallint","NO",""
"hotfixes","phase","VerifiedBuild","int","int","NO","PRI"
"hotfixes","phase_x_phase_group","ID","int unsigned","int","NO","PRI"
"hotfixes","phase_x_phase_group","PhaseID","smallint unsigned","smallint","NO",""
"hotfixes","phase_x_phase_group","PhaseGroupID","int unsigned","int","NO",""
"hotfixes","phase_x_phase_group","VerifiedBuild","int","int","NO","PRI"
"hotfixes","player_condition","RaceMask","bigint","bigint","NO",""
"hotfixes","player_condition","FailureDescription","text","text","YES",""
"hotfixes","player_condition","ID","int unsigned","int","NO","PRI"
"hotfixes","player_condition","MinLevel","smallint unsigned","smallint","NO",""
"hotfixes","player_condition","MaxLevel","smallint unsigned","smallint","NO",""
"hotfixes","player_condition","ClassMask","int","int","NO",""
"hotfixes","player_condition","SkillLogic","int unsigned","int","NO",""
"hotfixes","player_condition","LanguageID","tinyint unsigned","tinyint","NO",""
"hotfixes","player_condition","MinLanguage","tinyint unsigned","tinyint","NO",""
"hotfixes","player_condition","MaxLanguage","int","int","NO",""
"hotfixes","player_condition","MaxFactionID","smallint unsigned","smallint","NO",""
"hotfixes","player_condition","MaxReputation","tinyint unsigned","tinyint","NO",""
"hotfixes","player_condition","ReputationLogic","int unsigned","int","NO",""
"hotfixes","player_condition","CurrentPvpFaction","tinyint","tinyint","NO",""
"hotfixes","player_condition","PvpMedal","tinyint unsigned","tinyint","NO",""
"hotfixes","player_condition","PrevQuestLogic","int unsigned","int","NO",""
"hotfixes","player_condition","CurrQuestLogic","int unsigned","int","NO",""
"hotfixes","player_condition","CurrentCompletedQuestLogic","int unsigned","int","NO",""
"hotfixes","player_condition","SpellLogic","int unsigned","int","NO",""
"hotfixes","player_condition","ItemLogic","int unsigned","int","NO",""
"hotfixes","player_condition","ItemFlags","tinyint unsigned","tinyint","NO",""
"hotfixes","player_condition","AuraSpellLogic","int unsigned","int","NO",""
"hotfixes","player_condition","WorldStateExpressionID","smallint unsigned","smallint","NO",""
"hotfixes","player_condition","WeatherID","tinyint unsigned","tinyint","NO",""
"hotfixes","player_condition","PartyStatus","tinyint unsigned","tinyint","NO",""
"hotfixes","player_condition","LifetimeMaxPVPRank","tinyint unsigned","tinyint","NO",""
"hotfixes","player_condition","AchievementLogic","int unsigned","int","NO",""
"hotfixes","player_condition","Gender","tinyint","tinyint","NO",""
"hotfixes","player_condition","NativeGender","tinyint","tinyint","NO",""
"hotfixes","player_condition","AreaLogic","int unsigned","int","NO",""
"hotfixes","player_condition","LfgLogic","int unsigned","int","NO",""
"hotfixes","player_condition","CurrencyLogic","int unsigned","int","NO",""
"hotfixes","player_condition","QuestKillID","int unsigned","int","NO",""
"hotfixes","player_condition","QuestKillLogic","int unsigned","int","NO",""
"hotfixes","player_condition","MinExpansionLevel","tinyint","tinyint","NO",""
"hotfixes","player_condition","MaxExpansionLevel","tinyint","tinyint","NO",""
"hotfixes","player_condition","MinAvgItemLevel","int","int","NO",""
"hotfixes","player_condition","MaxAvgItemLevel","int","int","NO",""
"hotfixes","player_condition","MinAvgEquippedItemLevel","smallint unsigned","smallint","NO",""
"hotfixes","player_condition","MaxAvgEquippedItemLevel","smallint unsigned","smallint","NO",""
"hotfixes","player_condition","PhaseUseFlags","tinyint unsigned","tinyint","NO",""
"hotfixes","player_condition","PhaseID","smallint unsigned","smallint","NO",""
"hotfixes","player_condition","PhaseGroupID","int unsigned","int","NO",""
"hotfixes","player_condition","Flags","tinyint unsigned","tinyint","NO",""
"hotfixes","player_condition","ChrSpecializationIndex","tinyint","tinyint","NO",""
"hotfixes","player_condition","ChrSpecializationRole","tinyint","tinyint","NO",""
"hotfixes","player_condition","ModifierTreeID","int unsigned","int","NO",""
"hotfixes","player_condition","PowerType","tinyint","tinyint","NO",""
"hotfixes","player_condition","PowerTypeComp","tinyint unsigned","tinyint","NO",""
"hotfixes","player_condition","PowerTypeValue","tinyint unsigned","tinyint","NO",""
"hotfixes","player_condition","WeaponSubclassMask","int","int","NO",""
"hotfixes","player_condition","MaxGuildLevel","tinyint unsigned","tinyint","NO",""
"hotfixes","player_condition","MinGuildLevel","tinyint unsigned","tinyint","NO",""
"hotfixes","player_condition","MaxExpansionTier","tinyint","tinyint","NO",""
"hotfixes","player_condition","MinExpansionTier","tinyint","tinyint","NO",""
"hotfixes","player_condition","MinPVPRank","tinyint unsigned","tinyint","NO",""
"hotfixes","player_condition","MaxPVPRank","tinyint unsigned","tinyint","NO",""
"hotfixes","player_condition","SkillID1","smallint unsigned","smallint","NO",""
"hotfixes","player_condition","SkillID2","smallint unsigned","smallint","NO",""
"hotfixes","player_condition","SkillID3","smallint unsigned","smallint","NO",""
"hotfixes","player_condition","SkillID4","smallint unsigned","smallint","NO",""
"hotfixes","player_condition","MinSkill1","smallint unsigned","smallint","NO",""
"hotfixes","player_condition","MinSkill2","smallint unsigned","smallint","NO",""
"hotfixes","player_condition","MinSkill3","smallint unsigned","smallint","NO",""
"hotfixes","player_condition","MinSkill4","smallint unsigned","smallint","NO",""
"hotfixes","player_condition","MaxSkill1","smallint unsigned","smallint","NO",""
"hotfixes","player_condition","MaxSkill2","smallint unsigned","smallint","NO",""
"hotfixes","player_condition","MaxSkill3","smallint unsigned","smallint","NO",""
"hotfixes","player_condition","MaxSkill4","smallint unsigned","smallint","NO",""
"hotfixes","player_condition","MinFactionID1","int unsigned","int","NO",""
"hotfixes","player_condition","MinFactionID2","int unsigned","int","NO",""
"hotfixes","player_condition","MinFactionID3","int unsigned","int","NO",""
"hotfixes","player_condition","MinReputation1","tinyint unsigned","tinyint","NO",""
"hotfixes","player_condition","MinReputation2","tinyint unsigned","tinyint","NO",""
"hotfixes","player_condition","MinReputation3","tinyint unsigned","tinyint","NO",""
"hotfixes","player_condition","PrevQuestID1","int unsigned","int","NO",""
"hotfixes","player_condition","PrevQuestID2","int unsigned","int","NO",""
"hotfixes","player_condition","PrevQuestID3","int unsigned","int","NO",""
"hotfixes","player_condition","PrevQuestID4","int unsigned","int","NO",""
"hotfixes","player_condition","CurrQuestID1","int unsigned","int","NO",""
"hotfixes","player_condition","CurrQuestID2","int unsigned","int","NO",""
"hotfixes","player_condition","CurrQuestID3","int unsigned","int","NO",""
"hotfixes","player_condition","CurrQuestID4","int unsigned","int","NO",""
"hotfixes","player_condition","CurrentCompletedQuestID1","int unsigned","int","NO",""
"hotfixes","player_condition","CurrentCompletedQuestID2","int unsigned","int","NO",""
"hotfixes","player_condition","CurrentCompletedQuestID3","int unsigned","int","NO",""
"hotfixes","player_condition","CurrentCompletedQuestID4","int unsigned","int","NO",""
"hotfixes","player_condition","SpellID1","int","int","NO",""
"hotfixes","player_condition","SpellID2","int","int","NO",""
"hotfixes","player_condition","SpellID3","int","int","NO",""
"hotfixes","player_condition","SpellID4","int","int","NO",""
"hotfixes","player_condition","ItemID1","int","int","NO",""
"hotfixes","player_condition","ItemID2","int","int","NO",""
"hotfixes","player_condition","ItemID3","int","int","NO",""
"hotfixes","player_condition","ItemID4","int","int","NO",""
"hotfixes","player_condition","ItemCount1","int unsigned","int","NO",""
"hotfixes","player_condition","ItemCount2","int unsigned","int","NO",""
"hotfixes","player_condition","ItemCount3","int unsigned","int","NO",""
"hotfixes","player_condition","ItemCount4","int unsigned","int","NO",""
"hotfixes","player_condition","Explored1","smallint unsigned","smallint","NO",""
"hotfixes","player_condition","Explored2","smallint unsigned","smallint","NO",""
"hotfixes","player_condition","Time1","int unsigned","int","NO",""
"hotfixes","player_condition","Time2","int unsigned","int","NO",""
"hotfixes","player_condition","AuraSpellID1","int","int","NO",""
"hotfixes","player_condition","AuraSpellID2","int","int","NO",""
"hotfixes","player_condition","AuraSpellID3","int","int","NO",""
"hotfixes","player_condition","AuraSpellID4","int","int","NO",""
"hotfixes","player_condition","AuraStacks1","tinyint unsigned","tinyint","NO",""
"hotfixes","player_condition","AuraStacks2","tinyint unsigned","tinyint","NO",""
"hotfixes","player_condition","AuraStacks3","tinyint unsigned","tinyint","NO",""
"hotfixes","player_condition","AuraStacks4","tinyint unsigned","tinyint","NO",""
"hotfixes","player_condition","Achievement1","smallint unsigned","smallint","NO",""
"hotfixes","player_condition","Achievement2","smallint unsigned","smallint","NO",""
"hotfixes","player_condition","Achievement3","smallint unsigned","smallint","NO",""
"hotfixes","player_condition","Achievement4","smallint unsigned","smallint","NO",""
"hotfixes","player_condition","AreaID1","smallint unsigned","smallint","NO",""
"hotfixes","player_condition","AreaID2","smallint unsigned","smallint","NO",""
"hotfixes","player_condition","AreaID3","smallint unsigned","smallint","NO",""
"hotfixes","player_condition","AreaID4","smallint unsigned","smallint","NO",""
"hotfixes","player_condition","LfgStatus1","tinyint unsigned","tinyint","NO",""
"hotfixes","player_condition","LfgStatus2","tinyint unsigned","tinyint","NO",""
"hotfixes","player_condition","LfgStatus3","tinyint unsigned","tinyint","NO",""
"hotfixes","player_condition","LfgStatus4","tinyint unsigned","tinyint","NO",""
"hotfixes","player_condition","LfgCompare1","tinyint unsigned","tinyint","NO",""
"hotfixes","player_condition","LfgCompare2","tinyint unsigned","tinyint","NO",""
"hotfixes","player_condition","LfgCompare3","tinyint unsigned","tinyint","NO",""
"hotfixes","player_condition","LfgCompare4","tinyint unsigned","tinyint","NO",""
"hotfixes","player_condition","LfgValue1","int unsigned","int","NO",""
"hotfixes","player_condition","LfgValue2","int unsigned","int","NO",""
"hotfixes","player_condition","LfgValue3","int unsigned","int","NO",""
"hotfixes","player_condition","LfgValue4","int unsigned","int","NO",""
"hotfixes","player_condition","CurrencyID1","int unsigned","int","NO",""
"hotfixes","player_condition","CurrencyID2","int unsigned","int","NO",""
"hotfixes","player_condition","CurrencyID3","int unsigned","int","NO",""
"hotfixes","player_condition","CurrencyID4","int unsigned","int","NO",""
"hotfixes","player_condition","CurrencyCount1","int unsigned","int","NO",""
"hotfixes","player_condition","CurrencyCount2","int unsigned","int","NO",""
"hotfixes","player_condition","CurrencyCount3","int unsigned","int","NO",""
"hotfixes","player_condition","CurrencyCount4","int unsigned","int","NO",""
"hotfixes","player_condition","QuestKillMonster1","int unsigned","int","NO",""
"hotfixes","player_condition","QuestKillMonster2","int unsigned","int","NO",""
"hotfixes","player_condition","QuestKillMonster3","int unsigned","int","NO",""
"hotfixes","player_condition","QuestKillMonster4","int unsigned","int","NO",""
"hotfixes","player_condition","QuestKillMonster5","int unsigned","int","NO",""
"hotfixes","player_condition","QuestKillMonster6","int unsigned","int","NO",""
"hotfixes","player_condition","MovementFlags1","int","int","NO",""
"hotfixes","player_condition","MovementFlags2","int","int","NO",""
"hotfixes","player_condition","VerifiedBuild","int","int","NO","PRI"
"hotfixes","player_condition_locale","ID","int unsigned","int","NO","PRI"
"hotfixes","player_condition_locale","locale","varchar(4)","varchar","NO","PRI"
"hotfixes","player_condition_locale","FailureDescription_lang","text","text","YES",""
"hotfixes","player_condition_locale","VerifiedBuild","int","int","NO","PRI"
"hotfixes","power_display","ID","int unsigned","int","NO","PRI"
"hotfixes","power_display","GlobalStringBaseTag","text","text","YES",""
"hotfixes","power_display","ActualType","tinyint unsigned","tinyint","NO",""
"hotfixes","power_display","Red","tinyint unsigned","tinyint","NO",""
"hotfixes","power_display","Green","tinyint unsigned","tinyint","NO",""
"hotfixes","power_display","Blue","tinyint unsigned","tinyint","NO",""
"hotfixes","power_display","VerifiedBuild","int","int","NO","PRI"
"hotfixes","power_type","ID","int unsigned","int","NO","PRI"
"hotfixes","power_type","NameGlobalStringTag","text","text","YES",""
"hotfixes","power_type","CostGlobalStringTag","text","text","YES",""
"hotfixes","power_type","PowerTypeEnum","tinyint","tinyint","NO",""
"hotfixes","power_type","MinPower","int","int","NO",""
"hotfixes","power_type","MaxBasePower","int","int","NO",""
"hotfixes","power_type","CenterPower","int","int","NO",""
"hotfixes","power_type","DefaultPower","int","int","NO",""
"hotfixes","power_type","DisplayModifier","int","int","NO",""
"hotfixes","power_type","RegenInterruptTimeMS","int","int","NO",""
"hotfixes","power_type","RegenPeace","float","float","NO",""
"hotfixes","power_type","RegenCombat","float","float","NO",""
"hotfixes","power_type","Flags","smallint","smallint","NO",""
"hotfixes","power_type","VerifiedBuild","int","int","NO","PRI"
"hotfixes","prestige_level_info","ID","int unsigned","int","NO","PRI"
"hotfixes","prestige_level_info","Name","text","text","YES",""
"hotfixes","prestige_level_info","PrestigeLevel","int","int","NO",""
"hotfixes","prestige_level_info","BadgeTextureFileDataID","int","int","NO",""
"hotfixes","prestige_level_info","Flags","tinyint unsigned","tinyint","NO",""
"hotfixes","prestige_level_info","AwardedAchievementID","int","int","NO",""
"hotfixes","prestige_level_info","VerifiedBuild","int","int","NO","PRI"
"hotfixes","prestige_level_info_locale","ID","int unsigned","int","NO","PRI"
"hotfixes","prestige_level_info_locale","locale","varchar(4)","varchar","NO","PRI"
"hotfixes","prestige_level_info_locale","Name_lang","text","text","YES",""
"hotfixes","prestige_level_info_locale","VerifiedBuild","int","int","NO","PRI"
"hotfixes","pvp_difficulty","ID","int unsigned","int","NO","PRI"
"hotfixes","pvp_difficulty","RangeIndex","tinyint unsigned","tinyint","NO",""
"hotfixes","pvp_difficulty","MinLevel","tinyint unsigned","tinyint","NO",""
"hotfixes","pvp_difficulty","MaxLevel","tinyint unsigned","tinyint","NO",""
"hotfixes","pvp_difficulty","MapID","int unsigned","int","NO",""
"hotfixes","pvp_difficulty","VerifiedBuild","int","int","NO","PRI"
"hotfixes","pvp_item","ID","int unsigned","int","NO","PRI"
"hotfixes","pvp_item","ItemID","int","int","NO",""
"hotfixes","pvp_item","ItemLevelDelta","tinyint unsigned","tinyint","NO",""
"hotfixes","pvp_item","VerifiedBuild","int","int","NO","PRI"
"hotfixes","pvp_season","ID","int unsigned","int","NO","PRI"
"hotfixes","pvp_season","MilestoneSeason","int","int","NO",""
"hotfixes","pvp_season","AllianceAchievementID","int","int","NO",""
"hotfixes","pvp_season","HordeAchievementID","int","int","NO",""
"hotfixes","pvp_season","VerifiedBuild","int","int","NO","PRI"
"hotfixes","pvp_tier","ID","int unsigned","int","NO","PRI"
"hotfixes","pvp_tier","Name","text","text","YES",""
"hotfixes","pvp_tier","MinRating","smallint","smallint","NO",""
"hotfixes","pvp_tier","MaxRating","smallint","smallint","NO",""
"hotfixes","pvp_tier","PrevTier","int","int","NO",""
"hotfixes","pvp_tier","NextTier","int","int","NO",""
"hotfixes","pvp_tier","BracketID","tinyint unsigned","tinyint","NO",""
"hotfixes","pvp_tier","Rank","tinyint","tinyint","NO",""
"hotfixes","pvp_tier","RankIconFileDataID","int","int","NO",""
"hotfixes","pvp_tier","VerifiedBuild","int","int","NO","PRI"
"hotfixes","pvp_tier_locale","ID","int unsigned","int","NO","PRI"
"hotfixes","pvp_tier_locale","locale","varchar(4)","varchar","NO","PRI"
"hotfixes","pvp_tier_locale","Name_lang","text","text","YES",""
"hotfixes","pvp_tier_locale","VerifiedBuild","int","int","NO","PRI"
"hotfixes","quest_faction_reward","ID","int unsigned","int","NO","PRI"
"hotfixes","quest_faction_reward","Difficulty1","smallint","smallint","NO",""
"hotfixes","quest_faction_reward","Difficulty2","smallint","smallint","NO",""
"hotfixes","quest_faction_reward","Difficulty3","smallint","smallint","NO",""
"hotfixes","quest_faction_reward","Difficulty4","smallint","smallint","NO",""
"hotfixes","quest_faction_reward","Difficulty5","smallint","smallint","NO",""
"hotfixes","quest_faction_reward","Difficulty6","smallint","smallint","NO",""
"hotfixes","quest_faction_reward","Difficulty7","smallint","smallint","NO",""
"hotfixes","quest_faction_reward","Difficulty8","smallint","smallint","NO",""
"hotfixes","quest_faction_reward","Difficulty9","smallint","smallint","NO",""
"hotfixes","quest_faction_reward","Difficulty10","smallint","smallint","NO",""
"hotfixes","quest_faction_reward","VerifiedBuild","int","int","NO","PRI"
"hotfixes","quest_info","ID","int unsigned","int","NO","PRI"
"hotfixes","quest_info","InfoName","text","text","YES",""
"hotfixes","quest_info","Type","tinyint","tinyint","NO",""
"hotfixes","quest_info","Modifiers","int","int","NO",""
"hotfixes","quest_info","Profession","smallint unsigned","smallint","NO",""
"hotfixes","quest_info","VerifiedBuild","int","int","NO","PRI"
"hotfixes","quest_info_locale","ID","int unsigned","int","NO","PRI"
"hotfixes","quest_info_locale","locale","varchar(4)","varchar","NO","PRI"
"hotfixes","quest_info_locale","InfoName_lang","text","text","YES",""
"hotfixes","quest_info_locale","VerifiedBuild","int","int","NO","PRI"
"hotfixes","quest_line_x_quest","ID","int unsigned","int","NO","PRI"
"hotfixes","quest_line_x_quest","QuestLineID","int unsigned","int","NO",""
"hotfixes","quest_line_x_quest","QuestID","int unsigned","int","NO",""
"hotfixes","quest_line_x_quest","OrderIndex","int unsigned","int","NO",""
"hotfixes","quest_line_x_quest","VerifiedBuild","int","int","NO","PRI"
"hotfixes","quest_money_reward","ID","int unsigned","int","NO","PRI"
"hotfixes","quest_money_reward","Difficulty1","int unsigned","int","NO",""
"hotfixes","quest_money_reward","Difficulty2","int unsigned","int","NO",""
"hotfixes","quest_money_reward","Difficulty3","int unsigned","int","NO",""
"hotfixes","quest_money_reward","Difficulty4","int unsigned","int","NO",""
"hotfixes","quest_money_reward","Difficulty5","int unsigned","int","NO",""
"hotfixes","quest_money_reward","Difficulty6","int unsigned","int","NO",""
"hotfixes","quest_money_reward","Difficulty7","int unsigned","int","NO",""
"hotfixes","quest_money_reward","Difficulty8","int unsigned","int","NO",""
"hotfixes","quest_money_reward","Difficulty9","int unsigned","int","NO",""
"hotfixes","quest_money_reward","Difficulty10","int unsigned","int","NO",""
"hotfixes","quest_money_reward","VerifiedBuild","int","int","NO","PRI"
"hotfixes","quest_package_item","ID","int unsigned","int","NO","PRI"
"hotfixes","quest_package_item","PackageID","smallint unsigned","smallint","NO",""
"hotfixes","quest_package_item","ItemID","int","int","NO",""
"hotfixes","quest_package_item","ItemQuantity","int unsigned","int","NO",""
"hotfixes","quest_package_item","DisplayType","tinyint unsigned","tinyint","NO",""
"hotfixes","quest_package_item","VerifiedBuild","int","int","NO","PRI"
"hotfixes","quest_sort","ID","int unsigned","int","NO","PRI"
"hotfixes","quest_sort","SortName","text","text","YES",""
"hotfixes","quest_sort","UiOrderIndex","tinyint","tinyint","NO",""
"hotfixes","quest_sort","VerifiedBuild","int","int","NO","PRI"
"hotfixes","quest_sort_locale","ID","int unsigned","int","NO","PRI"
"hotfixes","quest_sort_locale","locale","varchar(4)","varchar","NO","PRI"
"hotfixes","quest_sort_locale","SortName_lang","text","text","YES",""
"hotfixes","quest_sort_locale","VerifiedBuild","int","int","NO","PRI"
"hotfixes","quest_v2","ID","int unsigned","int","NO","PRI"
"hotfixes","quest_v2","UniqueBitFlag","smallint unsigned","smallint","NO",""
"hotfixes","quest_v2","VerifiedBuild","int","int","NO","PRI"
"hotfixes","quest_xp","ID","int unsigned","int","NO","PRI"
"hotfixes","quest_xp","Difficulty1","smallint unsigned","smallint","NO",""
"hotfixes","quest_xp","Difficulty2","smallint unsigned","smallint","NO",""
"hotfixes","quest_xp","Difficulty3","smallint unsigned","smallint","NO",""
"hotfixes","quest_xp","Difficulty4","smallint unsigned","smallint","NO",""
"hotfixes","quest_xp","Difficulty5","smallint unsigned","smallint","NO",""
"hotfixes","quest_xp","Difficulty6","smallint unsigned","smallint","NO",""
"hotfixes","quest_xp","Difficulty7","smallint unsigned","smallint","NO",""
"hotfixes","quest_xp","Difficulty8","smallint unsigned","smallint","NO",""
"hotfixes","quest_xp","Difficulty9","smallint unsigned","smallint","NO",""
"hotfixes","quest_xp","Difficulty10","smallint unsigned","smallint","NO",""
"hotfixes","quest_xp","VerifiedBuild","int","int","NO","PRI"
"hotfixes","rand_prop_points","ID","int unsigned","int","NO","PRI"
"hotfixes","rand_prop_points","DamageReplaceStat","int","int","NO",""
"hotfixes","rand_prop_points","Epic1","int unsigned","int","NO",""
"hotfixes","rand_prop_points","Epic2","int unsigned","int","NO",""
"hotfixes","rand_prop_points","Epic3","int unsigned","int","NO",""
"hotfixes","rand_prop_points","Epic4","int unsigned","int","NO",""
"hotfixes","rand_prop_points","Epic5","int unsigned","int","NO",""
"hotfixes","rand_prop_points","Superior1","int unsigned","int","NO",""
"hotfixes","rand_prop_points","Superior2","int unsigned","int","NO",""
"hotfixes","rand_prop_points","Superior3","int unsigned","int","NO",""
"hotfixes","rand_prop_points","Superior4","int unsigned","int","NO",""
"hotfixes","rand_prop_points","Superior5","int unsigned","int","NO",""
"hotfixes","rand_prop_points","Good1","int unsigned","int","NO",""
"hotfixes","rand_prop_points","Good2","int unsigned","int","NO",""
"hotfixes","rand_prop_points","Good3","int unsigned","int","NO",""
"hotfixes","rand_prop_points","Good4","int unsigned","int","NO",""
"hotfixes","rand_prop_points","Good5","int unsigned","int","NO",""
"hotfixes","rand_prop_points","VerifiedBuild","int","int","NO","PRI"
"hotfixes","reward_pack","ID","int unsigned","int","NO","PRI"
"hotfixes","reward_pack","CharTitleID","int","int","NO",""
"hotfixes","reward_pack","Money","int unsigned","int","NO",""
"hotfixes","reward_pack","ArtifactXPDifficulty","tinyint","tinyint","NO",""
"hotfixes","reward_pack","ArtifactXPMultiplier","float","float","NO",""
"hotfixes","reward_pack","ArtifactXPCategoryID","tinyint unsigned","tinyint","NO",""
"hotfixes","reward_pack","TreasurePickerID","int unsigned","int","NO",""
"hotfixes","reward_pack","VerifiedBuild","int","int","NO","PRI"
"hotfixes","reward_pack_x_currency_type","ID","int unsigned","int","NO","PRI"
"hotfixes","reward_pack_x_currency_type","CurrencyTypeID","int unsigned","int","NO",""
"hotfixes","reward_pack_x_currency_type","Quantity","int","int","NO",""
"hotfixes","reward_pack_x_currency_type","RewardPackID","int unsigned","int","NO",""
"hotfixes","reward_pack_x_currency_type","VerifiedBuild","int","int","NO","PRI"
"hotfixes","reward_pack_x_item","ID","int unsigned","int","NO","PRI"
"hotfixes","reward_pack_x_item","ItemID","int","int","NO",""
"hotfixes","reward_pack_x_item","ItemQuantity","int","int","NO",""
"hotfixes","reward_pack_x_item","RewardPackID","int unsigned","int","NO",""
"hotfixes","reward_pack_x_item","VerifiedBuild","int","int","NO","PRI"
"hotfixes","scaling_stat_distribution","ID","int unsigned","int","NO","PRI"
"hotfixes","scaling_stat_distribution","PlayerLevelToItemLevelCurveID","smallint unsigned","smallint","NO",""
"hotfixes","scaling_stat_distribution","MinLevel","int","int","NO",""
"hotfixes","scaling_stat_distribution","MaxLevel","int","int","NO",""
"hotfixes","scaling_stat_distribution","Bonus1","int","int","NO",""
"hotfixes","scaling_stat_distribution","Bonus2","int","int","NO",""
"hotfixes","scaling_stat_distribution","Bonus3","int","int","NO",""
"hotfixes","scaling_stat_distribution","Bonus4","int","int","NO",""
"hotfixes","scaling_stat_distribution","Bonus5","int","int","NO",""
"hotfixes","scaling_stat_distribution","Bonus6","int","int","NO",""
"hotfixes","scaling_stat_distribution","Bonus7","int","int","NO",""
"hotfixes","scaling_stat_distribution","Bonus8","int","int","NO",""
"hotfixes","scaling_stat_distribution","Bonus9","int","int","NO",""
"hotfixes","scaling_stat_distribution","Bonus10","int","int","NO",""
"hotfixes","scaling_stat_distribution","StatID1","int","int","NO",""
"hotfixes","scaling_stat_distribution","StatID2","int","int","NO",""
"hotfixes","scaling_stat_distribution","StatID3","int","int","NO",""
"hotfixes","scaling_stat_distribution","StatID4","int","int","NO",""
"hotfixes","scaling_stat_distribution","StatID5","int","int","NO",""
"hotfixes","scaling_stat_distribution","StatID6","int","int","NO",""
"hotfixes","scaling_stat_distribution","StatID7","int","int","NO",""
"hotfixes","scaling_stat_distribution","StatID8","int","int","NO",""
"hotfixes","scaling_stat_distribution","StatID9","int","int","NO",""
"hotfixes","scaling_stat_distribution","StatID10","int","int","NO",""
"hotfixes","scaling_stat_distribution","VerifiedBuild","int","int","NO","PRI"
"hotfixes","scaling_stat_values","ID","int unsigned","int","NO","PRI"
"hotfixes","scaling_stat_values","Charlevel","int","int","NO",""
"hotfixes","scaling_stat_values","WeaponDPS1H","int","int","NO",""
"hotfixes","scaling_stat_values","WeaponDPS2H","int","int","NO",""
"hotfixes","scaling_stat_values","SpellcasterDPS1H","int","int","NO",""
"hotfixes","scaling_stat_values","SpellcasterDPS2H","int","int","NO",""
"hotfixes","scaling_stat_values","RangedDPS","int","int","NO",""
"hotfixes","scaling_stat_values","WandDPS","int","int","NO",""
"hotfixes","scaling_stat_values","SpellPower","int","int","NO",""
"hotfixes","scaling_stat_values","ShoulderBudget","int","int","NO",""
"hotfixes","scaling_stat_values","TrinketBudget","int","int","NO",""
"hotfixes","scaling_stat_values","WeaponBudget1H","int","int","NO",""
"hotfixes","scaling_stat_values","PrimaryBudget","int","int","NO",""
"hotfixes","scaling_stat_values","RangedBudget","int","int","NO",""
"hotfixes","scaling_stat_values","TertiaryBudget","int","int","NO",""
"hotfixes","scaling_stat_values","ClothShoulderArmor","int","int","NO",""
"hotfixes","scaling_stat_values","LeatherShoulderArmor","int","int","NO",""
"hotfixes","scaling_stat_values","MailShoulderArmor","int","int","NO",""
"hotfixes","scaling_stat_values","PlateShoulderArmor","int","int","NO",""
"hotfixes","scaling_stat_values","ClothCloakArmor","int","int","NO",""
"hotfixes","scaling_stat_values","ClothChestArmor","int","int","NO",""
"hotfixes","scaling_stat_values","LeatherChestArmor","int","int","NO",""
"hotfixes","scaling_stat_values","MailChestArmor","int","int","NO",""
"hotfixes","scaling_stat_values","PlateChestArmor","int","int","NO",""
"hotfixes","scaling_stat_values","VerifiedBuild","int","int","NO","PRI"
"hotfixes","scenario","ID","int unsigned","int","NO","PRI"
"hotfixes","scenario","Name","text","text","YES",""
"hotfixes","scenario","AreaTableID","smallint unsigned","smallint","NO",""
"hotfixes","scenario","Type","tinyint unsigned","tinyint","NO",""
"hotfixes","scenario","Flags","tinyint unsigned","tinyint","NO",""
"hotfixes","scenario","UiTextureKitID","int unsigned","int","NO",""
"hotfixes","scenario","VerifiedBuild","int","int","NO","PRI"
"hotfixes","scenario_locale","ID","int unsigned","int","NO","PRI"
"hotfixes","scenario_locale","locale","varchar(4)","varchar","NO","PRI"
"hotfixes","scenario_locale","Name_lang","text","text","YES",""
"hotfixes","scenario_locale","VerifiedBuild","int","int","NO","PRI"
"hotfixes","scenario_step","ID","int unsigned","int","NO","PRI"
"hotfixes","scenario_step","Description","text","text","YES",""
"hotfixes","scenario_step","Title","text","text","YES",""
"hotfixes","scenario_step","ScenarioID","smallint unsigned","smallint","NO",""
"hotfixes","scenario_step","Criteriatreeid","int unsigned","int","NO",""
"hotfixes","scenario_step","RewardQuestID","int unsigned","int","NO",""
"hotfixes","scenario_step","RelatedStep","int","int","NO",""
"hotfixes","scenario_step","Supersedes","smallint unsigned","smallint","NO",""
"hotfixes","scenario_step","OrderIndex","tinyint unsigned","tinyint","NO",""
"hotfixes","scenario_step","Flags","tinyint unsigned","tinyint","NO",""
"hotfixes","scenario_step","VisibilityPlayerConditionID","int unsigned","int","NO",""
"hotfixes","scenario_step","WidgetSetID","smallint unsigned","smallint","NO",""
"hotfixes","scenario_step","VerifiedBuild","int","int","NO","PRI"
"hotfixes","scenario_step_locale","ID","int unsigned","int","NO","PRI"
"hotfixes","scenario_step_locale","locale","varchar(4)","varchar","NO","PRI"
"hotfixes","scenario_step_locale","Description_lang","text","text","YES",""
"hotfixes","scenario_step_locale","Title_lang","text","text","YES",""
"hotfixes","scenario_step_locale","VerifiedBuild","int","int","NO","PRI"
"hotfixes","scene_script","ID","int unsigned","int","NO","PRI"
"hotfixes","scene_script","FirstSceneScriptID","smallint unsigned","smallint","NO",""
"hotfixes","scene_script","NextSceneScriptID","smallint unsigned","smallint","NO",""
"hotfixes","scene_script","Unknown915","int","int","NO",""
"hotfixes","scene_script","VerifiedBuild","int","int","NO","PRI"
"hotfixes","scene_script_global_text","ID","int unsigned","int","NO","PRI"
"hotfixes","scene_script_global_text","Name","text","text","YES",""
"hotfixes","scene_script_global_text","Script","text","text","YES",""
"hotfixes","scene_script_global_text","VerifiedBuild","int","int","NO","PRI"
"hotfixes","scene_script_package","ID","int unsigned","int","NO","PRI"
"hotfixes","scene_script_package","Name","text","text","YES",""
"hotfixes","scene_script_package","VerifiedBuild","int","int","NO","PRI"
"hotfixes","scene_script_text","ID","int unsigned","int","NO","PRI"
"hotfixes","scene_script_text","Name","text","text","YES",""
"hotfixes","scene_script_text","Script","text","text","YES",""
"hotfixes","scene_script_text","VerifiedBuild","int","int","NO","PRI"
"hotfixes","server_messages","ID","int unsigned","int","NO","PRI"
"hotfixes","server_messages","Text","text","text","YES",""
"hotfixes","server_messages","VerifiedBuild","int","int","NO","PRI"
"hotfixes","server_messages_locale","ID","int unsigned","int","NO","PRI"
"hotfixes","server_messages_locale","locale","varchar(4)","varchar","NO","PRI"
"hotfixes","server_messages_locale","Text_lang","text","text","YES",""
"hotfixes","server_messages_locale","VerifiedBuild","int","int","NO","PRI"
"hotfixes","skill_line","DisplayName","text","text","YES",""
"hotfixes","skill_line","AlternateVerb","text","text","YES",""
"hotfixes","skill_line","Description","text","text","YES",""
"hotfixes","skill_line","HordeDisplayName","text","text","YES",""
"hotfixes","skill_line","OverrideSourceInfoDisplayName","text","text","YES",""
"hotfixes","skill_line","ID","int unsigned","int","NO","PRI"
"hotfixes","skill_line","CategoryID","tinyint","tinyint","NO",""
"hotfixes","skill_line","SpellIconFileID","int","int","NO",""
"hotfixes","skill_line","CanLink","tinyint","tinyint","NO",""
"hotfixes","skill_line","ParentSkillLineID","int unsigned","int","NO",""
"hotfixes","skill_line","ParentTierIndex","int","int","NO",""
"hotfixes","skill_line","Flags","smallint unsigned","smallint","NO",""
"hotfixes","skill_line","SpellBookSpellID","int","int","NO",""
"hotfixes","skill_line","VerifiedBuild","int","int","NO","PRI"
"hotfixes","skill_line_ability","RaceMask","bigint","bigint","NO",""
"hotfixes","skill_line_ability","ID","int unsigned","int","NO","PRI"
"hotfixes","skill_line_ability","SkillLine","smallint","smallint","NO",""
"hotfixes","skill_line_ability","Spell","int","int","NO",""
"hotfixes","skill_line_ability","MinSkillLineRank","smallint","smallint","NO",""
"hotfixes","skill_line_ability","ClassMask","int","int","NO",""
"hotfixes","skill_line_ability","SupercedesSpell","int","int","NO",""
"hotfixes","skill_line_ability","AcquireMethod","tinyint","tinyint","NO",""
"hotfixes","skill_line_ability","TrivialSkillLineRankHigh","smallint","smallint","NO",""
"hotfixes","skill_line_ability","TrivialSkillLineRankLow","smallint","smallint","NO",""
"hotfixes","skill_line_ability","Flags","tinyint","tinyint","NO",""
"hotfixes","skill_line_ability","NumSkillUps","tinyint","tinyint","NO",""
"hotfixes","skill_line_ability","UniqueBit","smallint","smallint","NO",""
"hotfixes","skill_line_ability","TradeSkillCategoryID","smallint","smallint","NO",""
"hotfixes","skill_line_ability","SkillupSkillLineID","smallint","smallint","NO",""
"hotfixes","skill_line_ability","CharacterPoints1","int","int","NO",""
"hotfixes","skill_line_ability","CharacterPoints2","int","int","NO",""
"hotfixes","skill_line_ability","VerifiedBuild","int","int","NO","PRI"
"hotfixes","skill_line_ability_locale","ID","int unsigned","int","NO","PRI"
"hotfixes","skill_line_ability_locale","locale","varchar(4)","varchar","NO","PRI"
"hotfixes","skill_line_ability_locale","AbilityVerb_lang","text","text","YES",""
"hotfixes","skill_line_ability_locale","AbilityAllVerb_lang","text","text","YES",""
"hotfixes","skill_line_ability_locale","VerifiedBuild","int","int","NO","PRI"
"hotfixes","skill_line_locale","ID","int unsigned","int","NO","PRI"
"hotfixes","skill_line_locale","locale","varchar(4)","varchar","NO","PRI"
"hotfixes","skill_line_locale","DisplayName_lang","text","text","YES",""
"hotfixes","skill_line_locale","AlternateVerb_lang","text","text","YES",""
"hotfixes","skill_line_locale","Description_lang","text","text","YES",""
"hotfixes","skill_line_locale","HordeDisplayName_lang","text","text","YES",""
"hotfixes","skill_line_locale","VerifiedBuild","int","int","NO","PRI"
"hotfixes","skill_race_class_info","ID","int unsigned","int","NO","PRI"
"hotfixes","skill_race_class_info","RaceMask","bigint","bigint","NO",""
"hotfixes","skill_race_class_info","SkillID","smallint","smallint","NO",""
"hotfixes","skill_race_class_info","ClassMask","int","int","NO",""
"hotfixes","skill_race_class_info","Flags","smallint unsigned","smallint","NO",""
"hotfixes","skill_race_class_info","Availability","tinyint","tinyint","NO",""
"hotfixes","skill_race_class_info","MinLevel","tinyint","tinyint","NO",""
"hotfixes","skill_race_class_info","SkillTierID","smallint","smallint","NO",""
"hotfixes","skill_race_class_info","VerifiedBuild","int","int","NO","PRI"
"hotfixes","soulbind_conduit_rank","ID","int unsigned","int","NO","PRI"
"hotfixes","soulbind_conduit_rank","RankIndex","int","int","NO",""
"hotfixes","soulbind_conduit_rank","SpellID","int","int","NO",""
"hotfixes","soulbind_conduit_rank","AuraPointsOverride","float","float","NO",""
"hotfixes","soulbind_conduit_rank","SoulbindConduitID","int unsigned","int","NO",""
"hotfixes","soulbind_conduit_rank","VerifiedBuild","int","int","NO","PRI"
"hotfixes","sound_kit","ID","int unsigned","int","NO","PRI"
"hotfixes","sound_kit","SoundType","tinyint unsigned","tinyint","NO",""
"hotfixes","sound_kit","VolumeFloat","float","float","NO",""
"hotfixes","sound_kit","Flags","smallint unsigned","smallint","NO",""
"hotfixes","sound_kit","MinDistance","float","float","NO",""
"hotfixes","sound_kit","DistanceCutoff","float","float","NO",""
"hotfixes","sound_kit","EAXDef","tinyint unsigned","tinyint","NO",""
"hotfixes","sound_kit","SoundKitAdvancedID","int unsigned","int","NO",""
"hotfixes","sound_kit","VolumeVariationPlus","float","float","NO",""
"hotfixes","sound_kit","VolumeVariationMinus","float","float","NO",""
"hotfixes","sound_kit","PitchVariationPlus","float","float","NO",""
"hotfixes","sound_kit","PitchVariationMinus","float","float","NO",""
"hotfixes","sound_kit","DialogType","tinyint","tinyint","NO",""
"hotfixes","sound_kit","PitchAdjust","float","float","NO",""
"hotfixes","sound_kit","BusOverwriteID","smallint unsigned","smallint","NO",""
"hotfixes","sound_kit","MaxInstances","tinyint unsigned","tinyint","NO",""
"hotfixes","sound_kit","SoundMixGroupID","int unsigned","int","NO",""
"hotfixes","sound_kit","VerifiedBuild","int","int","NO","PRI"
"hotfixes","spec_set_member","ID","int unsigned","int","NO","PRI"
"hotfixes","spec_set_member","ChrSpecializationID","int","int","NO",""
"hotfixes","spec_set_member","SpecSetID","int unsigned","int","NO",""
"hotfixes","spec_set_member","VerifiedBuild","int","int","NO","PRI"
"hotfixes","specialization_spells","Description","text","text","YES",""
"hotfixes","specialization_spells","ID","int unsigned","int","NO","PRI"
"hotfixes","specialization_spells","SpecID","smallint unsigned","smallint","NO",""
"hotfixes","specialization_spells","SpellID","int","int","NO",""
"hotfixes","specialization_spells","OverridesSpellID","int","int","NO",""
"hotfixes","specialization_spells","DisplayOrder","tinyint unsigned","tinyint","NO",""
"hotfixes","specialization_spells","VerifiedBuild","int","int","NO","PRI"
"hotfixes","specialization_spells_locale","ID","int unsigned","int","NO","PRI"
"hotfixes","specialization_spells_locale","locale","varchar(4)","varchar","NO","PRI"
"hotfixes","specialization_spells_locale","Description_lang","text","text","YES",""
"hotfixes","specialization_spells_locale","VerifiedBuild","int","int","NO","PRI"
"hotfixes","spell_aura_options","ID","int unsigned","int","NO","PRI"
"hotfixes","spell_aura_options","DifficultyID","tinyint unsigned","tinyint","NO",""
"hotfixes","spell_aura_options","CumulativeAura","int unsigned","int","NO",""
"hotfixes","spell_aura_options","ProcCategoryRecovery","int","int","NO",""
"hotfixes","spell_aura_options","ProcChance","tinyint unsigned","tinyint","NO",""
"hotfixes","spell_aura_options","ProcCharges","int","int","NO",""
"hotfixes","spell_aura_options","SpellProcsPerMinuteID","smallint unsigned","smallint","NO",""
"hotfixes","spell_aura_options","ProcTypeMask1","int","int","NO",""
"hotfixes","spell_aura_options","ProcTypeMask2","int","int","NO",""
"hotfixes","spell_aura_options","SpellID","int unsigned","int","NO",""
"hotfixes","spell_aura_options","VerifiedBuild","int","int","NO","PRI"
"hotfixes","spell_aura_restrictions","ID","int unsigned","int","NO","PRI"
"hotfixes","spell_aura_restrictions","DifficultyID","tinyint unsigned","tinyint","NO",""
"hotfixes","spell_aura_restrictions","CasterAuraState","tinyint unsigned","tinyint","NO",""
"hotfixes","spell_aura_restrictions","TargetAuraState","tinyint unsigned","tinyint","NO",""
"hotfixes","spell_aura_restrictions","ExcludeCasterAuraState","tinyint unsigned","tinyint","NO",""
"hotfixes","spell_aura_restrictions","ExcludeTargetAuraState","tinyint unsigned","tinyint","NO",""
"hotfixes","spell_aura_restrictions","CasterAuraSpell","int","int","NO",""
"hotfixes","spell_aura_restrictions","TargetAuraSpell","int","int","NO",""
"hotfixes","spell_aura_restrictions","ExcludeCasterAuraSpell","int","int","NO",""
"hotfixes","spell_aura_restrictions","ExcludeTargetAuraSpell","int","int","NO",""
"hotfixes","spell_aura_restrictions","SpellID","int unsigned","int","NO",""
"hotfixes","spell_aura_restrictions","VerifiedBuild","int","int","NO","PRI"
"hotfixes","spell_cast_times","ID","int unsigned","int","NO","PRI"
"hotfixes","spell_cast_times","Base","int","int","NO",""
"hotfixes","spell_cast_times","PerLevel","smallint","smallint","NO",""
"hotfixes","spell_cast_times","Minimum","int","int","NO",""
"hotfixes","spell_cast_times","VerifiedBuild","int","int","NO","PRI"
"hotfixes","spell_casting_requirements","ID","int unsigned","int","NO","PRI"
"hotfixes","spell_casting_requirements","SpellID","int","int","NO",""
"hotfixes","spell_casting_requirements","FacingCasterFlags","tinyint unsigned","tinyint","NO",""
"hotfixes","spell_casting_requirements","MinFactionID","smallint unsigned","smallint","NO",""
"hotfixes","spell_casting_requirements","MinReputation","int","int","NO",""
"hotfixes","spell_casting_requirements","RequiredAreasID","smallint unsigned","smallint","NO",""
"hotfixes","spell_casting_requirements","RequiredAuraVision","tinyint unsigned","tinyint","NO",""
"hotfixes","spell_casting_requirements","RequiresSpellFocus","smallint unsigned","smallint","NO",""
"hotfixes","spell_casting_requirements","VerifiedBuild","int","int","NO","PRI"
"hotfixes","spell_categories","ID","int unsigned","int","NO","PRI"
"hotfixes","spell_categories","DifficultyID","tinyint unsigned","tinyint","NO",""
"hotfixes","spell_categories","Category","smallint","smallint","NO",""
"hotfixes","spell_categories","DefenseType","tinyint","tinyint","NO",""
"hotfixes","spell_categories","DispelType","tinyint","tinyint","NO",""
"hotfixes","spell_categories","Mechanic","tinyint","tinyint","NO",""
"hotfixes","spell_categories","PreventionType","tinyint","tinyint","NO",""
"hotfixes","spell_categories","StartRecoveryCategory","smallint","smallint","NO",""
"hotfixes","spell_categories","ChargeCategory","smallint","smallint","NO",""
"hotfixes","spell_categories","SpellID","int unsigned","int","NO",""
"hotfixes","spell_categories","VerifiedBuild","int","int","NO","PRI"
"hotfixes","spell_category","ID","int unsigned","int","NO","PRI"
"hotfixes","spell_category","Name","text","text","YES",""
"hotfixes","spell_category","Flags","int","int","NO",""
"hotfixes","spell_category","UsesPerWeek","tinyint unsigned","tinyint","NO",""
"hotfixes","spell_category","MaxCharges","tinyint","tinyint","NO",""
"hotfixes","spell_category","ChargeRecoveryTime","int","int","NO",""
"hotfixes","spell_category","TypeMask","int","int","NO",""
"hotfixes","spell_category","VerifiedBuild","int","int","NO","PRI"
"hotfixes","spell_category_locale","ID","int unsigned","int","NO","PRI"
"hotfixes","spell_category_locale","locale","varchar(4)","varchar","NO","PRI"
"hotfixes","spell_category_locale","Name_lang","text","text","YES",""
"hotfixes","spell_category_locale","VerifiedBuild","int","int","NO","PRI"
"hotfixes","spell_class_options","ID","int unsigned","int","NO","PRI"
"hotfixes","spell_class_options","SpellID","int","int","NO",""
"hotfixes","spell_class_options","ModalNextSpell","int unsigned","int","NO",""
"hotfixes","spell_class_options","SpellClassSet","tinyint unsigned","tinyint","NO",""
"hotfixes","spell_class_options","SpellClassMask1","int","int","NO",""
"hotfixes","spell_class_options","SpellClassMask2","int","int","NO",""
"hotfixes","spell_class_options","SpellClassMask3","int","int","NO",""
"hotfixes","spell_class_options","SpellClassMask4","int","int","NO",""
"hotfixes","spell_class_options","VerifiedBuild","int","int","NO","PRI"
"hotfixes","spell_cooldowns","ID","int unsigned","int","NO","PRI"
"hotfixes","spell_cooldowns","DifficultyID","tinyint unsigned","tinyint","NO",""
"hotfixes","spell_cooldowns","CategoryRecoveryTime","int","int","NO",""
"hotfixes","spell_cooldowns","RecoveryTime","int","int","NO",""
"hotfixes","spell_cooldowns","StartRecoveryTime","int","int","NO",""
"hotfixes","spell_cooldowns","SpellID","int unsigned","int","NO",""
"hotfixes","spell_cooldowns","VerifiedBuild","int","int","NO","PRI"
"hotfixes","spell_duration","ID","int unsigned","int","NO","PRI"
"hotfixes","spell_duration","Duration","int","int","NO",""
"hotfixes","spell_duration","DurationPerLevel","int unsigned","int","NO",""
"hotfixes","spell_duration","MaxDuration","int","int","NO",""
"hotfixes","spell_duration","VerifiedBuild","int","int","NO","PRI"
"hotfixes","spell_effect","ID","int unsigned","int","NO","PRI"
"hotfixes","spell_effect","DifficultyID","int","int","NO",""
"hotfixes","spell_effect","EffectIndex","int","int","NO",""
"hotfixes","spell_effect","Effect","int unsigned","int","NO",""
"hotfixes","spell_effect","EffectAmplitude","float","float","NO",""
"hotfixes","spell_effect","EffectAttributes","int","int","NO",""
"hotfixes","spell_effect","EffectAura","smallint","smallint","NO",""
"hotfixes","spell_effect","EffectAuraPeriod","int","int","NO",""
"hotfixes","spell_effect","EffectBasePoints","int","int","NO",""
"hotfixes","spell_effect","EffectBonusCoefficient","float","float","NO",""
"hotfixes","spell_effect","EffectChainAmplitude","float","float","NO",""
"hotfixes","spell_effect","EffectChainTargets","int","int","NO",""
"hotfixes","spell_effect","EffectDieSides","int","int","NO",""
"hotfixes","spell_effect","EffectItemType","int","int","NO",""
"hotfixes","spell_effect","EffectMechanic","int","int","NO",""
"hotfixes","spell_effect","EffectPointsPerResource","float","float","NO",""
"hotfixes","spell_effect","EffectPosFacing","float","float","NO",""
"hotfixes","spell_effect","EffectRealPointsPerLevel","float","float","NO",""
"hotfixes","spell_effect","EffectTriggerSpell","int","int","NO",""
"hotfixes","spell_effect","BonusCoefficientFromAP","float","float","NO",""
"hotfixes","spell_effect","PvpMultiplier","float","float","NO",""
"hotfixes","spell_effect","Coefficient","float","float","NO",""
"hotfixes","spell_effect","Variance","float","float","NO",""
"hotfixes","spell_effect","ResourceCoefficient","float","float","NO",""
"hotfixes","spell_effect","GroupSizeBasePointsCoefficient","float","float","NO",""
"hotfixes","spell_effect","EffectMiscValue1","int","int","NO",""
"hotfixes","spell_effect","EffectMiscValue2","int","int","NO",""
"hotfixes","spell_effect","EffectRadiusIndex1","int unsigned","int","NO",""
"hotfixes","spell_effect","EffectRadiusIndex2","int unsigned","int","NO",""
"hotfixes","spell_effect","EffectSpellClassMask1","int","int","NO",""
"hotfixes","spell_effect","EffectSpellClassMask2","int","int","NO",""
"hotfixes","spell_effect","EffectSpellClassMask3","int","int","NO",""
"hotfixes","spell_effect","EffectSpellClassMask4","int","int","NO",""
"hotfixes","spell_effect","ImplicitTarget1","smallint","smallint","NO",""
"hotfixes","spell_effect","ImplicitTarget2","smallint","smallint","NO",""
"hotfixes","spell_effect","SpellID","int unsigned","int","NO",""
"hotfixes","spell_effect","VerifiedBuild","int","int","NO","PRI"
"hotfixes","spell_equipped_items","ID","int unsigned","int","NO","PRI"
"hotfixes","spell_equipped_items","SpellID","int","int","NO",""
"hotfixes","spell_equipped_items","EquippedItemClass","tinyint","tinyint","NO",""
"hotfixes","spell_equipped_items","EquippedItemInvTypes","int","int","NO",""
"hotfixes","spell_equipped_items","EquippedItemSubclass","int","int","NO",""
"hotfixes","spell_equipped_items","VerifiedBuild","int","int","NO","PRI"
"hotfixes","spell_focus_object","ID","int unsigned","int","NO","PRI"
"hotfixes","spell_focus_object","Name","text","text","YES",""
"hotfixes","spell_focus_object","VerifiedBuild","int","int","NO","PRI"
"hotfixes","spell_focus_object_locale","ID","int unsigned","int","NO","PRI"
"hotfixes","spell_focus_object_locale","locale","varchar(4)","varchar","NO","PRI"
"hotfixes","spell_focus_object_locale","Name_lang","text","text","YES",""
"hotfixes","spell_focus_object_locale","VerifiedBuild","int","int","NO","PRI"
"hotfixes","spell_interrupts","ID","int unsigned","int","NO","PRI"
"hotfixes","spell_interrupts","DifficultyID","tinyint unsigned","tinyint","NO",""
"hotfixes","spell_interrupts","InterruptFlags","smallint","smallint","NO",""
"hotfixes","spell_interrupts","AuraInterruptFlags1","int","int","NO",""
"hotfixes","spell_interrupts","AuraInterruptFlags2","int","int","NO",""
"hotfixes","spell_interrupts","ChannelInterruptFlags1","int","int","NO",""
"hotfixes","spell_interrupts","ChannelInterruptFlags2","int","int","NO",""
"hotfixes","spell_interrupts","SpellID","int unsigned","int","NO",""
"hotfixes","spell_interrupts","VerifiedBuild","int","int","NO","PRI"
"hotfixes","spell_item_enchantment","ID","int unsigned","int","NO","PRI"
"hotfixes","spell_item_enchantment","Name","text","text","YES",""
"hotfixes","spell_item_enchantment","HordeName","text","text","YES",""
"hotfixes","spell_item_enchantment","EffectArg1","int unsigned","int","NO",""
"hotfixes","spell_item_enchantment","EffectArg2","int unsigned","int","NO",""
"hotfixes","spell_item_enchantment","EffectArg3","int unsigned","int","NO",""
"hotfixes","spell_item_enchantment","EffectScalingPoints1","float","float","NO",""
"hotfixes","spell_item_enchantment","EffectScalingPoints2","float","float","NO",""
"hotfixes","spell_item_enchantment","EffectScalingPoints3","float","float","NO",""
"hotfixes","spell_item_enchantment","GemItemID","int unsigned","int","NO",""
"hotfixes","spell_item_enchantment","TransmogUnlockConditionID","int unsigned","int","NO",""
"hotfixes","spell_item_enchantment","TransmogCost","int unsigned","int","NO",""
"hotfixes","spell_item_enchantment","IconFileDataID","int unsigned","int","NO",""
"hotfixes","spell_item_enchantment","EffectPointsMin1","smallint","smallint","NO",""
"hotfixes","spell_item_enchantment","EffectPointsMin2","smallint","smallint","NO",""
"hotfixes","spell_item_enchantment","EffectPointsMin3","smallint","smallint","NO",""
"hotfixes","spell_item_enchantment","ItemVisual","smallint unsigned","smallint","NO",""
"hotfixes","spell_item_enchantment","Flags","smallint unsigned","smallint","NO",""
"hotfixes","spell_item_enchantment","RequiredSkillID","smallint unsigned","smallint","NO",""
"hotfixes","spell_item_enchantment","RequiredSkillRank","smallint unsigned","smallint","NO",""
"hotfixes","spell_item_enchantment","ItemLevel","smallint unsigned","smallint","NO",""
"hotfixes","spell_item_enchantment","Charges","tinyint unsigned","tinyint","NO",""
"hotfixes","spell_item_enchantment","Effect1","tinyint unsigned","tinyint","NO",""
"hotfixes","spell_item_enchantment","Effect2","tinyint unsigned","tinyint","NO",""
"hotfixes","spell_item_enchantment","Effect3","tinyint unsigned","tinyint","NO",""
"hotfixes","spell_item_enchantment","ScalingClass","tinyint","tinyint","NO",""
"hotfixes","spell_item_enchantment","ScalingClassRestricted","tinyint","tinyint","NO",""
"hotfixes","spell_item_enchantment","ConditionID","tinyint unsigned","tinyint","NO",""
"hotfixes","spell_item_enchantment","MinLevel","tinyint unsigned","tinyint","NO",""
"hotfixes","spell_item_enchantment","MaxLevel","tinyint unsigned","tinyint","NO",""
"hotfixes","spell_item_enchantment","VerifiedBuild","int","int","NO","PRI"
"hotfixes","spell_item_enchantment_condition","ID","int unsigned","int","NO","PRI"
"hotfixes","spell_item_enchantment_condition","LtOperandType1","tinyint unsigned","tinyint","NO",""
"hotfixes","spell_item_enchantment_condition","LtOperandType2","tinyint unsigned","tinyint","NO",""
"hotfixes","spell_item_enchantment_condition","LtOperandType3","tinyint unsigned","tinyint","NO",""
"hotfixes","spell_item_enchantment_condition","LtOperandType4","tinyint unsigned","tinyint","NO",""
"hotfixes","spell_item_enchantment_condition","LtOperandType5","tinyint unsigned","tinyint","NO",""
"hotfixes","spell_item_enchantment_condition","LtOperand1","int unsigned","int","NO",""
"hotfixes","spell_item_enchantment_condition","LtOperand2","int unsigned","int","NO",""
"hotfixes","spell_item_enchantment_condition","LtOperand3","int unsigned","int","NO",""
"hotfixes","spell_item_enchantment_condition","LtOperand4","int unsigned","int","NO",""
"hotfixes","spell_item_enchantment_condition","LtOperand5","int unsigned","int","NO",""
"hotfixes","spell_item_enchantment_condition","Operator1","tinyint unsigned","tinyint","NO",""
"hotfixes","spell_item_enchantment_condition","Operator2","tinyint unsigned","tinyint","NO",""
"hotfixes","spell_item_enchantment_condition","Operator3","tinyint unsigned","tinyint","NO",""
"hotfixes","spell_item_enchantment_condition","Operator4","tinyint unsigned","tinyint","NO",""
"hotfixes","spell_item_enchantment_condition","Operator5","tinyint unsigned","tinyint","NO",""
"hotfixes","spell_item_enchantment_condition","RtOperandType1","tinyint unsigned","tinyint","NO",""
"hotfixes","spell_item_enchantment_condition","RtOperandType2","tinyint unsigned","tinyint","NO",""
"hotfixes","spell_item_enchantment_condition","RtOperandType3","tinyint unsigned","tinyint","NO",""
"hotfixes","spell_item_enchantment_condition","RtOperandType4","tinyint unsigned","tinyint","NO",""
"hotfixes","spell_item_enchantment_condition","RtOperandType5","tinyint unsigned","tinyint","NO",""
"hotfixes","spell_item_enchantment_condition","RtOperand1","tinyint unsigned","tinyint","NO",""
"hotfixes","spell_item_enchantment_condition","RtOperand2","tinyint unsigned","tinyint","NO",""
"hotfixes","spell_item_enchantment_condition","RtOperand3","tinyint unsigned","tinyint","NO",""
"hotfixes","spell_item_enchantment_condition","RtOperand4","tinyint unsigned","tinyint","NO",""
"hotfixes","spell_item_enchantment_condition","RtOperand5","tinyint unsigned","tinyint","NO",""
"hotfixes","spell_item_enchantment_condition","Logic1","tinyint unsigned","tinyint","NO",""
"hotfixes","spell_item_enchantment_condition","Logic2","tinyint unsigned","tinyint","NO",""
"hotfixes","spell_item_enchantment_condition","Logic3","tinyint unsigned","tinyint","NO",""
"hotfixes","spell_item_enchantment_condition","Logic4","tinyint unsigned","tinyint","NO",""
"hotfixes","spell_item_enchantment_condition","Logic5","tinyint unsigned","tinyint","NO",""
"hotfixes","spell_item_enchantment_condition","VerifiedBuild","int","int","NO","PRI"
"hotfixes","spell_item_enchantment_locale","ID","int unsigned","int","NO","PRI"
"hotfixes","spell_item_enchantment_locale","locale","varchar(4)","varchar","NO","PRI"
"hotfixes","spell_item_enchantment_locale","Name_lang","text","text","YES",""
"hotfixes","spell_item_enchantment_locale","HordeName_lang","text","text","YES",""
"hotfixes","spell_item_enchantment_locale","VerifiedBuild","int","int","NO","PRI"
"hotfixes","spell_keybound_override","ID","int unsigned","int","NO","PRI"
"hotfixes","spell_keybound_override","Function","text","text","YES",""
"hotfixes","spell_keybound_override","Type","tinyint","tinyint","NO",""
"hotfixes","spell_keybound_override","Data","int","int","NO",""
"hotfixes","spell_keybound_override","Flags","int","int","NO",""
"hotfixes","spell_keybound_override","VerifiedBuild","int","int","NO","PRI"
"hotfixes","spell_label","ID","int unsigned","int","NO","PRI"
"hotfixes","spell_label","LabelID","int unsigned","int","NO",""
"hotfixes","spell_label","SpellID","int unsigned","int","NO",""
"hotfixes","spell_label","VerifiedBuild","int","int","NO","PRI"
"hotfixes","spell_learn_spell","ID","int unsigned","int","NO","PRI"
"hotfixes","spell_learn_spell","SpellID","int","int","NO",""
"hotfixes","spell_learn_spell","LearnSpellID","int","int","NO",""
"hotfixes","spell_learn_spell","OverridesSpellID","int","int","NO",""
"hotfixes","spell_learn_spell","VerifiedBuild","int","int","NO","PRI"
"hotfixes","spell_levels","ID","int unsigned","int","NO","PRI"
"hotfixes","spell_levels","DifficultyID","tinyint unsigned","tinyint","NO",""
"hotfixes","spell_levels","BaseLevel","smallint","smallint","NO",""
"hotfixes","spell_levels","MaxLevel","smallint","smallint","NO",""
"hotfixes","spell_levels","SpellLevel","smallint","smallint","NO",""
"hotfixes","spell_levels","MaxPassiveAuraLevel","tinyint unsigned","tinyint","NO",""
"hotfixes","spell_levels","SpellID","int unsigned","int","NO",""
"hotfixes","spell_levels","VerifiedBuild","int","int","NO","PRI"
"hotfixes","spell_misc","ID","int unsigned","int","NO","PRI"
"hotfixes","spell_misc","Attributes1","int","int","NO",""
"hotfixes","spell_misc","Attributes2","int","int","NO",""
"hotfixes","spell_misc","Attributes3","int","int","NO",""
"hotfixes","spell_misc","Attributes4","int","int","NO",""
"hotfixes","spell_misc","Attributes5","int","int","NO",""
"hotfixes","spell_misc","Attributes6","int","int","NO",""
"hotfixes","spell_misc","Attributes7","int","int","NO",""
"hotfixes","spell_misc","Attributes8","int","int","NO",""
"hotfixes","spell_misc","Attributes9","int","int","NO",""
"hotfixes","spell_misc","Attributes10","int","int","NO",""
"hotfixes","spell_misc","Attributes11","int","int","NO",""
"hotfixes","spell_misc","Attributes12","int","int","NO",""
"hotfixes","spell_misc","Attributes13","int","int","NO",""
"hotfixes","spell_misc","Attributes14","int","int","NO",""
"hotfixes","spell_misc","Attributes15","int","int","NO",""
"hotfixes","spell_misc","DifficultyID","tinyint unsigned","tinyint","NO",""
"hotfixes","spell_misc","CastingTimeIndex","smallint unsigned","smallint","NO",""
"hotfixes","spell_misc","DurationIndex","smallint unsigned","smallint","NO",""
"hotfixes","spell_misc","RangeIndex","smallint unsigned","smallint","NO",""
"hotfixes","spell_misc","SchoolMask","tinyint unsigned","tinyint","NO",""
"hotfixes","spell_misc","Speed","float","float","NO",""
"hotfixes","spell_misc","LaunchDelay","float","float","NO",""
"hotfixes","spell_misc","MinDuration","float","float","NO",""
"hotfixes","spell_misc","SpellIconFileDataID","int","int","NO",""
"hotfixes","spell_misc","ActiveIconFileDataID","int","int","NO",""
"hotfixes","spell_misc","ContentTuningID","int","int","NO",""
"hotfixes","spell_misc","ShowFutureSpellPlayerConditionID","int","int","NO",""
"hotfixes","spell_misc","SpellID","int unsigned","int","NO",""
"hotfixes","spell_misc","VerifiedBuild","int","int","NO","PRI"
"hotfixes","spell_name","ID","int unsigned","int","NO","PRI"
"hotfixes","spell_name","Name","text","text","YES",""
"hotfixes","spell_name","VerifiedBuild","int","int","NO","PRI"
"hotfixes","spell_name_locale","ID","int unsigned","int","NO","PRI"
"hotfixes","spell_name_locale","locale","varchar(4)","varchar","NO","PRI"
"hotfixes","spell_name_locale","Name_lang","text","text","YES",""
"hotfixes","spell_name_locale","VerifiedBuild","int","int","NO","PRI"
"hotfixes","spell_power","ID","int unsigned","int","NO","PRI"
"hotfixes","spell_power","OrderIndex","tinyint unsigned","tinyint","NO",""
"hotfixes","spell_power","ManaCost","int","int","NO",""
"hotfixes","spell_power","ManaCostPerLevel","int","int","NO",""
"hotfixes","spell_power","ManaPerSecond","int","int","NO",""
"hotfixes","spell_power","PowerDisplayID","int unsigned","int","NO",""
"hotfixes","spell_power","AltPowerBarID","int","int","NO",""
"hotfixes","spell_power","PowerCostPct","float","float","NO",""
"hotfixes","spell_power","PowerCostMaxPct","float","float","NO",""
"hotfixes","spell_power","PowerPctPerSecond","float","float","NO",""
"hotfixes","spell_power","PowerType","tinyint","tinyint","NO",""
"hotfixes","spell_power","RequiredAuraSpellID","int","int","NO",""
"hotfixes","spell_power","OptionalCost","int unsigned","int","NO",""
"hotfixes","spell_power","SpellID","int unsigned","int","NO",""
"hotfixes","spell_power","VerifiedBuild","int","int","NO","PRI"
"hotfixes","spell_power_difficulty","ID","int unsigned","int","NO","PRI"
"hotfixes","spell_power_difficulty","DifficultyID","tinyint unsigned","tinyint","NO",""
"hotfixes","spell_power_difficulty","OrderIndex","tinyint unsigned","tinyint","NO",""
"hotfixes","spell_power_difficulty","VerifiedBuild","int","int","NO","PRI"
"hotfixes","spell_procs_per_minute","ID","int unsigned","int","NO","PRI"
"hotfixes","spell_procs_per_minute","BaseProcRate","float","float","NO",""
"hotfixes","spell_procs_per_minute","Flags","tinyint unsigned","tinyint","NO",""
"hotfixes","spell_procs_per_minute","VerifiedBuild","int","int","NO","PRI"
"hotfixes","spell_procs_per_minute_mod","ID","int unsigned","int","NO","PRI"
"hotfixes","spell_procs_per_minute_mod","Type","tinyint unsigned","tinyint","NO",""
"hotfixes","spell_procs_per_minute_mod","Param","smallint","smallint","NO",""
"hotfixes","spell_procs_per_minute_mod","Coeff","float","float","NO",""
"hotfixes","spell_procs_per_minute_mod","SpellProcsPerMinuteID","int unsigned","int","NO",""
"hotfixes","spell_procs_per_minute_mod","VerifiedBuild","int","int","NO","PRI"
"hotfixes","spell_radius","ID","int unsigned","int","NO","PRI"
"hotfixes","spell_radius","Radius","float","float","NO",""
"hotfixes","spell_radius","RadiusPerLevel","float","float","NO",""
"hotfixes","spell_radius","RadiusMin","float","float","NO",""
"hotfixes","spell_radius","RadiusMax","float","float","NO",""
"hotfixes","spell_radius","VerifiedBuild","int","int","NO","PRI"
"hotfixes","spell_range","ID","int unsigned","int","NO","PRI"
"hotfixes","spell_range","DisplayName","text","text","YES",""
"hotfixes","spell_range","DisplayNameShort","text","text","YES",""
"hotfixes","spell_range","Flags","tinyint unsigned","tinyint","NO",""
"hotfixes","spell_range","RangeMin1","float","float","NO",""
"hotfixes","spell_range","RangeMin2","float","float","NO",""
"hotfixes","spell_range","RangeMax1","float","float","NO",""
"hotfixes","spell_range","RangeMax2","float","float","NO",""
"hotfixes","spell_range","VerifiedBuild","int","int","NO","PRI"
"hotfixes","spell_range_locale","ID","int unsigned","int","NO","PRI"
"hotfixes","spell_range_locale","locale","varchar(4)","varchar","NO","PRI"
"hotfixes","spell_range_locale","DisplayName_lang","text","text","YES",""
"hotfixes","spell_range_locale","DisplayNameShort_lang","text","text","YES",""
"hotfixes","spell_range_locale","VerifiedBuild","int","int","NO","PRI"
"hotfixes","spell_reagents","ID","int unsigned","int","NO","PRI"
"hotfixes","spell_reagents","SpellID","int","int","NO",""
"hotfixes","spell_reagents","Reagent1","int","int","NO",""
"hotfixes","spell_reagents","Reagent2","int","int","NO",""
"hotfixes","spell_reagents","Reagent3","int","int","NO",""
"hotfixes","spell_reagents","Reagent4","int","int","NO",""
"hotfixes","spell_reagents","Reagent5","int","int","NO",""
"hotfixes","spell_reagents","Reagent6","int","int","NO",""
"hotfixes","spell_reagents","Reagent7","int","int","NO",""
"hotfixes","spell_reagents","Reagent8","int","int","NO",""
"hotfixes","spell_reagents","ReagentCount1","smallint","smallint","NO",""
"hotfixes","spell_reagents","ReagentCount2","smallint","smallint","NO",""
"hotfixes","spell_reagents","ReagentCount3","smallint","smallint","NO",""
"hotfixes","spell_reagents","ReagentCount4","smallint","smallint","NO",""
"hotfixes","spell_reagents","ReagentCount5","smallint","smallint","NO",""
"hotfixes","spell_reagents","ReagentCount6","smallint","smallint","NO",""
"hotfixes","spell_reagents","ReagentCount7","smallint","smallint","NO",""
"hotfixes","spell_reagents","ReagentCount8","smallint","smallint","NO",""
"hotfixes","spell_reagents","VerifiedBuild","int","int","NO","PRI"
"hotfixes","spell_reagents_currency","ID","int unsigned","int","NO","PRI"
"hotfixes","spell_reagents_currency","SpellID","int unsigned","int","NO",""
"hotfixes","spell_reagents_currency","CurrencyTypesID","smallint unsigned","smallint","NO",""
"hotfixes","spell_reagents_currency","CurrencyCount","smallint unsigned","smallint","NO",""
"hotfixes","spell_reagents_currency","VerifiedBuild","int","int","NO","PRI"
"hotfixes","spell_scaling","ID","int unsigned","int","NO","PRI"
"hotfixes","spell_scaling","SpellID","int","int","NO",""
"hotfixes","spell_scaling","Class","int","int","NO",""
"hotfixes","spell_scaling","MinScalingLevel","int unsigned","int","NO",""
"hotfixes","spell_scaling","MaxScalingLevel","int unsigned","int","NO",""
"hotfixes","spell_scaling","ScalesFromItemLevel","smallint","smallint","NO",""
"hotfixes","spell_scaling","VerifiedBuild","int","int","NO","PRI"
"hotfixes","spell_shapeshift","ID","int unsigned","int","NO","PRI"
"hotfixes","spell_shapeshift","SpellID","int","int","NO",""
"hotfixes","spell_shapeshift","StanceBarOrder","tinyint","tinyint","NO",""
"hotfixes","spell_shapeshift","ShapeshiftExclude1","int","int","NO",""
"hotfixes","spell_shapeshift","ShapeshiftExclude2","int","int","NO",""
"hotfixes","spell_shapeshift","ShapeshiftMask1","int","int","NO",""
"hotfixes","spell_shapeshift","ShapeshiftMask2","int","int","NO",""
"hotfixes","spell_shapeshift","VerifiedBuild","int","int","NO","PRI"
"hotfixes","spell_shapeshift_form","ID","int unsigned","int","NO","PRI"
"hotfixes","spell_shapeshift_form","Name","text","text","YES",""
"hotfixes","spell_shapeshift_form","CreatureType","tinyint","tinyint","NO",""
"hotfixes","spell_shapeshift_form","Flags","int","int","NO",""
"hotfixes","spell_shapeshift_form","AttackIconFileID","int","int","NO",""
"hotfixes","spell_shapeshift_form","BonusActionBar","tinyint","tinyint","NO",""
"hotfixes","spell_shapeshift_form","CombatRoundTime","smallint","smallint","NO",""
"hotfixes","spell_shapeshift_form","DamageVariance","float","float","NO",""
"hotfixes","spell_shapeshift_form","MountTypeID","smallint unsigned","smallint","NO",""
"hotfixes","spell_shapeshift_form","CreatureDisplayID1","int unsigned","int","NO",""
"hotfixes","spell_shapeshift_form","CreatureDisplayID2","int unsigned","int","NO",""
"hotfixes","spell_shapeshift_form","CreatureDisplayID3","int unsigned","int","NO",""
"hotfixes","spell_shapeshift_form","CreatureDisplayID4","int unsigned","int","NO",""
"hotfixes","spell_shapeshift_form","PresetSpellID1","int unsigned","int","NO",""
"hotfixes","spell_shapeshift_form","PresetSpellID2","int unsigned","int","NO",""
"hotfixes","spell_shapeshift_form","PresetSpellID3","int unsigned","int","NO",""
"hotfixes","spell_shapeshift_form","PresetSpellID4","int unsigned","int","NO",""
"hotfixes","spell_shapeshift_form","PresetSpellID5","int unsigned","int","NO",""
"hotfixes","spell_shapeshift_form","PresetSpellID6","int unsigned","int","NO",""
"hotfixes","spell_shapeshift_form","PresetSpellID7","int unsigned","int","NO",""
"hotfixes","spell_shapeshift_form","PresetSpellID8","int unsigned","int","NO",""
"hotfixes","spell_shapeshift_form","VerifiedBuild","int","int","NO","PRI"
"hotfixes","spell_shapeshift_form_locale","ID","int unsigned","int","NO","PRI"
"hotfixes","spell_shapeshift_form_locale","locale","varchar(4)","varchar","NO","PRI"
"hotfixes","spell_shapeshift_form_locale","Name_lang","text","text","YES",""
"hotfixes","spell_shapeshift_form_locale","VerifiedBuild","int","int","NO","PRI"
"hotfixes","spell_target_restrictions","ID","int unsigned","int","NO","PRI"
"hotfixes","spell_target_restrictions","DifficultyID","tinyint unsigned","tinyint","NO",""
"hotfixes","spell_target_restrictions","ConeDegrees","float","float","NO",""
"hotfixes","spell_target_restrictions","MaxTargets","tinyint unsigned","tinyint","NO",""
"hotfixes","spell_target_restrictions","MaxTargetLevel","int unsigned","int","NO",""
"hotfixes","spell_target_restrictions","TargetCreatureType","smallint","smallint","NO",""
"hotfixes","spell_target_restrictions","Targets","int","int","NO",""
"hotfixes","spell_target_restrictions","Width","float","float","NO",""
"hotfixes","spell_target_restrictions","SpellID","int unsigned","int","NO",""
"hotfixes","spell_target_restrictions","VerifiedBuild","int","int","NO","PRI"
"hotfixes","spell_totems","ID","int unsigned","int","NO","PRI"
"hotfixes","spell_totems","SpellID","int","int","NO",""
"hotfixes","spell_totems","RequiredTotemCategoryID1","smallint unsigned","smallint","NO",""
"hotfixes","spell_totems","RequiredTotemCategoryID2","smallint unsigned","smallint","NO",""
"hotfixes","spell_totems","Totem1","int","int","NO",""
"hotfixes","spell_totems","Totem2","int","int","NO",""
"hotfixes","spell_totems","VerifiedBuild","int","int","NO","PRI"
"hotfixes","spell_visual","ID","int unsigned","int","NO","PRI"
"hotfixes","spell_visual","MissileCastOffset1","float","float","NO",""
"hotfixes","spell_visual","MissileCastOffset2","float","float","NO",""
"hotfixes","spell_visual","MissileCastOffset3","float","float","NO",""
"hotfixes","spell_visual","MissileImpactOffset1","float","float","NO",""
"hotfixes","spell_visual","MissileImpactOffset2","float","float","NO",""
"hotfixes","spell_visual","MissileImpactOffset3","float","float","NO",""
"hotfixes","spell_visual","AnimEventSoundID","int unsigned","int","NO",""
"hotfixes","spell_visual","Flags","int","int","NO",""
"hotfixes","spell_visual","MissileAttachment","tinyint","tinyint","NO",""
"hotfixes","spell_visual","MissileDestinationAttachment","tinyint","tinyint","NO",""
"hotfixes","spell_visual","MissileCastPositionerID","int unsigned","int","NO",""
"hotfixes","spell_visual","MissileImpactPositionerID","int unsigned","int","NO",""
"hotfixes","spell_visual","MissileTargetingKit","int","int","NO",""
"hotfixes","spell_visual","HostileSpellVisualID","int unsigned","int","NO",""
"hotfixes","spell_visual","CasterSpellVisualID","int unsigned","int","NO",""
"hotfixes","spell_visual","SpellVisualMissileSetID","smallint unsigned","smallint","NO",""
"hotfixes","spell_visual","DamageNumberDelay","smallint unsigned","smallint","NO",""
"hotfixes","spell_visual","LowViolenceSpellVisualID","int unsigned","int","NO",""
"hotfixes","spell_visual","RaidSpellVisualMissileSetID","int unsigned","int","NO",""
"hotfixes","spell_visual","ReducedUnexpectedCameraMovementSpellVisualID","int","int","NO",""
"hotfixes","spell_visual","AreaModel","smallint unsigned","smallint","NO",""
"hotfixes","spell_visual","HasMissile","tinyint","tinyint","NO",""
"hotfixes","spell_visual","VerifiedBuild","int","int","NO","PRI"
"hotfixes","spell_visual_effect_name","ID","int unsigned","int","NO","PRI"
"hotfixes","spell_visual_effect_name","ModelFileDataID","int","int","NO",""
"hotfixes","spell_visual_effect_name","BaseMissileSpeed","float","float","NO",""
"hotfixes","spell_visual_effect_name","Scale","float","float","NO",""
"hotfixes","spell_visual_effect_name","MinAllowedScale","float","float","NO",""
"hotfixes","spell_visual_effect_name","MaxAllowedScale","float","float","NO",""
"hotfixes","spell_visual_effect_name","Alpha","float","float","NO",""
"hotfixes","spell_visual_effect_name","Flags","int unsigned","int","NO",""
"hotfixes","spell_visual_effect_name","TextureFileDataID","int","int","NO",""
"hotfixes","spell_visual_effect_name","EffectRadius","float","float","NO",""
"hotfixes","spell_visual_effect_name","Type","int unsigned","int","NO",""
"hotfixes","spell_visual_effect_name","GenericID","int","int","NO",""
"hotfixes","spell_visual_effect_name","RibbonQualityID","int unsigned","int","NO",""
"hotfixes","spell_visual_effect_name","DissolveEffectID","int","int","NO",""
"hotfixes","spell_visual_effect_name","ModelPosition","int","int","NO",""
"hotfixes","spell_visual_effect_name","VerifiedBuild","int","int","NO","PRI"
"hotfixes","spell_visual_kit","ID","int unsigned","int","NO","PRI"
"hotfixes","spell_visual_kit","FallbackSpellVisualKitId","int unsigned","int","NO",""
"hotfixes","spell_visual_kit","DelayMin","smallint unsigned","smallint","NO",""
"hotfixes","spell_visual_kit","DelayMax","smallint unsigned","smallint","NO",""
"hotfixes","spell_visual_kit","FallbackPriority","float","float","NO",""
"hotfixes","spell_visual_kit","Flags1","int","int","NO",""
"hotfixes","spell_visual_kit","Flags2","int","int","NO",""
"hotfixes","spell_visual_kit","VerifiedBuild","int","int","NO","PRI"
"hotfixes","spell_visual_missile","CastOffset1","float","float","NO",""
"hotfixes","spell_visual_missile","CastOffset2","float","float","NO",""
"hotfixes","spell_visual_missile","CastOffset3","float","float","NO",""
"hotfixes","spell_visual_missile","ImpactOffset1","float","float","NO",""
"hotfixes","spell_visual_missile","ImpactOffset2","float","float","NO",""
"hotfixes","spell_visual_missile","ImpactOffset3","float","float","NO",""
"hotfixes","spell_visual_missile","ID","int unsigned","int","NO","PRI"
"hotfixes","spell_visual_missile","SpellVisualEffectNameID","smallint unsigned","smallint","NO",""
"hotfixes","spell_visual_missile","SoundEntriesID","int unsigned","int","NO",""
"hotfixes","spell_visual_missile","Attachment","tinyint","tinyint","NO",""
"hotfixes","spell_visual_missile","DestinationAttachment","tinyint","tinyint","NO",""
"hotfixes","spell_visual_missile","CastPositionerID","smallint unsigned","smallint","NO",""
"hotfixes","spell_visual_missile","ImpactPositionerID","smallint unsigned","smallint","NO",""
"hotfixes","spell_visual_missile","FollowGroundHeight","int","int","NO",""
"hotfixes","spell_visual_missile","FollowGroundDropSpeed","int unsigned","int","NO",""
"hotfixes","spell_visual_missile","FollowGroundApproach","smallint unsigned","smallint","NO",""
"hotfixes","spell_visual_missile","Flags","int unsigned","int","NO",""
"hotfixes","spell_visual_missile","SpellMissileMotionID","smallint unsigned","smallint","NO",""
"hotfixes","spell_visual_missile","AnimKitID","int unsigned","int","NO",""
"hotfixes","spell_visual_missile","SpellVisualMissileSetID","int unsigned","int","NO",""
"hotfixes","spell_visual_missile","VerifiedBuild","int","int","NO","PRI"
"hotfixes","spell_x_spell_visual","ID","int unsigned","int","NO","PRI"
"hotfixes","spell_x_spell_visual","DifficultyID","tinyint unsigned","tinyint","NO",""
"hotfixes","spell_x_spell_visual","SpellVisualID","int unsigned","int","NO",""
"hotfixes","spell_x_spell_visual","Probability","float","float","NO",""
"hotfixes","spell_x_spell_visual","Flags","tinyint unsigned","tinyint","NO",""
"hotfixes","spell_x_spell_visual","Priority","int","int","NO",""
"hotfixes","spell_x_spell_visual","SpellIconFileID","int","int","NO",""
"hotfixes","spell_x_spell_visual","ActiveIconFileID","int","int","NO",""
"hotfixes","spell_x_spell_visual","ViewerUnitConditionID","smallint unsigned","smallint","NO",""
"hotfixes","spell_x_spell_visual","ViewerPlayerConditionID","int unsigned","int","NO",""
"hotfixes","spell_x_spell_visual","CasterUnitConditionID","smallint unsigned","smallint","NO",""
"hotfixes","spell_x_spell_visual","CasterPlayerConditionID","int unsigned","int","NO",""
"hotfixes","spell_x_spell_visual","SpellID","int unsigned","int","NO",""
"hotfixes","spell_x_spell_visual","VerifiedBuild","int","int","NO","PRI"
"hotfixes","stable_slot_prices","ID","int unsigned","int","NO","PRI"
"hotfixes","stable_slot_prices","Cost","int","int","NO",""
"hotfixes","stable_slot_prices","VerifiedBuild","int unsigned","int","NO","PRI"
"hotfixes","summon_properties","ID","int unsigned","int","NO","PRI"
"hotfixes","summon_properties","Control","int","int","NO",""
"hotfixes","summon_properties","Faction","int","int","NO",""
"hotfixes","summon_properties","Title","int","int","NO",""
"hotfixes","summon_properties","Slot","int","int","NO",""
"hotfixes","summon_properties","Flags1","int","int","NO",""
"hotfixes","summon_properties","Flags2","int","int","NO",""
"hotfixes","summon_properties","VerifiedBuild","int","int","NO","PRI"
"hotfixes","tact_key","ID","int unsigned","int","NO","PRI"
"hotfixes","tact_key","Key1","tinyint unsigned","tinyint","NO",""
"hotfixes","tact_key","Key2","tinyint unsigned","tinyint","NO",""
"hotfixes","tact_key","Key3","tinyint unsigned","tinyint","NO",""
"hotfixes","tact_key","Key4","tinyint unsigned","tinyint","NO",""
"hotfixes","tact_key","Key5","tinyint unsigned","tinyint","NO",""
"hotfixes","tact_key","Key6","tinyint unsigned","tinyint","NO",""
"hotfixes","tact_key","Key7","tinyint unsigned","tinyint","NO",""
"hotfixes","tact_key","Key8","tinyint unsigned","tinyint","NO",""
"hotfixes","tact_key","Key9","tinyint unsigned","tinyint","NO",""
"hotfixes","tact_key","Key10","tinyint unsigned","tinyint","NO",""
"hotfixes","tact_key","Key11","tinyint unsigned","tinyint","NO",""
"hotfixes","tact_key","Key12","tinyint unsigned","tinyint","NO",""
"hotfixes","tact_key","Key13","tinyint unsigned","tinyint","NO",""
"hotfixes","tact_key","Key14","tinyint unsigned","tinyint","NO",""
"hotfixes","tact_key","Key15","tinyint unsigned","tinyint","NO",""
"hotfixes","tact_key","Key16","tinyint unsigned","tinyint","NO",""
"hotfixes","tact_key","VerifiedBuild","int","int","NO","PRI"
"hotfixes","talent","ID","int unsigned","int","NO","PRI"
"hotfixes","talent","Description","text","text","YES",""
"hotfixes","talent","TierID","tinyint unsigned","tinyint","NO",""
"hotfixes","talent","Flags","tinyint unsigned","tinyint","NO",""
"hotfixes","talent","ColumnIndex","tinyint unsigned","tinyint","NO",""
"hotfixes","talent","TabID","smallint unsigned","smallint","NO",""
"hotfixes","talent","ClassID","tinyint unsigned","tinyint","NO",""
"hotfixes","talent","SpecID","smallint unsigned","smallint","NO",""
"hotfixes","talent","SpellID","int","int","NO",""
"hotfixes","talent","OverridesSpellID","int","int","NO",""
"hotfixes","talent","RequiredSpellID","int","int","NO",""
"hotfixes","talent","CategoryMask1","int","int","NO",""
"hotfixes","talent","CategoryMask2","int","int","NO",""
"hotfixes","talent","SpellRank1","int","int","NO",""
"hotfixes","talent","SpellRank2","int","int","NO",""
"hotfixes","talent","SpellRank3","int","int","NO",""
"hotfixes","talent","SpellRank4","int","int","NO",""
"hotfixes","talent","SpellRank5","int","int","NO",""
"hotfixes","talent","SpellRank6","int","int","NO",""
"hotfixes","talent","SpellRank7","int","int","NO",""
"hotfixes","talent","SpellRank8","int","int","NO",""
"hotfixes","talent","SpellRank9","int","int","NO",""
"hotfixes","talent","PrereqTalent1","int","int","NO",""
"hotfixes","talent","PrereqTalent2","int","int","NO",""
"hotfixes","talent","PrereqTalent3","int","int","NO",""
"hotfixes","talent","PrereqRank1","int","int","NO",""
"hotfixes","talent","PrereqRank2","int","int","NO",""
"hotfixes","talent","PrereqRank3","int","int","NO",""
"hotfixes","talent","VerifiedBuild","int","int","NO","PRI"
"hotfixes","talent_locale","ID","int unsigned","int","NO","PRI"
"hotfixes","talent_locale","locale","varchar(4)","varchar","NO","PRI"
"hotfixes","talent_locale","Description_lang","text","text","YES",""
"hotfixes","talent_locale","VerifiedBuild","int","int","NO","PRI"
"hotfixes","talent_tab","ID","int unsigned","int","NO","PRI"
"hotfixes","talent_tab","Name","text","text","YES",""
"hotfixes","talent_tab","BackgroundFile","text","text","YES",""
"hotfixes","talent_tab","OrderIndex","int","int","NO",""
"hotfixes","talent_tab","RaceMask","int","int","NO",""
"hotfixes","talent_tab","ClassMask","int","int","NO",""
"hotfixes","talent_tab","PetTalentMask","int","int","NO",""
"hotfixes","talent_tab","SpellIconID","int","int","NO",""
"hotfixes","talent_tab","VerifiedBuild","int","int","NO","PRI"
"hotfixes","talent_tab_locale","ID","int unsigned","int","NO","PRI"
"hotfixes","talent_tab_locale","locale","varchar(4)","varchar","NO","PRI"
"hotfixes","talent_tab_locale","Name_lang","text","text","YES",""
"hotfixes","talent_tab_locale","VerifiedBuild","int","int","NO","PRI"
"hotfixes","taxi_nodes","Name","text","text","YES",""
"hotfixes","taxi_nodes","PosX","float","float","NO",""
"hotfixes","taxi_nodes","PosY","float","float","NO",""
"hotfixes","taxi_nodes","PosZ","float","float","NO",""
"hotfixes","taxi_nodes","MapOffsetX","float","float","NO",""
"hotfixes","taxi_nodes","MapOffsetY","float","float","NO",""
"hotfixes","taxi_nodes","FlightMapOffsetX","float","float","NO",""
"hotfixes","taxi_nodes","FlightMapOffsetY","float","float","NO",""
"hotfixes","taxi_nodes","ID","int unsigned","int","NO","PRI"
"hotfixes","taxi_nodes","ContinentID","int unsigned","int","NO",""
"hotfixes","taxi_nodes","ConditionID","int unsigned","int","NO",""
"hotfixes","taxi_nodes","CharacterBitNumber","smallint unsigned","smallint","NO",""
"hotfixes","taxi_nodes","Flags","int","int","NO",""
"hotfixes","taxi_nodes","UiTextureKitID","int","int","NO",""
"hotfixes","taxi_nodes","Facing","float","float","NO",""
"hotfixes","taxi_nodes","SpecialIconConditionID","int unsigned","int","NO",""
"hotfixes","taxi_nodes","VisibilityConditionID","int unsigned","int","NO",""
"hotfixes","taxi_nodes","MountCreatureID1","int","int","NO",""
"hotfixes","taxi_nodes","MountCreatureID2","int","int","NO",""
"hotfixes","taxi_nodes","VerifiedBuild","int","int","NO","PRI"
"hotfixes","taxi_nodes_locale","ID","int unsigned","int","NO","PRI"
"hotfixes","taxi_nodes_locale","locale","varchar(4)","varchar","NO","PRI"
"hotfixes","taxi_nodes_locale","Name_lang","text","text","YES",""
"hotfixes","taxi_nodes_locale","VerifiedBuild","int","int","NO","PRI"
"hotfixes","taxi_path","ID","int unsigned","int","NO","PRI"
"hotfixes","taxi_path","FromTaxiNode","smallint unsigned","smallint","NO",""
"hotfixes","taxi_path","ToTaxiNode","smallint unsigned","smallint","NO",""
"hotfixes","taxi_path","Cost","int unsigned","int","NO",""
"hotfixes","taxi_path","VerifiedBuild","int","int","NO","PRI"
"hotfixes","taxi_path_node","LocX","float","float","NO",""
"hotfixes","taxi_path_node","LocY","float","float","NO",""
"hotfixes","taxi_path_node","LocZ","float","float","NO",""
"hotfixes","taxi_path_node","ID","int unsigned","int","NO","PRI"
"hotfixes","taxi_path_node","PathID","smallint unsigned","smallint","NO",""
"hotfixes","taxi_path_node","NodeIndex","int","int","NO",""
"hotfixes","taxi_path_node","ContinentID","smallint unsigned","smallint","NO",""
"hotfixes","taxi_path_node","Flags","int","int","NO",""
"hotfixes","taxi_path_node","Delay","int unsigned","int","NO",""
"hotfixes","taxi_path_node","ArrivalEventID","int unsigned","int","NO",""
"hotfixes","taxi_path_node","DepartureEventID","int unsigned","int","NO",""
"hotfixes","taxi_path_node","VerifiedBuild","int","int","NO","PRI"
"hotfixes","totem_category","ID","int unsigned","int","NO","PRI"
"hotfixes","totem_category","Name","text","text","YES",""
"hotfixes","totem_category","TotemCategoryType","tinyint unsigned","tinyint","NO",""
"hotfixes","totem_category","TotemCategoryMask","int","int","NO",""
"hotfixes","totem_category","VerifiedBuild","int","int","NO","PRI"
"hotfixes","totem_category_locale","ID","int unsigned","int","NO","PRI"
"hotfixes","totem_category_locale","locale","varchar(4)","varchar","NO","PRI"
"hotfixes","totem_category_locale","Name_lang","text","text","YES",""
"hotfixes","totem_category_locale","VerifiedBuild","int","int","NO","PRI"
"hotfixes","toy","SourceText","text","text","YES",""
"hotfixes","toy","ID","int unsigned","int","NO","PRI"
"hotfixes","toy","ItemID","int","int","NO",""
"hotfixes","toy","Flags","tinyint unsigned","tinyint","NO",""
"hotfixes","toy","SourceTypeEnum","tinyint","tinyint","NO",""
"hotfixes","toy","VerifiedBuild","int","int","NO","PRI"
"hotfixes","toy_locale","ID","int unsigned","int","NO","PRI"
"hotfixes","toy_locale","locale","varchar(4)","varchar","NO","PRI"
"hotfixes","toy_locale","SourceText_lang","text","text","YES",""
"hotfixes","toy_locale","VerifiedBuild","int","int","NO","PRI"
"hotfixes","transmog_holiday","ID","int unsigned","int","NO","PRI"
"hotfixes","transmog_holiday","RequiredTransmogHoliday","int","int","NO",""
"hotfixes","transmog_holiday","VerifiedBuild","int","int","NO","PRI"
"hotfixes","transmog_illusion","ID","int unsigned","int","NO","PRI"
"hotfixes","transmog_illusion","UnlockConditionID","int","int","NO",""
"hotfixes","transmog_illusion","TransmogCost","int","int","NO",""
"hotfixes","transmog_illusion","SpellItemEnchantmentID","int","int","NO",""
"hotfixes","transmog_illusion","Flags","int","int","NO",""
"hotfixes","transmog_illusion","VerifiedBuild","int","int","NO","PRI"
"hotfixes","transmog_set","Name","text","text","YES",""
"hotfixes","transmog_set","ID","int unsigned","int","NO","PRI"
"hotfixes","transmog_set","ClassMask","int","int","NO",""
"hotfixes","transmog_set","TrackingQuestID","int unsigned","int","NO",""
"hotfixes","transmog_set","Flags","int","int","NO",""
"hotfixes","transmog_set","TransmogSetGroupID","int unsigned","int","NO",""
"hotfixes","transmog_set","ItemNameDescriptionID","int","int","NO",""
"hotfixes","transmog_set","ParentTransmogSetID","smallint unsigned","smallint","NO",""
"hotfixes","transmog_set","ExpansionID","tinyint unsigned","tinyint","NO",""
"hotfixes","transmog_set","UiOrder","smallint","smallint","NO",""
"hotfixes","transmog_set","VerifiedBuild","int","int","NO","PRI"
"hotfixes","transmog_set_group","Name","text","text","YES",""
"hotfixes","transmog_set_group","ID","int unsigned","int","NO","PRI"
"hotfixes","transmog_set_group","VerifiedBuild","int","int","NO","PRI"
"hotfixes","transmog_set_group_locale","ID","int unsigned","int","NO","PRI"
"hotfixes","transmog_set_group_locale","locale","varchar(4)","varchar","NO","PRI"
"hotfixes","transmog_set_group_locale","Name_lang","text","text","YES",""
"hotfixes","transmog_set_group_locale","VerifiedBuild","int","int","NO","PRI"
"hotfixes","transmog_set_item","ID","int unsigned","int","NO","PRI"
"hotfixes","transmog_set_item","TransmogSetID","int unsigned","int","NO",""
"hotfixes","transmog_set_item","ItemModifiedAppearanceID","int unsigned","int","NO",""
"hotfixes","transmog_set_item","Flags","int","int","NO",""
"hotfixes","transmog_set_item","VerifiedBuild","int","int","NO","PRI"
"hotfixes","transmog_set_locale","ID","int unsigned","int","NO","PRI"
"hotfixes","transmog_set_locale","locale","varchar(4)","varchar","NO","PRI"
"hotfixes","transmog_set_locale","Name_lang","text","text","YES",""
"hotfixes","transmog_set_locale","VerifiedBuild","int","int","NO","PRI"
"hotfixes","transport_animation","ID","int unsigned","int","NO","PRI"
"hotfixes","transport_animation","PosX","float","float","NO",""
"hotfixes","transport_animation","PosY","float","float","NO",""
"hotfixes","transport_animation","PosZ","float","float","NO",""
"hotfixes","transport_animation","SequenceID","tinyint unsigned","tinyint","NO",""
"hotfixes","transport_animation","TimeIndex","int unsigned","int","NO",""
"hotfixes","transport_animation","TransportID","int unsigned","int","NO",""
"hotfixes","transport_animation","VerifiedBuild","int","int","NO","PRI"
"hotfixes","transport_rotation","ID","int unsigned","int","NO","PRI"
"hotfixes","transport_rotation","Rot1","float","float","NO",""
"hotfixes","transport_rotation","Rot2","float","float","NO",""
"hotfixes","transport_rotation","Rot3","float","float","NO",""
"hotfixes","transport_rotation","Rot4","float","float","NO",""
"hotfixes","transport_rotation","TimeIndex","int unsigned","int","NO",""
"hotfixes","transport_rotation","GameObjectsID","int unsigned","int","NO",""
"hotfixes","transport_rotation","VerifiedBuild","int","int","NO","PRI"
"hotfixes","ui_expansion_display_info","ID","int unsigned","int","NO","PRI"
"hotfixes","ui_expansion_display_info","ExpansionLogo","int","int","NO",""
"hotfixes","ui_expansion_display_info","ExpansionBanner","int","int","NO",""
"hotfixes","ui_expansion_display_info","ExpansionLevel","int unsigned","int","NO",""
"hotfixes","ui_expansion_display_info","ReleaseType","int unsigned","int","NO",""
"hotfixes","ui_expansion_display_info","VerifiedBuild","int","int","NO","PRI"
"hotfixes","ui_map","Name","text","text","YES",""
"hotfixes","ui_map","ID","int unsigned","int","NO","PRI"
"hotfixes","ui_map","ParentUiMapID","int","int","NO",""
"hotfixes","ui_map","Flags","int","int","NO",""
"hotfixes","ui_map","System","tinyint","tinyint","NO",""
"hotfixes","ui_map","Type","tinyint unsigned","tinyint","NO",""
"hotfixes","ui_map","BountySetID","int","int","NO",""
"hotfixes","ui_map","BountyDisplayLocation","int unsigned","int","NO",""
"hotfixes","ui_map","VisibilityPlayerConditionID2","int","int","NO",""
"hotfixes","ui_map","VisibilityPlayerConditionID","int","int","NO",""
"hotfixes","ui_map","HelpTextPosition","tinyint","tinyint","NO",""
"hotfixes","ui_map","BkgAtlasID","int","int","NO",""
"hotfixes","ui_map","AlternateUiMapGroup","int unsigned","int","NO",""
"hotfixes","ui_map","ContentTuningID","int unsigned","int","NO",""
"hotfixes","ui_map","VerifiedBuild","int","int","NO","PRI"
"hotfixes","ui_map_assignment","UiMinX","float","float","NO",""
"hotfixes","ui_map_assignment","UiMinY","float","float","NO",""
"hotfixes","ui_map_assignment","UiMaxX","float","float","NO",""
"hotfixes","ui_map_assignment","UiMaxY","float","float","NO",""
"hotfixes","ui_map_assignment","Region1X","float","float","NO",""
"hotfixes","ui_map_assignment","Region1Y","float","float","NO",""
"hotfixes","ui_map_assignment","Region1Z","float","float","NO",""
"hotfixes","ui_map_assignment","Region2X","float","float","NO",""
"hotfixes","ui_map_assignment","Region2Y","float","float","NO",""
"hotfixes","ui_map_assignment","Region2Z","float","float","NO",""
"hotfixes","ui_map_assignment","ID","int unsigned","int","NO","PRI"
"hotfixes","ui_map_assignment","UiMapID","int","int","NO",""
"hotfixes","ui_map_assignment","OrderIndex","int","int","NO",""
"hotfixes","ui_map_assignment","MapID","int","int","NO",""
"hotfixes","ui_map_assignment","AreaID","int","int","NO",""
"hotfixes","ui_map_assignment","WmoDoodadPlacementID","int","int","NO",""
"hotfixes","ui_map_assignment","WmoGroupID","int","int","NO",""
"hotfixes","ui_map_assignment","VerifiedBuild","int","int","NO","PRI"
"hotfixes","ui_map_link","UiMinX","float","float","NO",""
"hotfixes","ui_map_link","UiMinY","float","float","NO",""
"hotfixes","ui_map_link","UiMaxX","float","float","NO",""
"hotfixes","ui_map_link","UiMaxY","float","float","NO",""
"hotfixes","ui_map_link","ID","int unsigned","int","NO","PRI"
"hotfixes","ui_map_link","ParentUiMapID","int","int","NO",""
"hotfixes","ui_map_link","OrderIndex","int","int","NO",""
"hotfixes","ui_map_link","ChildUiMapID","int","int","NO",""
"hotfixes","ui_map_link","OverrideHighlightFileDataID","int","int","NO",""
"hotfixes","ui_map_link","OverrideHighlightAtlasID","int","int","NO",""
"hotfixes","ui_map_link","Flags","int","int","NO",""
"hotfixes","ui_map_link","VerifiedBuild","int","int","NO","PRI"
"hotfixes","ui_map_locale","ID","int unsigned","int","NO","PRI"
"hotfixes","ui_map_locale","locale","varchar(4)","varchar","NO","PRI"
"hotfixes","ui_map_locale","Name_lang","text","text","YES",""
"hotfixes","ui_map_locale","VerifiedBuild","int","int","NO","PRI"
"hotfixes","ui_map_x_map_art","ID","int unsigned","int","NO","PRI"
"hotfixes","ui_map_x_map_art","PhaseID","int","int","NO",""
"hotfixes","ui_map_x_map_art","UiMapArtID","int","int","NO",""
"hotfixes","ui_map_x_map_art","UiMapID","int unsigned","int","NO",""
"hotfixes","ui_map_x_map_art","VerifiedBuild","int","int","NO","PRI"
"hotfixes","ui_splash_screen","ID","int unsigned","int","NO","PRI"
"hotfixes","ui_splash_screen","Header","text","text","YES",""
"hotfixes","ui_splash_screen","TopLeftFeatureTitle","text","text","YES",""
"hotfixes","ui_splash_screen","TopLeftFeatureDesc","text","text","YES",""
"hotfixes","ui_splash_screen","BottomLeftFeatureTitle","text","text","YES",""
"hotfixes","ui_splash_screen","BottomLeftFeatureDesc","text","text","YES",""
"hotfixes","ui_splash_screen","RightFeatureTitle","text","text","YES",""
"hotfixes","ui_splash_screen","RightFeatureDesc","text","text","YES",""
"hotfixes","ui_splash_screen","AllianceQuestID","int","int","NO",""
"hotfixes","ui_splash_screen","HordeQuestID","int","int","NO",""
"hotfixes","ui_splash_screen","ScreenType","tinyint","tinyint","NO",""
"hotfixes","ui_splash_screen","TextureKitID","int","int","NO",""
"hotfixes","ui_splash_screen","SoundKitID","int","int","NO",""
"hotfixes","ui_splash_screen","PlayerConditionID","int","int","NO",""
"hotfixes","ui_splash_screen","CharLevelConditionID","int","int","NO",""
"hotfixes","ui_splash_screen","RequiredTimeEventPassed","int","int","NO",""
"hotfixes","ui_splash_screen","VerifiedBuild","int","int","NO","PRI"
"hotfixes","ui_splash_screen_locale","ID","int unsigned","int","NO","PRI"
"hotfixes","ui_splash_screen_locale","locale","varchar(4)","varchar","NO","PRI"
"hotfixes","ui_splash_screen_locale","Header_lang","text","text","YES",""
"hotfixes","ui_splash_screen_locale","TopLeftFeatureTitle_lang","text","text","YES",""
"hotfixes","ui_splash_screen_locale","TopLeftFeatureDesc_lang","text","text","YES",""
"hotfixes","ui_splash_screen_locale","BottomLeftFeatureTitle_lang","text","text","YES",""
"hotfixes","ui_splash_screen_locale","BottomLeftFeatureDesc_lang","text","text","YES",""
"hotfixes","ui_splash_screen_locale","RightFeatureTitle_lang","text","text","YES",""
"hotfixes","ui_splash_screen_locale","RightFeatureDesc_lang","text","text","YES",""
"hotfixes","ui_splash_screen_locale","VerifiedBuild","int","int","NO","PRI"
"hotfixes","unit_condition","ID","int unsigned","int","NO","PRI"
"hotfixes","unit_condition","Flags","tinyint unsigned","tinyint","NO",""
"hotfixes","unit_condition","Variable1","tinyint unsigned","tinyint","NO",""
"hotfixes","unit_condition","Variable2","tinyint unsigned","tinyint","NO",""
"hotfixes","unit_condition","Variable3","tinyint unsigned","tinyint","NO",""
"hotfixes","unit_condition","Variable4","tinyint unsigned","tinyint","NO",""
"hotfixes","unit_condition","Variable5","tinyint unsigned","tinyint","NO",""
"hotfixes","unit_condition","Variable6","tinyint unsigned","tinyint","NO",""
"hotfixes","unit_condition","Variable7","tinyint unsigned","tinyint","NO",""
"hotfixes","unit_condition","Variable8","tinyint unsigned","tinyint","NO",""
"hotfixes","unit_condition","Op1","tinyint","tinyint","NO",""
"hotfixes","unit_condition","Op2","tinyint","tinyint","NO",""
"hotfixes","unit_condition","Op3","tinyint","tinyint","NO",""
"hotfixes","unit_condition","Op4","tinyint","tinyint","NO",""
"hotfixes","unit_condition","Op5","tinyint","tinyint","NO",""
"hotfixes","unit_condition","Op6","tinyint","tinyint","NO",""
"hotfixes","unit_condition","Op7","tinyint","tinyint","NO",""
"hotfixes","unit_condition","Op8","tinyint","tinyint","NO",""
"hotfixes","unit_condition","Value1","int","int","NO",""
"hotfixes","unit_condition","Value2","int","int","NO",""
"hotfixes","unit_condition","Value3","int","int","NO",""
"hotfixes","unit_condition","Value4","int","int","NO",""
"hotfixes","unit_condition","Value5","int","int","NO",""
"hotfixes","unit_condition","Value6","int","int","NO",""
"hotfixes","unit_condition","Value7","int","int","NO",""
"hotfixes","unit_condition","Value8","int","int","NO",""
"hotfixes","unit_condition","VerifiedBuild","int","int","NO","PRI"
"hotfixes","unit_power_bar","ID","int unsigned","int","NO","PRI"
"hotfixes","unit_power_bar","Name","text","text","YES",""
"hotfixes","unit_power_bar","Cost","text","text","YES",""
"hotfixes","unit_power_bar","OutOfError","text","text","YES",""
"hotfixes","unit_power_bar","ToolTip","text","text","YES",""
"hotfixes","unit_power_bar","MinPower","int unsigned","int","NO",""
"hotfixes","unit_power_bar","MaxPower","int unsigned","int","NO",""
"hotfixes","unit_power_bar","StartPower","smallint unsigned","smallint","NO",""
"hotfixes","unit_power_bar","CenterPower","tinyint unsigned","tinyint","NO",""
"hotfixes","unit_power_bar","RegenerationPeace","float","float","NO",""
"hotfixes","unit_power_bar","RegenerationCombat","float","float","NO",""
"hotfixes","unit_power_bar","BarType","tinyint unsigned","tinyint","NO",""
"hotfixes","unit_power_bar","Flags","smallint unsigned","smallint","NO",""
"hotfixes","unit_power_bar","StartInset","float","float","NO",""
"hotfixes","unit_power_bar","EndInset","float","float","NO",""
"hotfixes","unit_power_bar","FileDataID1","int","int","NO",""
"hotfixes","unit_power_bar","FileDataID2","int","int","NO",""
"hotfixes","unit_power_bar","FileDataID3","int","int","NO",""
"hotfixes","unit_power_bar","FileDataID4","int","int","NO",""
"hotfixes","unit_power_bar","FileDataID5","int","int","NO",""
"hotfixes","unit_power_bar","FileDataID6","int","int","NO",""
"hotfixes","unit_power_bar","Color1","int","int","NO",""
"hotfixes","unit_power_bar","Color2","int","int","NO",""
"hotfixes","unit_power_bar","Color3","int","int","NO",""
"hotfixes","unit_power_bar","Color4","int","int","NO",""
"hotfixes","unit_power_bar","Color5","int","int","NO",""
"hotfixes","unit_power_bar","Color6","int","int","NO",""
"hotfixes","unit_power_bar","VerifiedBuild","int","int","NO","PRI"
"hotfixes","unit_power_bar_locale","ID","int unsigned","int","NO","PRI"
"hotfixes","unit_power_bar_locale","locale","varchar(4)","varchar","NO","PRI"
"hotfixes","unit_power_bar_locale","Name_lang","text","text","YES",""
"hotfixes","unit_power_bar_locale","Cost_lang","text","text","YES",""
"hotfixes","unit_power_bar_locale","OutOfError_lang","text","text","YES",""
"hotfixes","unit_power_bar_locale","ToolTip_lang","text","text","YES",""
"hotfixes","unit_power_bar_locale","VerifiedBuild","int","int","NO","PRI"
"hotfixes","updates","name","varchar(200)","varchar","NO","PRI"
"hotfixes","updates","hash","char(40)","char","YES",""
"hotfixes","updates","state","enum('RELEASED','ARCHIVED')","enum","NO",""
"hotfixes","updates","timestamp","timestamp","timestamp","NO",""
"hotfixes","updates","speed","int unsigned","int","NO",""
"hotfixes","updates_include","path","varchar(200)","varchar","NO","PRI"
"hotfixes","updates_include","state","enum('RELEASED','ARCHIVED')","enum","NO",""
"hotfixes","vehicle","ID","int unsigned","int","NO","PRI"
"hotfixes","vehicle","Flags","int","int","NO",""
"hotfixes","vehicle","FlagsB","int","int","NO",""
"hotfixes","vehicle","TurnSpeed","float","float","NO",""
"hotfixes","vehicle","PitchSpeed","float","float","NO",""
"hotfixes","vehicle","PitchMin","float","float","NO",""
"hotfixes","vehicle","PitchMax","float","float","NO",""
"hotfixes","vehicle","MouseLookOffsetPitch","float","float","NO",""
"hotfixes","vehicle","CameraFadeDistScalarMin","float","float","NO",""
"hotfixes","vehicle","CameraFadeDistScalarMax","float","float","NO",""
"hotfixes","vehicle","CameraPitchOffset","float","float","NO",""
"hotfixes","vehicle","FacingLimitRight","float","float","NO",""
"hotfixes","vehicle","FacingLimitLeft","float","float","NO",""
"hotfixes","vehicle","CameraYawOffset","float","float","NO",""
"hotfixes","vehicle","VehicleUIIndicatorID","smallint unsigned","smallint","NO",""
"hotfixes","vehicle","MissileTargetingID","int","int","NO",""
"hotfixes","vehicle","VehiclePOITypeID","smallint unsigned","smallint","NO",""
"hotfixes","vehicle","UiLocomotionType","int","int","NO",""
"hotfixes","vehicle","SeatID1","smallint unsigned","smallint","NO",""
"hotfixes","vehicle","SeatID2","smallint unsigned","smallint","NO",""
"hotfixes","vehicle","SeatID3","smallint unsigned","smallint","NO",""
"hotfixes","vehicle","SeatID4","smallint unsigned","smallint","NO",""
"hotfixes","vehicle","SeatID5","smallint unsigned","smallint","NO",""
"hotfixes","vehicle","SeatID6","smallint unsigned","smallint","NO",""
"hotfixes","vehicle","SeatID7","smallint unsigned","smallint","NO",""
"hotfixes","vehicle","SeatID8","smallint unsigned","smallint","NO",""
"hotfixes","vehicle","PowerDisplayID1","smallint unsigned","smallint","NO",""
"hotfixes","vehicle","PowerDisplayID2","smallint unsigned","smallint","NO",""
"hotfixes","vehicle","PowerDisplayID3","smallint unsigned","smallint","NO",""
"hotfixes","vehicle","VerifiedBuild","int","int","NO","PRI"
"hotfixes","vehicle_seat","ID","int unsigned","int","NO","PRI"
"hotfixes","vehicle_seat","AttachmentOffsetX","float","float","NO",""
"hotfixes","vehicle_seat","AttachmentOffsetY","float","float","NO",""
"hotfixes","vehicle_seat","AttachmentOffsetZ","float","float","NO",""
"hotfixes","vehicle_seat","CameraOffsetX","float","float","NO",""
"hotfixes","vehicle_seat","CameraOffsetY","float","float","NO",""
"hotfixes","vehicle_seat","CameraOffsetZ","float","float","NO",""
"hotfixes","vehicle_seat","Flags","int","int","NO",""
"hotfixes","vehicle_seat","FlagsB","int","int","NO",""
"hotfixes","vehicle_seat","FlagsC","int","int","NO",""
"hotfixes","vehicle_seat","AttachmentID","tinyint","tinyint","NO",""
"hotfixes","vehicle_seat","EnterPreDelay","float","float","NO",""
"hotfixes","vehicle_seat","EnterSpeed","float","float","NO",""
"hotfixes","vehicle_seat","EnterGravity","float","float","NO",""
"hotfixes","vehicle_seat","EnterMinDuration","float","float","NO",""
"hotfixes","vehicle_seat","EnterMaxDuration","float","float","NO",""
"hotfixes","vehicle_seat","EnterMinArcHeight","float","float","NO",""
"hotfixes","vehicle_seat","EnterMaxArcHeight","float","float","NO",""
"hotfixes","vehicle_seat","EnterAnimStart","int","int","NO",""
"hotfixes","vehicle_seat","EnterAnimLoop","int","int","NO",""
"hotfixes","vehicle_seat","RideAnimStart","int","int","NO",""
"hotfixes","vehicle_seat","RideAnimLoop","int","int","NO",""
"hotfixes","vehicle_seat","RideUpperAnimStart","int","int","NO",""
"hotfixes","vehicle_seat","RideUpperAnimLoop","int","int","NO",""
"hotfixes","vehicle_seat","ExitPreDelay","float","float","NO",""
"hotfixes","vehicle_seat","ExitSpeed","float","float","NO",""
"hotfixes","vehicle_seat","ExitGravity","float","float","NO",""
"hotfixes","vehicle_seat","ExitMinDuration","float","float","NO",""
"hotfixes","vehicle_seat","ExitMaxDuration","float","float","NO",""
"hotfixes","vehicle_seat","ExitMinArcHeight","float","float","NO",""
"hotfixes","vehicle_seat","ExitMaxArcHeight","float","float","NO",""
"hotfixes","vehicle_seat","ExitAnimStart","int","int","NO",""
"hotfixes","vehicle_seat","ExitAnimLoop","int","int","NO",""
"hotfixes","vehicle_seat","ExitAnimEnd","int","int","NO",""
"hotfixes","vehicle_seat","VehicleEnterAnim","smallint","smallint","NO",""
"hotfixes","vehicle_seat","VehicleEnterAnimBone","tinyint","tinyint","NO",""
"hotfixes","vehicle_seat","VehicleExitAnim","smallint","smallint","NO",""
"hotfixes","vehicle_seat","VehicleExitAnimBone","tinyint","tinyint","NO",""
"hotfixes","vehicle_seat","VehicleRideAnimLoop","smallint","smallint","NO",""
"hotfixes","vehicle_seat","VehicleRideAnimLoopBone","tinyint","tinyint","NO",""
"hotfixes","vehicle_seat","PassengerAttachmentID","tinyint","tinyint","NO",""
"hotfixes","vehicle_seat","PassengerYaw","float","float","NO",""
"hotfixes","vehicle_seat","PassengerPitch","float","float","NO",""
"hotfixes","vehicle_seat","PassengerRoll","float","float","NO",""
"hotfixes","vehicle_seat","VehicleEnterAnimDelay","float","float","NO",""
"hotfixes","vehicle_seat","VehicleExitAnimDelay","float","float","NO",""
"hotfixes","vehicle_seat","VehicleAbilityDisplay","tinyint","tinyint","NO",""
"hotfixes","vehicle_seat","EnterUISoundID","int unsigned","int","NO",""
"hotfixes","vehicle_seat","ExitUISoundID","int unsigned","int","NO",""
"hotfixes","vehicle_seat","UiSkinFileDataID","int","int","NO",""
"hotfixes","vehicle_seat","UiSkin","int","int","NO",""
"hotfixes","vehicle_seat","CameraEnteringDelay","float","float","NO",""
"hotfixes","vehicle_seat","CameraEnteringDuration","float","float","NO",""
"hotfixes","vehicle_seat","CameraExitingDelay","float","float","NO",""
"hotfixes","vehicle_seat","CameraExitingDuration","float","float","NO",""
"hotfixes","vehicle_seat","CameraPosChaseRate","float","float","NO",""
"hotfixes","vehicle_seat","CameraFacingChaseRate","float","float","NO",""
"hotfixes","vehicle_seat","CameraEnteringZoom","float","float","NO",""
"hotfixes","vehicle_seat","CameraSeatZoomMin","float","float","NO",""
"hotfixes","vehicle_seat","CameraSeatZoomMax","float","float","NO",""
"hotfixes","vehicle_seat","EnterAnimKitID","smallint","smallint","NO",""
"hotfixes","vehicle_seat","RideAnimKitID","smallint","smallint","NO",""
"hotfixes","vehicle_seat","ExitAnimKitID","smallint","smallint","NO",""
"hotfixes","vehicle_seat","VehicleEnterAnimKitID","smallint","smallint","NO",""
"hotfixes","vehicle_seat","VehicleRideAnimKitID","smallint","smallint","NO",""
"hotfixes","vehicle_seat","VehicleExitAnimKitID","smallint","smallint","NO",""
"hotfixes","vehicle_seat","CameraModeID","smallint","smallint","NO",""
"hotfixes","vehicle_seat","VerifiedBuild","int","int","NO","PRI"
"hotfixes","wmo_area_table","AreaName","text","text","YES",""
"hotfixes","wmo_area_table","ID","int unsigned","int","NO","PRI"
"hotfixes","wmo_area_table","WmoID","smallint unsigned","smallint","NO",""
"hotfixes","wmo_area_table","NameSetID","tinyint unsigned","tinyint","NO",""
"hotfixes","wmo_area_table","WmoGroupID","int","int","NO",""
"hotfixes","wmo_area_table","SoundProviderPref","tinyint unsigned","tinyint","NO",""
"hotfixes","wmo_area_table","SoundProviderPrefUnderwater","tinyint unsigned","tinyint","NO",""
"hotfixes","wmo_area_table","AmbienceID","smallint unsigned","smallint","NO",""
"hotfixes","wmo_area_table","UwAmbience","smallint unsigned","smallint","NO",""
"hotfixes","wmo_area_table","ZoneMusic","smallint unsigned","smallint","NO",""
"hotfixes","wmo_area_table","UwZoneMusic","int unsigned","int","NO",""
"hotfixes","wmo_area_table","IntroSound","smallint unsigned","smallint","NO",""
"hotfixes","wmo_area_table","UwIntroSound","smallint unsigned","smallint","NO",""
"hotfixes","wmo_area_table","AreaTableID","smallint unsigned","smallint","NO",""
"hotfixes","wmo_area_table","Flags","tinyint unsigned","tinyint","NO",""
"hotfixes","wmo_area_table","VerifiedBuild","int","int","NO","PRI"
"hotfixes","wmo_area_table_locale","ID","int unsigned","int","NO","PRI"
"hotfixes","wmo_area_table_locale","locale","varchar(4)","varchar","NO","PRI"
"hotfixes","wmo_area_table_locale","AreaName_lang","text","text","YES",""
"hotfixes","wmo_area_table_locale","VerifiedBuild","int","int","NO","PRI"
"hotfixes","world_effect","ID","int unsigned","int","NO","PRI"
"hotfixes","world_effect","QuestFeedbackEffectID","int unsigned","int","NO",""
"hotfixes","world_effect","WhenToDisplay","tinyint unsigned","tinyint","NO",""
"hotfixes","world_effect","TargetType","tinyint unsigned","tinyint","NO",""
"hotfixes","world_effect","TargetAsset","int","int","NO",""
"hotfixes","world_effect","PlayerConditionID","int unsigned","int","NO",""
"hotfixes","world_effect","CombatConditionID","smallint unsigned","smallint","NO",""
"hotfixes","world_effect","VerifiedBuild","int","int","NO","PRI"
"hotfixes","world_map_overlay","ID","int unsigned","int","NO","PRI"
"hotfixes","world_map_overlay","UiMapArtID","int unsigned","int","NO",""
"hotfixes","world_map_overlay","TextureWidth","smallint unsigned","smallint","NO",""
"hotfixes","world_map_overlay","TextureHeight","smallint unsigned","smallint","NO",""
"hotfixes","world_map_overlay","OffsetX","int","int","NO",""
"hotfixes","world_map_overlay","OffsetY","int","int","NO",""
"hotfixes","world_map_overlay","HitRectTop","int","int","NO",""
"hotfixes","world_map_overlay","HitRectBottom","int","int","NO",""
"hotfixes","world_map_overlay","HitRectLeft","int","int","NO",""
"hotfixes","world_map_overlay","HitRectRight","int","int","NO",""
"hotfixes","world_map_overlay","PlayerConditionID","int unsigned","int","NO",""
"hotfixes","world_map_overlay","Flags","int unsigned","int","NO",""
"hotfixes","world_map_overlay","AreaID1","int unsigned","int","NO",""
"hotfixes","world_map_overlay","AreaID2","int unsigned","int","NO",""
"hotfixes","world_map_overlay","AreaID3","int unsigned","int","NO",""
"hotfixes","world_map_overlay","AreaID4","int unsigned","int","NO",""
"hotfixes","world_map_overlay","VerifiedBuild","int","int","NO","PRI"
"hotfixes","world_state_expression","ID","int unsigned","int","NO","PRI"
"hotfixes","world_state_expression","Expression","text","text","YES",""
"hotfixes","world_state_expression","VerifiedBuild","int","int","NO","PRI"
"world","access_requirement","mapId","int unsigned","int","NO","PRI"
"world","access_requirement","difficulty","tinyint unsigned","tinyint","NO","PRI"
"world","access_requirement","level_min","tinyint unsigned","tinyint","NO",""
"world","access_requirement","level_max","tinyint unsigned","tinyint","NO",""
"world","access_requirement","item_level","smallint unsigned","smallint","NO",""
"world","access_requirement","item","int unsigned","int","NO",""
"world","access_requirement","item2","int unsigned","int","NO",""
"world","access_requirement","quest_done_A","int unsigned","int","NO",""
"world","access_requirement","quest_done_H","int unsigned","int","NO",""
"world","access_requirement","completed_achievement","int unsigned","int","NO",""
"world","access_requirement","quest_failed_text","mediumtext","mediumtext","YES",""
"world","access_requirement","comment","mediumtext","mediumtext","YES",""
"world","achievement_dbc","ID","int unsigned","int","NO","PRI"
"world","achievement_dbc","requiredFaction","int","int","NO",""
"world","achievement_dbc","mapID","int","int","NO",""
"world","achievement_dbc","points","int unsigned","int","NO",""
"world","achievement_dbc","flags","int unsigned","int","NO",""
"world","achievement_dbc","count","int unsigned","int","NO",""
"world","achievement_dbc","refAchievement","int unsigned","int","NO",""
"world","achievement_reward","ID","int unsigned","int","NO","PRI"
"world","achievement_reward","TitleA","int unsigned","int","NO",""
"world","achievement_reward","TitleH","int unsigned","int","NO",""
"world","achievement_reward","ItemID","int unsigned","int","NO",""
"world","achievement_reward","Sender","int unsigned","int","NO",""
"world","achievement_reward","Subject","varchar(255)","varchar","YES",""
"world","achievement_reward","Body","mediumtext","mediumtext","YES",""
"world","achievement_reward","MailTemplateID","int unsigned","int","YES",""
"world","achievement_reward_locale","ID","int unsigned","int","NO","PRI"
"world","achievement_reward_locale","Locale","varchar(4)","varchar","NO","PRI"
"world","achievement_reward_locale","Subject","mediumtext","mediumtext","YES",""
"world","achievement_reward_locale","Body","mediumtext","mediumtext","YES",""
"world","achievement_scripts","AchievementId","int","int","NO","PRI"
"world","achievement_scripts","ScriptName","varchar(64)","varchar","NO",""
"world","areatrigger","SpawnId","bigint unsigned","bigint","NO","PRI"
"world","areatrigger","AreaTriggerCreatePropertiesId","int unsigned","int","NO",""
"world","areatrigger","IsCustom","tinyint unsigned","tinyint","NO",""
"world","areatrigger","MapId","int unsigned","int","NO",""
"world","areatrigger","SpawnDifficulties","varchar(100)","varchar","NO",""
"world","areatrigger","PosX","float","float","NO",""
"world","areatrigger","PosY","float","float","NO",""
"world","areatrigger","PosZ","float","float","NO",""
"world","areatrigger","Orientation","float","float","NO",""
"world","areatrigger","PhaseUseFlags","tinyint unsigned","tinyint","YES",""
"world","areatrigger","PhaseId","int unsigned","int","YES",""
"world","areatrigger","PhaseGroup","int unsigned","int","YES",""
"world","areatrigger","SpellForVisuals","int","int","YES",""
"world","areatrigger","ScriptName","varchar(64)","varchar","NO",""
"world","areatrigger","Comment","varchar(255)","varchar","YES",""
"world","areatrigger","VerifiedBuild","int","int","NO",""
"world","areatrigger_create_properties","Id","int unsigned","int","NO","PRI"
"world","areatrigger_create_properties","IsCustom","tinyint unsigned","tinyint","NO","PRI"
"world","areatrigger_create_properties","AreaTriggerId","int unsigned","int","NO",""
"world","areatrigger_create_properties","IsAreatriggerCustom","tinyint unsigned","tinyint","NO",""
"world","areatrigger_create_properties","Flags","int unsigned","int","NO",""
"world","areatrigger_create_properties","MoveCurveId","int unsigned","int","NO",""
"world","areatrigger_create_properties","ScaleCurveId","int unsigned","int","NO",""
"world","areatrigger_create_properties","MorphCurveId","int unsigned","int","NO",""
"world","areatrigger_create_properties","FacingCurveId","int unsigned","int","NO",""
"world","areatrigger_create_properties","AnimId","int","int","NO",""
"world","areatrigger_create_properties","AnimKitId","int","int","NO",""
"world","areatrigger_create_properties","DecalPropertiesId","int unsigned","int","NO",""
"world","areatrigger_create_properties","TimeToTarget","int unsigned","int","NO",""
"world","areatrigger_create_properties","TimeToTargetScale","int unsigned","int","NO",""
"world","areatrigger_create_properties","Shape","tinyint unsigned","tinyint","NO",""
"world","areatrigger_create_properties","ShapeData0","float","float","NO",""
"world","areatrigger_create_properties","ShapeData1","float","float","NO",""
"world","areatrigger_create_properties","ShapeData2","float","float","NO",""
"world","areatrigger_create_properties","ShapeData3","float","float","NO",""
"world","areatrigger_create_properties","ShapeData4","float","float","NO",""
"world","areatrigger_create_properties","ShapeData5","float","float","NO",""
"world","areatrigger_create_properties","ShapeData6","float","float","NO",""
"world","areatrigger_create_properties","ShapeData7","float","float","NO",""
"world","areatrigger_create_properties","ScriptName","varchar(64)","varchar","NO",""
"world","areatrigger_create_properties","VerifiedBuild","int unsigned","int","NO",""
"world","areatrigger_create_properties_orbit","AreaTriggerCreatePropertiesId","int unsigned","int","NO","PRI"
"world","areatrigger_create_properties_orbit","IsCustom","tinyint unsigned","tinyint","NO","PRI"
"world","areatrigger_create_properties_orbit","StartDelay","int unsigned","int","NO",""
"world","areatrigger_create_properties_orbit","CircleRadius","float","float","NO",""
"world","areatrigger_create_properties_orbit","BlendFromRadius","float","float","NO",""
"world","areatrigger_create_properties_orbit","InitialAngle","float","float","NO",""
"world","areatrigger_create_properties_orbit","ZOffset","float","float","NO",""
"world","areatrigger_create_properties_orbit","CounterClockwise","tinyint unsigned","tinyint","NO",""
"world","areatrigger_create_properties_orbit","CanLoop","tinyint unsigned","tinyint","NO",""
"world","areatrigger_create_properties_orbit","VerifiedBuild","int unsigned","int","NO",""
"world","areatrigger_create_properties_polygon_vertex","AreaTriggerCreatePropertiesId","int unsigned","int","NO","PRI"
"world","areatrigger_create_properties_polygon_vertex","IsCustom","tinyint unsigned","tinyint","NO","PRI"
"world","areatrigger_create_properties_polygon_vertex","Idx","int unsigned","int","NO","PRI"
"world","areatrigger_create_properties_polygon_vertex","VerticeX","float","float","NO",""
"world","areatrigger_create_properties_polygon_vertex","VerticeY","float","float","NO",""
"world","areatrigger_create_properties_polygon_vertex","VerticeTargetX","float","float","YES",""
"world","areatrigger_create_properties_polygon_vertex","VerticeTargetY","float","float","YES",""
"world","areatrigger_create_properties_polygon_vertex","VerifiedBuild","int unsigned","int","NO",""
"world","areatrigger_create_properties_spline_point","AreaTriggerCreatePropertiesId","int unsigned","int","NO","PRI"
"world","areatrigger_create_properties_spline_point","IsCustom","tinyint unsigned","tinyint","NO","PRI"
"world","areatrigger_create_properties_spline_point","Idx","int unsigned","int","NO","PRI"
"world","areatrigger_create_properties_spline_point","X","float","float","NO",""
"world","areatrigger_create_properties_spline_point","Y","float","float","NO",""
"world","areatrigger_create_properties_spline_point","Z","float","float","NO",""
"world","areatrigger_create_properties_spline_point","VerifiedBuild","int unsigned","int","NO",""
"world","areatrigger_involvedrelation","id","int unsigned","int","NO","PRI"
"world","areatrigger_involvedrelation","quest","int unsigned","int","NO",""
"world","areatrigger_scripts","entry","int","int","NO","PRI"
"world","areatrigger_scripts","ScriptName","varchar(64)","varchar","NO",""
"world","areatrigger_tavern","id","int unsigned","int","NO","PRI"
"world","areatrigger_tavern","name","mediumtext","mediumtext","YES",""
"world","areatrigger_teleport","ID","int unsigned","int","NO","PRI"
"world","areatrigger_teleport","Name","mediumtext","mediumtext","YES","MUL"
"world","areatrigger_teleport","target_map","smallint unsigned","smallint","NO",""
"world","areatrigger_teleport","target_position_x","float","float","NO",""
"world","areatrigger_teleport","target_position_y","float","float","NO",""
"world","areatrigger_teleport","target_position_z","float","float","NO",""
"world","areatrigger_teleport","target_orientation","float","float","NO",""
"world","areatrigger_teleport","VerifiedBuild","int","int","YES",""
"world","areatrigger_template","Id","int unsigned","int","NO","PRI"
"world","areatrigger_template","IsCustom","tinyint unsigned","tinyint","NO","PRI"
"world","areatrigger_template","Flags","int unsigned","int","NO",""
"world","areatrigger_template","VerifiedBuild","int unsigned","int","NO",""
"world","areatrigger_template_actions","AreaTriggerId","int unsigned","int","NO","PRI"
"world","areatrigger_template_actions","IsCustom","tinyint unsigned","tinyint","NO","PRI"
"world","areatrigger_template_actions","ActionType","int unsigned","int","NO",""
"world","areatrigger_template_actions","ActionParam","int unsigned","int","NO",""
"world","areatrigger_template_actions","TargetType","int unsigned","int","NO",""
"world","battlefield_template","TypeId","tinyint unsigned","tinyint","NO","PRI"
"world","battlefield_template","ScriptName","varchar(64)","varchar","NO",""
"world","battlefield_template","comment","text","text","YES",""
"world","battleground_template","ID","int unsigned","int","NO","PRI"
"world","battleground_template","AllianceStartLoc","int unsigned","int","NO",""
"world","battleground_template","HordeStartLoc","int unsigned","int","NO",""
"world","battleground_template","StartMaxDist","float","float","NO",""
"world","battleground_template","Weight","tinyint unsigned","tinyint","NO",""
"world","battleground_template","ScriptName","varchar(64)","varchar","NO",""
"world","battleground_template","Comment","varchar(32)","varchar","NO",""
"world","battlemaster_entry","entry","int unsigned","int","NO","PRI"
"world","battlemaster_entry","bg_template","int unsigned","int","NO",""
"world","battlepay_addon","DisplayInfoEntry","int unsigned","int","NO","PRI"
"world","battlepay_addon","DisableListing","int unsigned","int","YES",""
"world","battlepay_addon","DisableBuy","int unsigned","int","YES",""
"world","battlepay_addon","NameColorIndex","int unsigned","int","YES",""
"world","battlepay_addon","ScriptName","varchar(255)","varchar","YES",""
"world","battlepay_addon","Comment","varchar(255)","varchar","YES",""
"world","battlepay_displayinfo","Entry","int unsigned","int","NO","PRI"
"world","battlepay_displayinfo","CreatureDisplayID","int unsigned","int","YES",""
"world","battlepay_displayinfo","VisualID","int unsigned","int","YES",""
"world","battlepay_displayinfo","Name1","varchar(255)","varchar","YES",""
"world","battlepay_displayinfo","Name2","varchar(255)","varchar","NO",""
"world","battlepay_displayinfo","Name3","text","text","YES",""
"world","battlepay_displayinfo","Name4","text","text","YES",""
"world","battlepay_displayinfo","Name5","text","text","YES",""
"world","battlepay_displayinfo","Name6","varchar(255)","varchar","YES",""
"world","battlepay_displayinfo","Name7","varchar(255)","varchar","YES",""
"world","battlepay_displayinfo","Flags","int unsigned","int","YES",""
"world","battlepay_displayinfo","Unk1","int unsigned","int","YES",""
"world","battlepay_displayinfo","Unk2","int unsigned","int","YES",""
"world","battlepay_displayinfo","Unk3","int unsigned","int","YES",""
"world","battlepay_displayinfo","UnkInt1","int unsigned","int","YES",""
"world","battlepay_displayinfo","UnkInt2","int unsigned","int","YES",""
"world","battlepay_displayinfo","UnkInt3","int unsigned","int","YES",""
"world","battlepay_group","Entry","int unsigned","int","NO","PRI"
"world","battlepay_group","GroupID","int unsigned","int","YES",""
"world","battlepay_group","IconFileDataID","int unsigned","int","YES",""
"world","battlepay_group","DisplayType","int unsigned","int","YES",""
"world","battlepay_group","Ordering","int unsigned","int","YES",""
"world","battlepay_group","Unk","int unsigned","int","YES",""
"world","battlepay_group","MainGroupID","int unsigned","int","YES",""
"world","battlepay_group","Name","varchar(255)","varchar","NO",""
"world","battlepay_group","Description","text","text","YES",""
"world","battlepay_item","Entry","int unsigned","int","NO","PRI"
"world","battlepay_item","ID","int unsigned","int","YES",""
"world","battlepay_item","UnkByte","int unsigned","int","YES",""
"world","battlepay_item","ItemID","int unsigned","int","YES",""
"world","battlepay_item","Quantity","int unsigned","int","YES",""
"world","battlepay_item","UnkInt1","int unsigned","int","YES",""
"world","battlepay_item","UnkInt2","int unsigned","int","YES",""
"world","battlepay_item","IsPet","int unsigned","int","YES",""
"world","battlepay_item","PetResult","int unsigned","int","YES",""
"world","battlepay_item","Display","int unsigned","int","YES",""
"world","battlepay_product","Entry","int unsigned","int","NO","PRI"
"world","battlepay_product","ProductID","int unsigned","int","YES",""
"world","battlepay_product","Type","int unsigned","int","YES",""
"world","battlepay_product","Flags","int unsigned","int","YES",""
"world","battlepay_product","Unk1","int unsigned","int","YES",""
"world","battlepay_product","DisplayId","int unsigned","int","YES",""
"world","battlepay_product","ItemId","int unsigned","int","YES",""
"world","battlepay_product","Unk4","int unsigned","int","YES",""
"world","battlepay_product","Unk5","int unsigned","int","YES",""
"world","battlepay_product","Unk6","int unsigned","int","YES",""
"world","battlepay_product","Unk7","int unsigned","int","YES",""
"world","battlepay_product","Unk8","int unsigned","int","YES",""
"world","battlepay_product","Unk9","int unsigned","int","YES",""
"world","battlepay_product","UnkString","int unsigned","int","YES",""
"world","battlepay_product","UnkBit","int unsigned","int","YES",""
"world","battlepay_product","UnkBits","int unsigned","int","YES",""
"world","battlepay_product","Name","varchar(255)","varchar","YES",""
"world","battlepay_productinfo","Entry","int unsigned","int","NO","PRI"
"world","battlepay_productinfo","ProductId","int unsigned","int","YES",""
"world","battlepay_productinfo","NormalPriceFixedPoint","int unsigned","int","YES",""
"world","battlepay_productinfo","CurrentPriceFixedPoint","int unsigned","int","YES",""
"world","battlepay_productinfo","ProductIds","text","text","YES",""
"world","battlepay_productinfo","Unk1","int unsigned","int","YES",""
"world","battlepay_productinfo","Unk2","int unsigned","int","YES",""
"world","battlepay_productinfo","UnkInts","int unsigned","int","YES",""
"world","battlepay_productinfo","Unk3","int unsigned","int","YES",""
"world","battlepay_productinfo","ChoiceType","int unsigned","int","YES",""
"world","battlepay_shop","Entry","int unsigned","int","NO","PRI"
"world","battlepay_shop","EntryID","int unsigned","int","YES",""
"world","battlepay_shop","GroupID","int unsigned","int","YES",""
"world","battlepay_shop","ProductID","int unsigned","int","YES",""
"world","battlepay_shop","Ordering","int unsigned","int","YES",""
"world","battlepay_shop","VasServiceType","int unsigned","int","YES",""
"world","battlepay_shop","StoreDeliveryType","int unsigned","int","YES",""
"world","battlepay_visual","Entry","int unsigned","int","NO","PRI"
"world","battlepay_visual","DisplayInfoEntry","int unsigned","int","YES",""
"world","battlepay_visual","Name","varchar(255)","varchar","YES",""
"world","battlepay_visual","DisplayId","int unsigned","int","YES",""
"world","battlepay_visual","VisualId","int unsigned","int","YES",""
"world","battlepay_visual","Unk","int unsigned","int","YES",""
"world","battlepet_info","NpcID","int unsigned","int","NO","PRI"
"world","battlepet_info","Specie","int unsigned","int","NO","PRI"
"world","battlepet_info","maxlevel","int unsigned","int","NO",""
"world","battlepet_info","minlevel","int unsigned","int","NO",""
"world","battlepet_info","minquality","int unsigned","int","NO",""
"world","battlepet_info","breadsMask","int unsigned","int","NO",""
"world","battlepet_info","Ability1","int unsigned","int","NO",""
"world","battlepet_info","Ability2","int unsigned","int","NO",""
"world","battlepet_info","Ability3","int unsigned","int","NO",""
"world","battlepet_info","Comment","varchar(255)","varchar","YES",""
"world","character_template","Id","int unsigned","int","NO","PRI"
"world","character_template","Name","varchar(70)","varchar","NO",""
"world","character_template","Description","varchar(100)","varchar","NO",""
"world","character_template","Level","tinyint unsigned","tinyint","NO",""
"world","character_template_class","TemplateId","int unsigned","int","NO","PRI"
"world","character_template_class","FactionGroup","tinyint unsigned","tinyint","NO","PRI"
"world","character_template_class","Class","tinyint unsigned","tinyint","NO","PRI"
"world","class_expansion_requirement","ClassID","tinyint unsigned","tinyint","NO","PRI"
"world","class_expansion_requirement","RaceID","tinyint unsigned","tinyint","NO","PRI"
"world","class_expansion_requirement","ActiveExpansionLevel","tinyint unsigned","tinyint","YES",""
"world","class_expansion_requirement","AccountExpansionLevel","tinyint unsigned","tinyint","YES",""
"world","command","name","varchar(50)","varchar","NO","PRI"
"world","command","help","mediumtext","mediumtext","NO",""
"world","conditions","SourceTypeOrReferenceId","int","int","NO","PRI"
"world","conditions","SourceGroup","int unsigned","int","NO","PRI"
"world","conditions","SourceEntry","int","int","NO","PRI"
"world","conditions","SourceId","int","int","NO","PRI"
"world","conditions","ElseGroup","int unsigned","int","NO","PRI"
"world","conditions","ConditionTypeOrReference","int","int","NO","PRI"
"world","conditions","ConditionTarget","tinyint unsigned","tinyint","NO","PRI"
"world","conditions","ConditionValue1","int unsigned","int","NO","PRI"
"world","conditions","ConditionValue2","int unsigned","int","NO","PRI"
"world","conditions","ConditionValue3","int unsigned","int","NO","PRI"
"world","conditions","ConditionStringValue1","varchar(64)","varchar","NO",""
"world","conditions","NegativeCondition","tinyint unsigned","tinyint","NO",""
"world","conditions","ErrorType","int unsigned","int","NO",""
"world","conditions","ErrorTextId","int unsigned","int","NO",""
"world","conditions","ScriptName","char(64)","char","NO",""
"world","conditions","Comment","varchar(255)","varchar","YES",""
"world","conversation_actors","ConversationId","int unsigned","int","NO","PRI"
"world","conversation_actors","ConversationActorId","int unsigned","int","NO",""
"world","conversation_actors","ConversationActorGuid","bigint unsigned","bigint","NO",""
"world","conversation_actors","Idx","smallint unsigned","smallint","NO","PRI"
"world","conversation_actors","CreatureId","int unsigned","int","NO",""
"world","conversation_actors","CreatureDisplayInfoId","int unsigned","int","NO",""
"world","conversation_actors","NoActorObject","tinyint unsigned","tinyint","YES",""
"world","conversation_actors","ActivePlayerObject","tinyint unsigned","tinyint","YES",""
"world","conversation_actors","VerifiedBuild","int unsigned","int","NO",""
"world","conversation_line_template","Id","int unsigned","int","NO","PRI"
"world","conversation_line_template","UiCameraID","int unsigned","int","NO",""
"world","conversation_line_template","ActorIdx","tinyint unsigned","tinyint","NO",""
"world","conversation_line_template","Flags","tinyint unsigned","tinyint","NO",""
"world","conversation_line_template","ChatType","tinyint unsigned","tinyint","NO",""
"world","conversation_line_template","VerifiedBuild","int unsigned","int","NO",""
"world","conversation_template","Id","int unsigned","int","NO","PRI"
"world","conversation_template","FirstLineId","int unsigned","int","NO",""
"world","conversation_template","TextureKitId","int unsigned","int","NO",""
"world","conversation_template","Flags","tinyint","tinyint","NO",""
"world","conversation_template","ScriptName","varchar(64)","varchar","NO",""
"world","conversation_template","VerifiedBuild","int unsigned","int","NO",""
"world","creature","guid","bigint unsigned","bigint","NO","PRI"
"world","creature","id","int unsigned","int","NO","MUL"
"world","creature","map","smallint unsigned","smallint","NO","MUL"
"world","creature","zoneId","smallint unsigned","smallint","NO",""
"world","creature","areaId","smallint unsigned","smallint","NO",""
"world","creature","spawnDifficulties","varchar(100)","varchar","NO",""
"world","creature","phaseUseFlags","tinyint unsigned","tinyint","NO",""
"world","creature","PhaseId","int","int","YES",""
"world","creature","PhaseGroup","int","int","YES",""
"world","creature","terrainSwapMap","int","int","NO",""
"world","creature","modelid","int unsigned","int","NO",""
"world","creature","equipment_id","tinyint","tinyint","NO",""
"world","creature","position_x","float","float","NO",""
"world","creature","position_y","float","float","NO",""
"world","creature","position_z","float","float","NO",""
"world","creature","orientation","float","float","NO",""
"world","creature","spawntimesecs","int unsigned","int","NO",""
"world","creature","wander_distance","float","float","NO",""
"world","creature","currentwaypoint","int unsigned","int","NO",""
"world","creature","curhealth","int unsigned","int","NO",""
"world","creature","curmana","int unsigned","int","NO",""
"world","creature","MovementType","tinyint unsigned","tinyint","NO",""
"world","creature","npcflag","bigint unsigned","bigint","YES",""
"world","creature","unit_flags","int unsigned","int","YES",""
"world","creature","unit_flags2","int unsigned","int","YES",""
"world","creature","unit_flags3","int unsigned","int","YES",""
"world","creature","ScriptName","varchar(64)","varchar","NO",""
"world","creature","StringId","varchar(64)","varchar","YES",""
"world","creature","VerifiedBuild","int","int","NO",""
"world","creature_addon","guid","bigint unsigned","bigint","NO","PRI"
"world","creature_addon","path_id","int unsigned","int","NO",""
"world","creature_addon","mount","int unsigned","int","NO",""
"world","creature_addon","MountCreatureID","int unsigned","int","NO",""
"world","creature_addon","StandState","tinyint unsigned","tinyint","NO",""
"world","creature_addon","AnimTier","tinyint unsigned","tinyint","NO",""
"world","creature_addon","VisFlags","tinyint unsigned","tinyint","NO",""
"world","creature_addon","SheathState","tinyint unsigned","tinyint","NO",""
"world","creature_addon","PvPFlags","tinyint unsigned","tinyint","NO",""
"world","creature_addon","emote","int unsigned","int","NO",""
"world","creature_addon","aiAnimKit","smallint","smallint","NO",""
"world","creature_addon","movementAnimKit","smallint","smallint","NO",""
"world","creature_addon","meleeAnimKit","smallint","smallint","NO",""
"world","creature_addon","visibilityDistanceType","tinyint unsigned","tinyint","NO",""
"world","creature_addon","auras","mediumtext","mediumtext","YES",""
"world","creature_classlevelstats","level","tinyint unsigned","tinyint","NO","PRI"
"world","creature_classlevelstats","class","tinyint unsigned","tinyint","NO","PRI"
"world","creature_classlevelstats","basehp0","smallint unsigned","smallint","NO",""
"world","creature_classlevelstats","basehp1","smallint unsigned","smallint","NO",""
"world","creature_classlevelstats","basehp2","smallint unsigned","smallint","NO",""
"world","creature_classlevelstats","basemana","smallint unsigned","smallint","NO",""
"world","creature_classlevelstats","basearmor","smallint unsigned","smallint","NO",""
"world","creature_classlevelstats","attackpower","smallint unsigned","smallint","NO",""
"world","creature_classlevelstats","rangedattackpower","smallint unsigned","smallint","NO",""
"world","creature_classlevelstats","damage_base","float","float","NO",""
"world","creature_classlevelstats","damage_exp1","float","float","NO",""
"world","creature_classlevelstats","damage_exp2","float","float","NO",""
"world","creature_classlevelstats","comment","mediumtext","mediumtext","YES",""
"world","creature_equip_template","CreatureID","int unsigned","int","NO","PRI"
"world","creature_equip_template","ID","tinyint unsigned","tinyint","NO","PRI"
"world","creature_equip_template","ItemID1","int unsigned","int","NO",""
"world","creature_equip_template","AppearanceModID1","smallint unsigned","smallint","NO",""
"world","creature_equip_template","ItemVisual1","smallint unsigned","smallint","NO",""
"world","creature_equip_template","ItemID2","int unsigned","int","NO",""
"world","creature_equip_template","AppearanceModID2","smallint unsigned","smallint","NO",""
"world","creature_equip_template","ItemVisual2","smallint unsigned","smallint","NO",""
"world","creature_equip_template","ItemID3","int unsigned","int","NO",""
"world","creature_equip_template","AppearanceModID3","smallint unsigned","smallint","NO",""
"world","creature_equip_template","ItemVisual3","smallint unsigned","smallint","NO",""
"world","creature_equip_template","VerifiedBuild","int","int","NO",""
"world","creature_formations","leaderGUID","bigint unsigned","bigint","NO",""
"world","creature_formations","memberGUID","bigint unsigned","bigint","NO","PRI"
"world","creature_formations","dist","float","float","NO",""
"world","creature_formations","angle","float","float","NO",""
"world","creature_formations","groupAI","int unsigned","int","NO",""
"world","creature_formations","point_1","smallint unsigned","smallint","NO",""
"world","creature_formations","point_2","smallint unsigned","smallint","NO",""
"world","creature_loot_template","Entry","int unsigned","int","NO","PRI"
"world","creature_loot_template","Item","int unsigned","int","NO","PRI"
"world","creature_loot_template","Reference","int unsigned","int","NO",""
"world","creature_loot_template","Chance","float","float","NO",""
"world","creature_loot_template","QuestRequired","tinyint(1)","tinyint","NO",""
"world","creature_loot_template","LootMode","smallint unsigned","smallint","NO",""
"world","creature_loot_template","GroupId","tinyint unsigned","tinyint","NO",""
"world","creature_loot_template","MinCount","tinyint unsigned","tinyint","NO",""
"world","creature_loot_template","MaxCount","tinyint unsigned","tinyint","NO",""
"world","creature_loot_template","Comment","varchar(255)","varchar","YES",""
"world","creature_model_info","DisplayID","int unsigned","int","NO","PRI"
"world","creature_model_info","BoundingRadius","float","float","NO",""
"world","creature_model_info","CombatReach","float","float","NO",""
"world","creature_model_info","DisplayID_Other_Gender","int unsigned","int","NO",""
"world","creature_model_info","VerifiedBuild","int","int","NO",""
"world","creature_movement_info","MovementID","int unsigned","int","NO","PRI"
"world","creature_movement_info","WalkSpeed","float","float","YES",""
"world","creature_movement_info","RunSpeed","float","float","YES",""
"world","creature_movement_override","SpawnId","bigint unsigned","bigint","NO","PRI"
"world","creature_movement_override","Ground","tinyint unsigned","tinyint","YES",""
"world","creature_movement_override","Swim","tinyint unsigned","tinyint","YES",""
"world","creature_movement_override","Flight","tinyint unsigned","tinyint","YES",""
"world","creature_movement_override","Rooted","tinyint unsigned","tinyint","YES",""
"world","creature_movement_override","Chase","tinyint unsigned","tinyint","YES",""
"world","creature_movement_override","Random","tinyint unsigned","tinyint","YES",""
"world","creature_movement_override","InteractionPauseTimer","int unsigned","int","YES",""
"world","creature_onkill_reputation","creature_id","int unsigned","int","NO","PRI"
"world","creature_onkill_reputation","RewOnKillRepFaction1","smallint","smallint","NO",""
"world","creature_onkill_reputation","RewOnKillRepFaction2","smallint","smallint","NO",""
"world","creature_onkill_reputation","MaxStanding1","tinyint","tinyint","NO",""
"world","creature_onkill_reputation","IsTeamAward1","tinyint","tinyint","NO",""
"world","creature_onkill_reputation","RewOnKillRepValue1","int","int","NO",""
"world","creature_onkill_reputation","MaxStanding2","tinyint","tinyint","NO",""
"world","creature_onkill_reputation","IsTeamAward2","tinyint","tinyint","NO",""
"world","creature_onkill_reputation","RewOnKillRepValue2","int","int","NO",""
"world","creature_onkill_reputation","TeamDependent","tinyint unsigned","tinyint","NO",""
"world","creature_questender","id","int unsigned","int","NO","PRI"
"world","creature_questender","quest","int unsigned","int","NO","PRI"
"world","creature_questender","VerifiedBuild","int unsigned","int","NO",""
"world","creature_questitem","CreatureEntry","int unsigned","int","NO","PRI"
"world","creature_questitem","DifficultyID","tinyint unsigned","tinyint","NO","PRI"
"world","creature_questitem","Idx","int unsigned","int","NO","PRI"
"world","creature_questitem","ItemId","int unsigned","int","NO",""
"world","creature_questitem","VerifiedBuild","int","int","NO",""
"world","creature_queststarter","id","int unsigned","int","NO","PRI"
"world","creature_queststarter","quest","int unsigned","int","NO","PRI"
"world","creature_queststarter","VerifiedBuild","int unsigned","int","NO",""
"world","creature_summon_groups","summonerId","int unsigned","int","NO",""
"world","creature_summon_groups","summonerType","tinyint unsigned","tinyint","NO",""
"world","creature_summon_groups","groupId","tinyint unsigned","tinyint","NO",""
"world","creature_summon_groups","entry","int unsigned","int","NO",""
"world","creature_summon_groups","position_x","float","float","NO",""
"world","creature_summon_groups","position_y","float","float","NO",""
"world","creature_summon_groups","position_z","float","float","NO",""
"world","creature_summon_groups","orientation","float","float","NO",""
"world","creature_summon_groups","summonType","tinyint unsigned","tinyint","NO",""
"world","creature_summon_groups","summonTime","int unsigned","int","NO",""
"world","creature_summon_groups","Comment","varchar(255)","varchar","NO",""
"world","creature_summoned_data","CreatureID","int unsigned","int","NO","PRI"
"world","creature_summoned_data","CreatureIDVisibleToSummoner","int","int","YES",""
"world","creature_summoned_data","GroundMountDisplayID","int unsigned","int","YES",""
"world","creature_summoned_data","FlyingMountDisplayID","int unsigned","int","YES",""
"world","creature_summoned_data","DespawnOnQuestsRemoved","mediumtext","mediumtext","YES",""
"world","creature_template","entry","int unsigned","int","NO","PRI"
"world","creature_template","KillCredit1","int unsigned","int","NO",""
"world","creature_template","KillCredit2","int unsigned","int","NO",""
"world","creature_template","name","mediumtext","mediumtext","YES",""
"world","creature_template","femaleName","mediumtext","mediumtext","YES",""
"world","creature_template","subname","mediumtext","mediumtext","YES",""
"world","creature_template","TitleAlt","mediumtext","mediumtext","YES",""
"world","creature_template","IconName","varchar(64)","varchar","YES",""
"world","creature_template","RequiredExpansion","int","int","NO",""
"world","creature_template","VignetteID","int","int","NO",""
"world","creature_template","faction","smallint unsigned","smallint","NO",""
"world","creature_template","npcflag","bigint unsigned","bigint","NO",""
"world","creature_template","speed_walk","float","float","NO",""
"world","creature_template","speed_run","float","float","NO",""
"world","creature_template","scale","float","float","NO",""
"world","creature_template","Classification","tinyint unsigned","tinyint","NO",""
"world","creature_template","dmgschool","tinyint","tinyint","NO",""
"world","creature_template","BaseAttackTime","int unsigned","int","NO",""
"world","creature_template","RangeAttackTime","int unsigned","int","NO",""
"world","creature_template","BaseVariance","float","float","NO",""
"world","creature_template","RangeVariance","float","float","NO",""
"world","creature_template","unit_class","tinyint unsigned","tinyint","NO",""
"world","creature_template","unit_flags","int unsigned","int","NO",""
"world","creature_template","unit_flags2","int unsigned","int","NO",""
"world","creature_template","unit_flags3","int unsigned","int","NO",""
"world","creature_template","family","int","int","NO",""
"world","creature_template","trainer_class","tinyint unsigned","tinyint","NO",""
"world","creature_template","type","tinyint unsigned","tinyint","NO",""
"world","creature_template","PetSpellDataId","int unsigned","int","NO",""
"world","creature_template","VehicleId","int unsigned","int","NO",""
"world","creature_template","AIName","varchar(64)","varchar","NO",""
"world","creature_template","MovementType","tinyint unsigned","tinyint","NO",""
"world","creature_template","ExperienceModifier","float","float","NO",""
"world","creature_template","Civilian","tinyint unsigned","tinyint","NO",""
"world","creature_template","RacialLeader","tinyint unsigned","tinyint","NO",""
"world","creature_template","movementId","int unsigned","int","NO",""
"world","creature_template","WidgetSetID","int","int","NO",""
"world","creature_template","WidgetSetUnitConditionID","int","int","NO",""
"world","creature_template","RegenHealth","tinyint unsigned","tinyint","NO",""
"world","creature_template","mechanic_immune_mask","bigint unsigned","bigint","NO",""
"world","creature_template","spell_school_immune_mask","int unsigned","int","NO",""
"world","creature_template","flags_extra","int unsigned","int","NO",""
"world","creature_template","ScriptName","varchar(64)","varchar","NO",""
"world","creature_template","StringId","varchar(64)","varchar","YES",""
"world","creature_template","VerifiedBuild","int","int","NO",""
"world","creature_template_addon","entry","int unsigned","int","NO","PRI"
"world","creature_template_addon","path_id","int unsigned","int","NO",""
"world","creature_template_addon","mount","int unsigned","int","NO",""
"world","creature_template_addon","MountCreatureID","int unsigned","int","NO",""
"world","creature_template_addon","StandState","tinyint unsigned","tinyint","NO",""
"world","creature_template_addon","AnimTier","tinyint unsigned","tinyint","NO",""
"world","creature_template_addon","VisFlags","tinyint unsigned","tinyint","NO",""
"world","creature_template_addon","SheathState","tinyint unsigned","tinyint","NO",""
"world","creature_template_addon","PvPFlags","tinyint unsigned","tinyint","NO",""
"world","creature_template_addon","emote","int unsigned","int","NO",""
"world","creature_template_addon","aiAnimKit","smallint","smallint","NO",""
"world","creature_template_addon","movementAnimKit","smallint","smallint","NO",""
"world","creature_template_addon","meleeAnimKit","smallint","smallint","NO",""
"world","creature_template_addon","visibilityDistanceType","tinyint unsigned","tinyint","NO",""
"world","creature_template_addon","auras","mediumtext","mediumtext","YES",""
"world","creature_template_difficulty","Entry","int unsigned","int","NO","PRI"
"world","creature_template_difficulty","DifficultyID","tinyint unsigned","tinyint","NO","PRI"
"world","creature_template_difficulty","MinLevel","tinyint","tinyint","NO",""
"world","creature_template_difficulty","MaxLevel","tinyint","tinyint","NO",""
"world","creature_template_difficulty","HealthScalingExpansion","int","int","NO",""
"world","creature_template_difficulty","HealthModifier","float","float","NO",""
"world","creature_template_difficulty","ManaModifier","float","float","NO",""
"world","creature_template_difficulty","ArmorModifier","float","float","NO",""
"world","creature_template_difficulty","DamageModifier","float","float","NO",""
"world","creature_template_difficulty","CreatureDifficultyID","int","int","NO",""
"world","creature_template_difficulty","TypeFlags","int unsigned","int","NO",""
"world","creature_template_difficulty","TypeFlags2","int unsigned","int","NO",""
"world","creature_template_difficulty","LootID","int unsigned","int","NO",""
"world","creature_template_difficulty","PickPocketLootID","int unsigned","int","NO",""
"world","creature_template_difficulty","SkinLootID","int unsigned","int","NO",""
"world","creature_template_difficulty","GoldMin","int unsigned","int","NO",""
"world","creature_template_difficulty","GoldMax","int unsigned","int","NO",""
"world","creature_template_difficulty","StaticFlags1","int unsigned","int","NO",""
"world","creature_template_difficulty","StaticFlags2","int unsigned","int","NO",""
"world","creature_template_difficulty","StaticFlags3","int unsigned","int","NO",""
"world","creature_template_difficulty","StaticFlags4","int unsigned","int","NO",""
"world","creature_template_difficulty","StaticFlags5","int unsigned","int","NO",""
"world","creature_template_difficulty","StaticFlags6","int unsigned","int","NO",""
"world","creature_template_difficulty","StaticFlags7","int unsigned","int","NO",""
"world","creature_template_difficulty","StaticFlags8","int unsigned","int","NO",""
"world","creature_template_difficulty","VerifiedBuild","int","int","NO",""
"world","creature_template_difficulty_old","Entry","int unsigned","int","NO","PRI"
"world","creature_template_difficulty_old","DifficultyID","tinyint unsigned","tinyint","NO","PRI"
"world","creature_template_difficulty_old","MinLevel","tinyint","tinyint","NO",""
"world","creature_template_difficulty_old","MaxLevel","tinyint","tinyint","NO",""
"world","creature_template_difficulty_old","HealthScalingExpansion","int","int","NO",""
"world","creature_template_difficulty_old","HealthModifier","float","float","NO",""
"world","creature_template_difficulty_old","ManaModifier","float","float","NO",""
"world","creature_template_difficulty_old","ArmorModifier","float","float","NO",""
"world","creature_template_difficulty_old","DamageModifier","float","float","NO",""
"world","creature_template_difficulty_old","CreatureDifficultyID","int","int","NO",""
"world","creature_template_difficulty_old","TypeFlags","int unsigned","int","NO",""
"world","creature_template_difficulty_old","TypeFlags2","int unsigned","int","NO",""
"world","creature_template_difficulty_old","LootID","int unsigned","int","NO",""
"world","creature_template_difficulty_old","PickPocketLootID","int unsigned","int","NO",""
"world","creature_template_difficulty_old","SkinLootID","int unsigned","int","NO",""
"world","creature_template_difficulty_old","GoldMin","int unsigned","int","NO",""
"world","creature_template_difficulty_old","GoldMax","int unsigned","int","NO",""
"world","creature_template_difficulty_old","StaticFlags1","int unsigned","int","NO",""
"world","creature_template_difficulty_old","StaticFlags2","int unsigned","int","NO",""
"world","creature_template_difficulty_old","StaticFlags3","int unsigned","int","NO",""
"world","creature_template_difficulty_old","StaticFlags4","int unsigned","int","NO",""
"world","creature_template_difficulty_old","StaticFlags5","int unsigned","int","NO",""
"world","creature_template_difficulty_old","StaticFlags6","int unsigned","int","NO",""
"world","creature_template_difficulty_old","StaticFlags7","int unsigned","int","NO",""
"world","creature_template_difficulty_old","StaticFlags8","int unsigned","int","NO",""
"world","creature_template_difficulty_old","VerifiedBuild","int","int","NO",""
"world","creature_template_gossip","CreatureID","int unsigned","int","NO","PRI"
"world","creature_template_gossip","MenuID","int unsigned","int","NO","PRI"
"world","creature_template_gossip","VerifiedBuild","int","int","NO",""
"world","creature_template_locale","entry","int unsigned","int","NO","PRI"
"world","creature_template_locale","locale","varchar(4)","varchar","NO","PRI"
"world","creature_template_locale","Name","mediumtext","mediumtext","YES",""
"world","creature_template_locale","NameAlt","mediumtext","mediumtext","YES",""
"world","creature_template_locale","Title","mediumtext","mediumtext","YES",""
"world","creature_template_locale","TitleAlt","mediumtext","mediumtext","YES",""
"world","creature_template_locale","VerifiedBuild","int","int","NO",""
"world","creature_template_model","CreatureID","int unsigned","int","NO","PRI"
"world","creature_template_model","Idx","int unsigned","int","NO","PRI"
"world","creature_template_model","CreatureDisplayID","int unsigned","int","NO",""
"world","creature_template_model","DisplayScale","float","float","NO",""
"world","creature_template_model","Probability","float","float","NO",""
"world","creature_template_model","VerifiedBuild","int","int","NO",""
"world","creature_template_movement","CreatureId","int unsigned","int","NO","PRI"
"world","creature_template_movement","Ground","tinyint unsigned","tinyint","YES",""
"world","creature_template_movement","Swim","tinyint unsigned","tinyint","YES",""
"world","creature_template_movement","Flight","tinyint unsigned","tinyint","YES",""
"world","creature_template_movement","Rooted","tinyint unsigned","tinyint","YES",""
"world","creature_template_movement","Chase","tinyint unsigned","tinyint","YES",""
"world","creature_template_movement","Random","tinyint unsigned","tinyint","YES",""
"world","creature_template_movement","InteractionPauseTimer","int unsigned","int","YES",""
"world","creature_template_resistance","CreatureID","int unsigned","int","NO","PRI"
"world","creature_template_resistance","School","tinyint unsigned","tinyint","NO","PRI"
"world","creature_template_resistance","Resistance","smallint","smallint","NO",""
"world","creature_template_resistance","VerifiedBuild","int","int","NO",""
"world","creature_template_sparring","Entry","int unsigned","int","NO","PRI"
"world","creature_template_sparring","NoNPCDamageBelowHealthPct","float","float","NO","PRI"
"world","creature_template_spell","CreatureID","int unsigned","int","NO","PRI"
"world","creature_template_spell","Index","tinyint unsigned","tinyint","NO","PRI"
"world","creature_template_spell","Spell","int unsigned","int","NO",""
"world","creature_template_spell","VerifiedBuild","int","int","NO",""
"world","creature_text","CreatureID","int unsigned","int","NO","PRI"
"world","creature_text","GroupID","tinyint unsigned","tinyint","NO","PRI"
"world","creature_text","ID","tinyint unsigned","tinyint","NO","PRI"
"world","creature_text","Text","mediumtext","mediumtext","NO",""
"world","creature_text","Type","tinyint unsigned","tinyint","NO",""
"world","creature_text","Language","tinyint","tinyint","NO",""
"world","creature_text","Probability","float","float","NO",""
"world","creature_text","Emote","int unsigned","int","NO",""
"world","creature_text","Duration","int unsigned","int","NO",""
"world","creature_text","Sound","int unsigned","int","NO",""
"world","creature_text","SoundPlayType","tinyint unsigned","tinyint","NO",""
"world","creature_text","BroadcastTextId","int","int","NO",""
"world","creature_text","TextRange","tinyint unsigned","tinyint","NO",""
"world","creature_text","comment","varchar(255)","varchar","YES",""
"world","creature_text_locale","CreatureID","int unsigned","int","NO","PRI"
"world","creature_text_locale","GroupID","tinyint unsigned","tinyint","NO","PRI"
"world","creature_text_locale","ID","tinyint unsigned","tinyint","NO","PRI"
"world","creature_text_locale","Locale","varchar(4)","varchar","NO","PRI"
"world","creature_text_locale","Text","mediumtext","mediumtext","YES",""
"world","creature_trainer","CreatureID","int unsigned","int","NO","PRI"
"world","creature_trainer","TrainerID","int unsigned","int","NO",""
"world","criteria_data","criteria_id","int","int","NO","PRI"
"world","criteria_data","type","tinyint unsigned","tinyint","NO","PRI"
"world","criteria_data","value1","int unsigned","int","NO",""
"world","criteria_data","value2","int unsigned","int","NO",""
"world","criteria_data","ScriptName","varchar(64)","varchar","NO",""
"world","disables","sourceType","int unsigned","int","NO","PRI"
"world","disables","entry","int unsigned","int","NO","PRI"
"world","disables","flags","smallint","smallint","NO",""
"world","disables","params_0","varchar(255)","varchar","NO",""
"world","disables","params_1","varchar(255)","varchar","NO",""
"world","disables","comment","varchar(255)","varchar","NO",""
"world","disenchant_loot_template","Entry","int unsigned","int","NO","PRI"
"world","disenchant_loot_template","Item","int unsigned","int","NO","PRI"
"world","disenchant_loot_template","Reference","int unsigned","int","NO",""
"world","disenchant_loot_template","Chance","float","float","NO",""
"world","disenchant_loot_template","QuestRequired","tinyint(1)","tinyint","NO",""
"world","disenchant_loot_template","LootMode","smallint unsigned","smallint","NO",""
"world","disenchant_loot_template","GroupId","tinyint unsigned","tinyint","NO",""
"world","disenchant_loot_template","MinCount","tinyint unsigned","tinyint","NO",""
"world","disenchant_loot_template","MaxCount","tinyint unsigned","tinyint","NO",""
"world","disenchant_loot_template","Comment","varchar(255)","varchar","YES",""
"world","event_script_names","Id","int unsigned","int","NO","PRI"
"world","event_script_names","ScriptName","varchar(64)","varchar","NO",""
"world","event_scripts","id","int unsigned","int","NO",""
"world","event_scripts","delay","int unsigned","int","NO",""
"world","event_scripts","command","int unsigned","int","NO",""
"world","event_scripts","datalong","int unsigned","int","NO",""
"world","event_scripts","datalong2","int unsigned","int","NO",""
"world","event_scripts","dataint","int","int","NO",""
"world","event_scripts","x","float","float","NO",""
"world","event_scripts","y","float","float","NO",""
"world","event_scripts","z","float","float","NO",""
"world","event_scripts","o","float","float","NO",""
"world","event_scripts","Comment","varchar(255)","varchar","NO",""
"world","exploration_basexp","level","tinyint unsigned","tinyint","NO","PRI"
"world","exploration_basexp","basexp","int","int","NO",""
"world","fishing_loot_template","Entry","int unsigned","int","NO","PRI"
"world","fishing_loot_template","Item","int unsigned","int","NO","PRI"
"world","fishing_loot_template","Reference","int unsigned","int","NO",""
"world","fishing_loot_template","Chance","float","float","NO",""
"world","fishing_loot_template","QuestRequired","tinyint(1)","tinyint","NO",""
"world","fishing_loot_template","LootMode","smallint unsigned","smallint","NO",""
"world","fishing_loot_template","GroupId","tinyint unsigned","tinyint","NO",""
"world","fishing_loot_template","MinCount","tinyint unsigned","tinyint","NO",""
"world","fishing_loot_template","MaxCount","tinyint unsigned","tinyint","NO",""
"world","fishing_loot_template","Comment","varchar(255)","varchar","YES",""
"world","game_event","eventEntry","tinyint unsigned","tinyint","NO","PRI"
"world","game_event","start_time","timestamp","timestamp","YES",""
"world","game_event","end_time","timestamp","timestamp","YES",""
"world","game_event","occurence","bigint unsigned","bigint","NO",""
"world","game_event","length","bigint unsigned","bigint","NO",""
"world","game_event","holiday","int unsigned","int","NO",""
"world","game_event","holidayStage","tinyint unsigned","tinyint","NO",""
"world","game_event","description","varchar(255)","varchar","YES",""
"world","game_event","world_event","tinyint unsigned","tinyint","NO",""
"world","game_event","announce","tinyint unsigned","tinyint","YES",""
"world","game_event_arena_seasons","eventEntry","tinyint unsigned","tinyint","NO","PRI"
"world","game_event_arena_seasons","season","tinyint unsigned","tinyint","NO","PRI"
"world","game_event_condition","eventEntry","tinyint unsigned","tinyint","NO","PRI"
"world","game_event_condition","condition_id","int unsigned","int","NO","PRI"
"world","game_event_condition","req_num","float","float","YES",""
"world","game_event_condition","max_world_state_field","smallint unsigned","smallint","NO",""
"world","game_event_condition","done_world_state_field","smallint unsigned","smallint","NO",""
"world","game_event_condition","description","varchar(25)","varchar","NO",""
"world","game_event_creature","eventEntry","tinyint","tinyint","NO","PRI"
"world","game_event_creature","guid","bigint unsigned","bigint","NO","PRI"
"world","game_event_creature_quest","eventEntry","tinyint unsigned","tinyint","NO",""
"world","game_event_creature_quest","id","int unsigned","int","NO","PRI"
"world","game_event_creature_quest","quest","int unsigned","int","NO","PRI"
"world","game_event_gameobject","eventEntry","tinyint","tinyint","NO","PRI"
"world","game_event_gameobject","guid","bigint unsigned","bigint","NO","PRI"
"world","game_event_gameobject_quest","eventEntry","tinyint unsigned","tinyint","NO","PRI"
"world","game_event_gameobject_quest","id","int unsigned","int","NO","PRI"
"world","game_event_gameobject_quest","quest","int unsigned","int","NO","PRI"
"world","game_event_model_equip","eventEntry","tinyint","tinyint","NO",""
"world","game_event_model_equip","guid","bigint unsigned","bigint","NO","PRI"
"world","game_event_model_equip","modelid","int unsigned","int","NO",""
"world","game_event_model_equip","equipment_id","tinyint unsigned","tinyint","NO",""
"world","game_event_npc_vendor","eventEntry","tinyint","tinyint","NO",""
"world","game_event_npc_vendor","guid","bigint unsigned","bigint","NO","PRI"
"world","game_event_npc_vendor","slot","smallint","smallint","NO","MUL"
"world","game_event_npc_vendor","item","int unsigned","int","NO","PRI"
"world","game_event_npc_vendor","maxcount","int unsigned","int","NO",""
"world","game_event_npc_vendor","incrtime","int unsigned","int","NO",""
"world","game_event_npc_vendor","ExtendedCost","int unsigned","int","NO","PRI"
"world","game_event_npc_vendor","type","tinyint unsigned","tinyint","NO","PRI"
"world","game_event_npc_vendor","BonusListIDs","mediumtext","mediumtext","YES",""
"world","game_event_npc_vendor","PlayerConditionID","int unsigned","int","NO",""
"world","game_event_npc_vendor","IgnoreFiltering","tinyint unsigned","tinyint","NO",""
"world","game_event_npcflag","eventEntry","tinyint unsigned","tinyint","NO","PRI"
"world","game_event_npcflag","guid","bigint unsigned","bigint","NO","PRI"
"world","game_event_npcflag","npcflag","bigint unsigned","bigint","NO",""
"world","game_event_pool","eventEntry","tinyint","tinyint","NO",""
"world","game_event_pool","pool_entry","int unsigned","int","NO","PRI"
"world","game_event_prerequisite","eventEntry","tinyint unsigned","tinyint","NO","PRI"
"world","game_event_prerequisite","prerequisite_event","int unsigned","int","NO","PRI"
"world","game_event_quest_condition","eventEntry","tinyint unsigned","tinyint","NO",""
"world","game_event_quest_condition","quest","int unsigned","int","NO","PRI"
"world","game_event_quest_condition","condition_id","int unsigned","int","NO",""
"world","game_event_quest_condition","num","float","float","YES",""
"world","game_event_seasonal_questrelation","questId","int unsigned","int","NO","PRI"
"world","game_event_seasonal_questrelation","eventEntry","int unsigned","int","NO","PRI"
"world","game_tele","id","int unsigned","int","NO","PRI"
"world","game_tele","position_x","float","float","NO",""
"world","game_tele","position_y","float","float","NO",""
"world","game_tele","position_z","float","float","NO",""
"world","game_tele","orientation","float","float","NO",""
"world","game_tele","map","smallint unsigned","smallint","NO",""
"world","game_tele","name","varchar(100)","varchar","NO",""
"world","game_weather","zone","int unsigned","int","NO","PRI"
"world","game_weather","spring_rain_chance","tinyint unsigned","tinyint","NO",""
"world","game_weather","spring_snow_chance","tinyint unsigned","tinyint","NO",""
"world","game_weather","spring_storm_chance","tinyint unsigned","tinyint","NO",""
"world","game_weather","summer_rain_chance","tinyint unsigned","tinyint","NO",""
"world","game_weather","summer_snow_chance","tinyint unsigned","tinyint","NO",""
"world","game_weather","summer_storm_chance","tinyint unsigned","tinyint","NO",""
"world","game_weather","fall_rain_chance","tinyint unsigned","tinyint","NO",""
"world","game_weather","fall_snow_chance","tinyint unsigned","tinyint","NO",""
"world","game_weather","fall_storm_chance","tinyint unsigned","tinyint","NO",""
"world","game_weather","winter_rain_chance","tinyint unsigned","tinyint","NO",""
"world","game_weather","winter_snow_chance","tinyint unsigned","tinyint","NO",""
"world","game_weather","winter_storm_chance","tinyint unsigned","tinyint","NO",""
"world","game_weather","ScriptName","varchar(64)","varchar","NO",""
"world","gameobject","guid","bigint unsigned","bigint","NO","PRI"
"world","gameobject","id","int unsigned","int","NO",""
"world","gameobject","map","smallint unsigned","smallint","NO",""
"world","gameobject","zoneId","smallint unsigned","smallint","NO",""
"world","gameobject","areaId","smallint unsigned","smallint","NO",""
"world","gameobject","spawnDifficulties","varchar(100)","varchar","NO",""
"world","gameobject","phaseUseFlags","tinyint unsigned","tinyint","NO",""
"world","gameobject","PhaseId","int","int","YES",""
"world","gameobject","PhaseGroup","int","int","YES",""
"world","gameobject","terrainSwapMap","int","int","NO",""
"world","gameobject","position_x","float","float","NO",""
"world","gameobject","position_y","float","float","NO",""
"world","gameobject","position_z","float","float","NO",""
"world","gameobject","orientation","float","float","NO",""
"world","gameobject","rotation0","float","float","NO",""
"world","gameobject","rotation1","float","float","NO",""
"world","gameobject","rotation2","float","float","NO",""
"world","gameobject","rotation3","float","float","NO",""
"world","gameobject","spawntimesecs","int","int","NO",""
"world","gameobject","animprogress","tinyint unsigned","tinyint","NO",""
"world","gameobject","state","tinyint unsigned","tinyint","NO",""
"world","gameobject","ScriptName","varchar(64)","varchar","NO",""
"world","gameobject","StringId","varchar(64)","varchar","YES",""
"world","gameobject","VerifiedBuild","int","int","NO",""
"world","gameobject_addon","guid","bigint unsigned","bigint","NO","PRI"
"world","gameobject_addon","parent_rotation0","float","float","NO",""
"world","gameobject_addon","parent_rotation1","float","float","NO",""
"world","gameobject_addon","parent_rotation2","float","float","NO",""
"world","gameobject_addon","parent_rotation3","float","float","NO",""
"world","gameobject_addon","invisibilityType","tinyint unsigned","tinyint","NO",""
"world","gameobject_addon","invisibilityValue","int unsigned","int","NO",""
"world","gameobject_addon","WorldEffectID","int unsigned","int","NO",""
"world","gameobject_addon","AIAnimKitID","int unsigned","int","NO",""
"world","gameobject_addon","size","float unsigned","float","YES",""
"world","gameobject_loot_template","Entry","int unsigned","int","NO","PRI"
"world","gameobject_loot_template","Item","int unsigned","int","NO","PRI"
"world","gameobject_loot_template","Reference","int unsigned","int","NO",""
"world","gameobject_loot_template","Chance","float","float","NO",""
"world","gameobject_loot_template","QuestRequired","tinyint(1)","tinyint","NO",""
"world","gameobject_loot_template","LootMode","smallint unsigned","smallint","NO",""
"world","gameobject_loot_template","GroupId","tinyint unsigned","tinyint","NO",""
"world","gameobject_loot_template","MinCount","tinyint unsigned","tinyint","NO",""
"world","gameobject_loot_template","MaxCount","tinyint unsigned","tinyint","NO",""
"world","gameobject_loot_template","Comment","varchar(255)","varchar","YES",""
"world","gameobject_overrides","spawnId","bigint unsigned","bigint","NO","PRI"
"world","gameobject_overrides","faction","smallint unsigned","smallint","NO",""
"world","gameobject_overrides","flags","int unsigned","int","NO",""
"world","gameobject_questender","id","int unsigned","int","NO","PRI"
"world","gameobject_questender","quest","int unsigned","int","NO","PRI"
"world","gameobject_questender","VerifiedBuild","int unsigned","int","NO",""
"world","gameobject_questitem","GameObjectEntry","int unsigned","int","NO","PRI"
"world","gameobject_questitem","Idx","int unsigned","int","NO","PRI"
"world","gameobject_questitem","ItemId","int unsigned","int","NO",""
"world","gameobject_questitem","VerifiedBuild","int","int","NO",""
"world","gameobject_queststarter","id","int unsigned","int","NO","PRI"
"world","gameobject_queststarter","quest","int unsigned","int","NO","PRI"
"world","gameobject_queststarter","VerifiedBuild","int unsigned","int","NO",""
"world","gameobject_template","entry","int unsigned","int","NO","PRI"
"world","gameobject_template","type","tinyint unsigned","tinyint","NO",""
"world","gameobject_template","displayId","int unsigned","int","NO",""
"world","gameobject_template","name","varchar(100)","varchar","NO","MUL"
"world","gameobject_template","IconName","varchar(100)","varchar","NO",""
"world","gameobject_template","castBarCaption","varchar(100)","varchar","NO",""
"world","gameobject_template","unk1","varchar(100)","varchar","NO",""
"world","gameobject_template","size","float","float","NO",""
"world","gameobject_template","Data0","int","int","NO",""
"world","gameobject_template","Data1","int","int","NO",""
"world","gameobject_template","Data2","int","int","NO",""
"world","gameobject_template","Data3","int","int","NO",""
"world","gameobject_template","Data4","int","int","NO",""
"world","gameobject_template","Data5","int","int","NO",""
"world","gameobject_template","Data6","int","int","NO",""
"world","gameobject_template","Data7","int","int","NO",""
"world","gameobject_template","Data8","int","int","NO",""
"world","gameobject_template","Data9","int","int","NO",""
"world","gameobject_template","Data10","int","int","NO",""
"world","gameobject_template","Data11","int","int","NO",""
"world","gameobject_template","Data12","int","int","NO",""
"world","gameobject_template","Data13","int","int","NO",""
"world","gameobject_template","Data14","int","int","NO",""
"world","gameobject_template","Data15","int","int","NO",""
"world","gameobject_template","Data16","int","int","NO",""
"world","gameobject_template","Data17","int","int","NO",""
"world","gameobject_template","Data18","int","int","NO",""
"world","gameobject_template","Data19","int","int","NO",""
"world","gameobject_template","Data20","int","int","NO",""
"world","gameobject_template","Data21","int","int","NO",""
"world","gameobject_template","Data22","int","int","NO",""
"world","gameobject_template","Data23","int","int","NO",""
"world","gameobject_template","Data24","int","int","NO",""
"world","gameobject_template","Data25","int","int","NO",""
"world","gameobject_template","Data26","int","int","NO",""
"world","gameobject_template","Data27","int","int","NO",""
"world","gameobject_template","Data28","int","int","NO",""
"world","gameobject_template","Data29","int","int","NO",""
"world","gameobject_template","Data30","int","int","NO",""
"world","gameobject_template","Data31","int","int","NO",""
"world","gameobject_template","Data32","int","int","NO",""
"world","gameobject_template","Data33","int","int","NO",""
"world","gameobject_template","Data34","int","int","NO",""
"world","gameobject_template","ContentTuningId","int","int","NO",""
"world","gameobject_template","AIName","varchar(64)","varchar","NO",""
"world","gameobject_template","ScriptName","varchar(64)","varchar","NO",""
"world","gameobject_template","StringId","varchar(64)","varchar","YES",""
"world","gameobject_template","VerifiedBuild","int","int","NO",""
"world","gameobject_template_addon","entry","int unsigned","int","NO","PRI"
"world","gameobject_template_addon","faction","smallint unsigned","smallint","NO",""
"world","gameobject_template_addon","flags","int unsigned","int","NO",""
"world","gameobject_template_addon","mingold","int unsigned","int","NO",""
"world","gameobject_template_addon","maxgold","int unsigned","int","NO",""
"world","gameobject_template_addon","artkit0","int","int","NO",""
"world","gameobject_template_addon","artkit1","int","int","NO",""
"world","gameobject_template_addon","artkit2","int","int","NO",""
"world","gameobject_template_addon","artkit3","int","int","NO",""
"world","gameobject_template_addon","artkit4","int","int","NO",""
"world","gameobject_template_addon","WorldEffectID","int unsigned","int","NO",""
"world","gameobject_template_addon","AIAnimKitID","int unsigned","int","NO",""
"world","gameobject_template_locale","entry","int unsigned","int","NO","PRI"
"world","gameobject_template_locale","locale","varchar(4)","varchar","NO","PRI"
"world","gameobject_template_locale","name","mediumtext","mediumtext","YES",""
"world","gameobject_template_locale","castBarCaption","mediumtext","mediumtext","YES",""
"world","gameobject_template_locale","unk1","mediumtext","mediumtext","YES",""
"world","gameobject_template_locale","VerifiedBuild","int","int","NO",""
"world","gossip_menu","MenuID","int unsigned","int","NO","PRI"
"world","gossip_menu","TextID","int unsigned","int","NO","PRI"
"world","gossip_menu","VerifiedBuild","int","int","NO",""
"world","gossip_menu_addon","MenuID","int unsigned","int","NO","PRI"
"world","gossip_menu_addon","FriendshipFactionID","int","int","NO",""
"world","gossip_menu_addon","VerifiedBuild","int","int","NO",""
"world","gossip_menu_option","MenuID","int unsigned","int","NO","PRI"
"world","gossip_menu_option","GossipOptionID","int","int","NO",""
"world","gossip_menu_option","OptionID","int unsigned","int","NO","PRI"
"world","gossip_menu_option","OptionNpc","tinyint unsigned","tinyint","NO",""
"world","gossip_menu_option","OptionText","mediumtext","mediumtext","YES",""
"world","gossip_menu_option","OptionBroadcastTextID","int unsigned","int","NO",""
"world","gossip_menu_option","OptionType","tinyint unsigned","tinyint","NO",""
"world","gossip_menu_option","OptionNpcFlag","int unsigned","int","NO",""
"world","gossip_menu_option","Language","int unsigned","int","NO",""
"world","gossip_menu_option","Flags","int","int","NO",""
"world","gossip_menu_option","ActionMenuID","int unsigned","int","NO",""
"world","gossip_menu_option","ActionPoiID","int unsigned","int","NO",""
"world","gossip_menu_option","GossipNpcOptionID","int","int","YES",""
"world","gossip_menu_option","BoxCoded","tinyint unsigned","tinyint","NO",""
"world","gossip_menu_option","BoxMoney","int unsigned","int","NO",""
"world","gossip_menu_option","BoxText","mediumtext","mediumtext","YES",""
"world","gossip_menu_option","BoxBroadcastTextID","int unsigned","int","NO",""
"world","gossip_menu_option","SpellID","int","int","YES",""
"world","gossip_menu_option","OverrideIconID","int","int","YES",""
"world","gossip_menu_option","VerifiedBuild","int","int","NO",""
"world","gossip_menu_option_locale","MenuID","int unsigned","int","NO","PRI"
"world","gossip_menu_option_locale","OptionID","int unsigned","int","NO","PRI"
"world","gossip_menu_option_locale","Locale","varchar(4)","varchar","NO","PRI"
"world","gossip_menu_option_locale","OptionText","mediumtext","mediumtext","YES",""
"world","gossip_menu_option_locale","BoxText","mediumtext","mediumtext","YES",""
"world","graveyard_zone","ID","int unsigned","int","NO","PRI"
"world","graveyard_zone","GhostZone","int unsigned","int","NO","PRI"
"world","graveyard_zone","Faction","int unsigned","int","NO",""
"world","graveyard_zone","Comment","mediumtext","mediumtext","YES",""
"world","guild_rewards","ItemID","int unsigned","int","NO","PRI"
"world","guild_rewards","MinGuildRep","tinyint unsigned","tinyint","YES",""
"world","guild_rewards","RaceMask","bigint unsigned","bigint","YES",""
"world","guild_rewards","Cost","bigint unsigned","bigint","YES",""
"world","guild_rewards_req_achievements","ItemID","int unsigned","int","NO","PRI"
"world","guild_rewards_req_achievements","AchievementRequired","int unsigned","int","NO","PRI"
"world","instance_spawn_groups","instanceMapId","smallint unsigned","smallint","NO","PRI"
"world","instance_spawn_groups","bossStateId","tinyint unsigned","tinyint","NO","PRI"
"world","instance_spawn_groups","bossStates","tinyint unsigned","tinyint","NO","PRI"
"world","instance_spawn_groups","spawnGroupId","int unsigned","int","NO","PRI"
"world","instance_spawn_groups","flags","tinyint unsigned","tinyint","NO",""
"world","instance_template","map","smallint unsigned","smallint","NO","PRI"
"world","instance_template","parent","smallint unsigned","smallint","NO",""
"world","instance_template","script","varchar(128)","varchar","NO",""
"world","instance_template","allowMount","tinyint unsigned","tinyint","NO",""
"world","item_loot_template","Entry","int unsigned","int","NO","PRI"
"world","item_loot_template","Item","int unsigned","int","NO","PRI"
"world","item_loot_template","Reference","int unsigned","int","NO",""
"world","item_loot_template","Chance","float","float","NO",""
"world","item_loot_template","QuestRequired","tinyint(1)","tinyint","NO",""
"world","item_loot_template","LootMode","smallint unsigned","smallint","NO",""
"world","item_loot_template","GroupId","tinyint unsigned","tinyint","NO",""
"world","item_loot_template","MinCount","tinyint unsigned","tinyint","NO",""
"world","item_loot_template","MaxCount","tinyint unsigned","tinyint","NO",""
"world","item_loot_template","Comment","varchar(255)","varchar","YES",""
"world","item_random_bonus_list_template","Id","int unsigned","int","NO","PRI"
"world","item_random_bonus_list_template","BonusListID","int unsigned","int","NO","PRI"
"world","item_random_bonus_list_template","Chance","float","float","NO",""
"world","item_random_enchantment_template","Id","int unsigned","int","NO","PRI"
"world","item_random_enchantment_template","EnchantmentId","int unsigned","int","NO","PRI"
"world","item_random_enchantment_template","Chance","float unsigned","float","NO",""
"world","item_script_names","Id","int unsigned","int","NO","PRI"
"world","item_script_names","ScriptName","varchar(64)","varchar","NO",""
"world","item_template_addon","Id","int unsigned","int","NO","PRI"
"world","item_template_addon","FlagsCu","int unsigned","int","NO",""
"world","item_template_addon","FoodType","tinyint unsigned","tinyint","NO",""
"world","item_template_addon","MinMoneyLoot","int unsigned","int","NO",""
"world","item_template_addon","MaxMoneyLoot","int unsigned","int","NO",""
"world","item_template_addon","SpellPPMChance","float","float","NO",""
"world","jump_charge_params","id","int","int","NO","PRI"
"world","jump_charge_params","speed","float","float","NO",""
"world","jump_charge_params","treatSpeedAsMoveTimeSeconds","tinyint(1)","tinyint","NO",""
"world","jump_charge_params","jumpGravity","float","float","NO",""
"world","jump_charge_params","spellVisualId","int","int","YES",""
"world","jump_charge_params","progressCurveId","int","int","YES",""
"world","jump_charge_params","parabolicCurveId","int","int","YES",""
"world","lfg_dungeon_rewards","dungeonId","int unsigned","int","NO","PRI"
"world","lfg_dungeon_rewards","maxLevel","tinyint unsigned","tinyint","NO","PRI"
"world","lfg_dungeon_rewards","firstQuestId","int unsigned","int","NO",""
"world","lfg_dungeon_rewards","otherQuestId","int unsigned","int","NO",""
"world","lfg_dungeon_template","dungeonId","int unsigned","int","NO","PRI"
"world","lfg_dungeon_template","name","varchar(255)","varchar","YES",""
"world","lfg_dungeon_template","position_x","float","float","NO",""
"world","lfg_dungeon_template","position_y","float","float","NO",""
"world","lfg_dungeon_template","position_z","float","float","NO",""
"world","lfg_dungeon_template","orientation","float","float","NO",""
"world","lfg_dungeon_template","requiredItemLevel","smallint","smallint","NO",""
"world","lfg_dungeon_template","VerifiedBuild","int","int","NO",""
"world","linked_respawn","guid","bigint unsigned","bigint","NO","PRI"
"world","linked_respawn","linkedGuid","bigint unsigned","bigint","NO",""
"world","linked_respawn","linkType","tinyint unsigned","tinyint","NO","PRI"
"world","mail_level_reward","level","tinyint unsigned","tinyint","NO","PRI"
"world","mail_level_reward","raceMask","bigint unsigned","bigint","NO","PRI"
"world","mail_level_reward","mailTemplateId","int unsigned","int","NO",""
"world","mail_level_reward","senderEntry","int unsigned","int","NO",""
"world","mail_loot_template","Entry","int unsigned","int","NO","PRI"
"world","mail_loot_template","Item","int unsigned","int","NO","PRI"
"world","mail_loot_template","Reference","int unsigned","int","NO",""
"world","mail_loot_template","Chance","float","float","NO",""
"world","mail_loot_template","QuestRequired","tinyint(1)","tinyint","NO",""
"world","mail_loot_template","LootMode","smallint unsigned","smallint","NO",""
"world","mail_loot_template","GroupId","tinyint unsigned","tinyint","NO",""
"world","mail_loot_template","MinCount","tinyint unsigned","tinyint","NO",""
"world","mail_loot_template","MaxCount","tinyint unsigned","tinyint","NO",""
"world","mail_loot_template","Comment","varchar(255)","varchar","YES",""
"world","map_corpse_position","MapId","int unsigned","int","NO","PRI"
"world","map_corpse_position","CorpseX","float","float","NO",""
"world","map_corpse_position","CorpseY","float","float","NO",""
"world","milling_loot_template","Entry","int unsigned","int","NO","PRI"
"world","milling_loot_template","Item","int unsigned","int","NO","PRI"
"world","milling_loot_template","Reference","int unsigned","int","NO",""
"world","milling_loot_template","Chance","float","float","NO",""
"world","milling_loot_template","QuestRequired","tinyint(1)","tinyint","NO",""
"world","milling_loot_template","LootMode","smallint unsigned","smallint","NO",""
"world","milling_loot_template","GroupId","tinyint unsigned","tinyint","NO",""
"world","milling_loot_template","MinCount","tinyint unsigned","tinyint","NO",""
"world","milling_loot_template","MaxCount","tinyint unsigned","tinyint","NO",""
"world","milling_loot_template","Comment","varchar(255)","varchar","YES",""
"world","mount_definitions","spellId","int unsigned","int","NO","PRI"
"world","mount_definitions","otherFactionSpellId","int unsigned","int","NO",""
"world","npc_spellclick_spells","npc_entry","int unsigned","int","NO","PRI"
"world","npc_spellclick_spells","spell_id","int unsigned","int","NO","PRI"
"world","npc_spellclick_spells","cast_flags","tinyint unsigned","tinyint","NO",""
"world","npc_spellclick_spells","user_type","smallint unsigned","smallint","NO",""
"world","npc_text","ID","int unsigned","int","NO","PRI"
"world","npc_text","Probability0","float","float","NO",""
"world","npc_text","Probability1","float","float","NO",""
"world","npc_text","Probability2","float","float","NO",""
"world","npc_text","Probability3","float","float","NO",""
"world","npc_text","Probability4","float","float","NO",""
"world","npc_text","Probability5","float","float","NO",""
"world","npc_text","Probability6","float","float","NO",""
"world","npc_text","Probability7","float","float","NO",""
"world","npc_text","BroadcastTextID0","int unsigned","int","NO",""
"world","npc_text","BroadcastTextID1","int unsigned","int","NO",""
"world","npc_text","BroadcastTextID2","int unsigned","int","NO",""
"world","npc_text","BroadcastTextID3","int unsigned","int","NO",""
"world","npc_text","BroadcastTextID4","int unsigned","int","NO",""
"world","npc_text","BroadcastTextID5","int unsigned","int","NO",""
"world","npc_text","BroadcastTextID6","int unsigned","int","NO",""
"world","npc_text","BroadcastTextID7","int unsigned","int","NO",""
"world","npc_text","VerifiedBuild","int","int","NO",""
"world","npc_vendor","entry","int unsigned","int","NO","PRI"
"world","npc_vendor","slot","smallint","smallint","NO","MUL"
"world","npc_vendor","item","int","int","NO","PRI"
"world","npc_vendor","maxcount","int unsigned","int","NO",""
"world","npc_vendor","incrtime","int unsigned","int","NO",""
"world","npc_vendor","ExtendedCost","int unsigned","int","NO","PRI"
"world","npc_vendor","type","tinyint unsigned","tinyint","NO","PRI"
"world","npc_vendor","BonusListIDs","mediumtext","mediumtext","YES",""
"world","npc_vendor","PlayerConditionID","int unsigned","int","NO",""
"world","npc_vendor","IgnoreFiltering","tinyint unsigned","tinyint","NO",""
"world","npc_vendor","VerifiedBuild","int","int","NO",""
"world","outdoorpvp_template","TypeId","tinyint unsigned","tinyint","NO","PRI"
"world","outdoorpvp_template","ScriptName","varchar(64)","varchar","NO",""
"world","outdoorpvp_template","comment","mediumtext","mediumtext","YES",""
"world","page_text","ID","int unsigned","int","NO","PRI"
"world","page_text","Text","mediumtext","mediumtext","NO",""
"world","page_text","NextPageID","int unsigned","int","NO",""
"world","page_text","PlayerConditionID","int","int","NO",""
"world","page_text","Flags","tinyint unsigned","tinyint","NO",""
"world","page_text","VerifiedBuild","int","int","NO",""
"world","page_text_locale","ID","int unsigned","int","NO","PRI"
"world","page_text_locale","locale","varchar(4)","varchar","NO","PRI"
"world","page_text_locale","Text","mediumtext","mediumtext","YES",""
"world","page_text_locale","VerifiedBuild","int","int","NO",""
"world","pet_levelstats","creature_entry","int unsigned","int","NO","PRI"
"world","pet_levelstats","level","tinyint unsigned","tinyint","NO","PRI"
"world","pet_levelstats","hp","smallint unsigned","smallint","NO",""
"world","pet_levelstats","mana","smallint unsigned","smallint","NO",""
"world","pet_levelstats","armor","int unsigned","int","NO",""
"world","pet_levelstats","str","smallint unsigned","smallint","NO",""
"world","pet_levelstats","agi","smallint unsigned","smallint","NO",""
"world","pet_levelstats","sta","smallint unsigned","smallint","NO",""
"world","pet_levelstats","inte","smallint unsigned","smallint","NO",""
"world","pet_levelstats","spi","smallint unsigned","smallint","NO",""
"world","pet_levelstats","min_dmg","smallint unsigned","smallint","NO",""
"world","pet_levelstats","max_dmg","smallint unsigned","smallint","NO",""
"world","pet_name_generation","id","int unsigned","int","NO","PRI"
"world","pet_name_generation","word","text","text","NO",""
"world","pet_name_generation","entry","int unsigned","int","NO",""
"world","pet_name_generation","half","tinyint unsigned","tinyint","NO",""
"world","phase_area","AreaId","int unsigned","int","NO","PRI"
"world","phase_area","PhaseId","int unsigned","int","NO","PRI"
"world","phase_area","Comment","varchar(255)","varchar","YES",""
"world","phase_name","ID","int unsigned","int","NO","PRI"
"world","phase_name","Name","mediumtext","mediumtext","YES",""
"world","pickpocketing_loot_template","Entry","int unsigned","int","NO","PRI"
"world","pickpocketing_loot_template","Item","int unsigned","int","NO","PRI"
"world","pickpocketing_loot_template","Reference","int unsigned","int","NO",""
"world","pickpocketing_loot_template","Chance","float","float","NO",""
"world","pickpocketing_loot_template","QuestRequired","tinyint(1)","tinyint","NO",""
"world","pickpocketing_loot_template","LootMode","smallint unsigned","smallint","NO",""
"world","pickpocketing_loot_template","GroupId","tinyint unsigned","tinyint","NO",""
"world","pickpocketing_loot_template","MinCount","tinyint unsigned","tinyint","NO",""
"world","pickpocketing_loot_template","MaxCount","tinyint unsigned","tinyint","NO",""
"world","pickpocketing_loot_template","Comment","varchar(255)","varchar","YES",""
"world","player_classlevelstats","class","tinyint unsigned","tinyint","NO","PRI"
"world","player_classlevelstats","level","tinyint unsigned","tinyint","NO","PRI"
"world","player_classlevelstats","basehp","smallint unsigned","smallint","NO",""
"world","player_classlevelstats","basemana","smallint unsigned","smallint","NO",""
"world","player_factionchange_achievement","alliance_id","int unsigned","int","NO","PRI"
"world","player_factionchange_achievement","horde_id","int unsigned","int","NO","PRI"
"world","player_factionchange_quests","alliance_id","int unsigned","int","NO","PRI"
"world","player_factionchange_quests","horde_id","int unsigned","int","NO","PRI"
"world","player_factionchange_reputations","alliance_id","int unsigned","int","NO","PRI"
"world","player_factionchange_reputations","horde_id","int unsigned","int","NO","PRI"
"world","player_factionchange_spells","alliance_id","int unsigned","int","NO","PRI"
"world","player_factionchange_spells","horde_id","int unsigned","int","NO","PRI"
"world","player_factionchange_titles","alliance_id","int","int","NO","PRI"
"world","player_factionchange_titles","horde_id","int","int","NO","PRI"
"world","player_levelstats","race","tinyint unsigned","tinyint","NO","PRI"
"world","player_levelstats","class","tinyint unsigned","tinyint","NO","PRI"
"world","player_levelstats","level","tinyint unsigned","tinyint","NO","PRI"
"world","player_levelstats","str","tinyint unsigned","tinyint","NO",""
"world","player_levelstats","agi","tinyint unsigned","tinyint","NO",""
"world","player_levelstats","sta","tinyint unsigned","tinyint","NO",""
"world","player_levelstats","inte","tinyint unsigned","tinyint","NO",""
"world","player_levelstats","spi","tinyint unsigned","tinyint","NO",""
"world","player_totem_model","TotemSlot","tinyint unsigned","tinyint","NO","PRI"
"world","player_totem_model","RaceId","tinyint unsigned","tinyint","NO","PRI"
"world","player_totem_model","DisplayId","int unsigned","int","NO",""
"world","player_xp_for_level","Level","tinyint unsigned","tinyint","NO","PRI"
"world","player_xp_for_level","Experience","int unsigned","int","NO",""
"world","playerchoice","ChoiceId","int","int","NO","PRI"
"world","playerchoice","UiTextureKitId","int","int","NO",""
"world","playerchoice","SoundKitId","int unsigned","int","NO",""
"world","playerchoice","CloseSoundKitId","int unsigned","int","NO",""
"world","playerchoice","Duration","bigint","bigint","NO",""
"world","playerchoice","PendingChoiceText","varchar(255)","varchar","NO",""
"world","playerchoice","Question","varchar(255)","varchar","YES",""
"world","playerchoice","HideWarboardHeader","tinyint(1)","tinyint","NO",""
"world","playerchoice","KeepOpenAfterChoice","tinyint unsigned","tinyint","NO",""
"world","playerchoice","VerifiedBuild","int","int","NO",""
"world","playerchoice_locale","ChoiceId","int","int","NO","PRI"
"world","playerchoice_locale","locale","varchar(4)","varchar","NO","PRI"
"world","playerchoice_locale","Question","varchar(255)","varchar","YES",""
"world","playerchoice_locale","VerifiedBuild","int","int","NO",""
"world","playerchoice_response","ChoiceId","int","int","NO","PRI"
"world","playerchoice_response","ResponseId","int","int","NO","PRI"
"world","playerchoice_response","ResponseIdentifier","smallint unsigned","smallint","NO",""
"world","playerchoice_response","Index","int unsigned","int","NO",""
"world","playerchoice_response","ChoiceArtFileId","int","int","NO",""
"world","playerchoice_response","Flags","int","int","NO",""
"world","playerchoice_response","WidgetSetID","int unsigned","int","NO",""
"world","playerchoice_response","UiTextureAtlasElementID","int unsigned","int","NO",""
"world","playerchoice_response","SoundKitID","int unsigned","int","NO",""
"world","playerchoice_response","GroupID","tinyint unsigned","tinyint","NO",""
"world","playerchoice_response","UiTextureKitID","int","int","NO",""
"world","playerchoice_response","Header","varchar(511)","varchar","NO",""
"world","playerchoice_response","SubHeader","varchar(100)","varchar","NO",""
"world","playerchoice_response","ButtonTooltip","varchar(400)","varchar","NO",""
"world","playerchoice_response","Answer","varchar(511)","varchar","NO",""
"world","playerchoice_response","Description","varchar(2047)","varchar","NO",""
"world","playerchoice_response","Confirmation","varchar(127)","varchar","NO",""
"world","playerchoice_response","RewardQuestID","int unsigned","int","YES",""
"world","playerchoice_response","VerifiedBuild","int","int","NO",""
"world","playerchoice_response_locale","ChoiceId","int","int","NO","PRI"
"world","playerchoice_response_locale","ResponseId","int","int","NO","PRI"
"world","playerchoice_response_locale","locale","varchar(4)","varchar","NO","PRI"
"world","playerchoice_response_locale","Header","varchar(511)","varchar","NO",""
"world","playerchoice_response_locale","SubHeader","varchar(100)","varchar","NO",""
"world","playerchoice_response_locale","ButtonTooltip","varchar(400)","varchar","NO",""
"world","playerchoice_response_locale","Answer","varchar(511)","varchar","NO",""
"world","playerchoice_response_locale","Description","varchar(2047)","varchar","NO",""
"world","playerchoice_response_locale","Confirmation","varchar(127)","varchar","NO",""
"world","playerchoice_response_locale","VerifiedBuild","int","int","NO",""
"world","playerchoice_response_maw_power","ChoiceId","int","int","NO","PRI"
"world","playerchoice_response_maw_power","ResponseId","int","int","NO","PRI"
"world","playerchoice_response_maw_power","TypeArtFileID","int","int","YES",""
"world","playerchoice_response_maw_power","Rarity","int","int","YES",""
"world","playerchoice_response_maw_power","RarityColor","int unsigned","int","YES",""
"world","playerchoice_response_maw_power","SpellID","int","int","YES",""
"world","playerchoice_response_maw_power","MaxStacks","int","int","YES",""
"world","playerchoice_response_maw_power","VerifiedBuild","int","int","NO",""
"world","playerchoice_response_reward","ChoiceId","int","int","NO","PRI"
"world","playerchoice_response_reward","ResponseId","int","int","NO","PRI"
"world","playerchoice_response_reward","TitleId","int","int","NO",""
"world","playerchoice_response_reward","PackageId","int","int","NO",""
"world","playerchoice_response_reward","SkillLineId","int unsigned","int","NO",""
"world","playerchoice_response_reward","SkillPointCount","int unsigned","int","NO",""
"world","playerchoice_response_reward","ArenaPointCount","int unsigned","int","NO",""
"world","playerchoice_response_reward","HonorPointCount","int unsigned","int","NO",""
"world","playerchoice_response_reward","Money","bigint unsigned","bigint","NO",""
"world","playerchoice_response_reward","Xp","int unsigned","int","NO",""
"world","playerchoice_response_reward","VerifiedBuild","int","int","NO",""
"world","playerchoice_response_reward_currency","ChoiceId","int","int","NO","PRI"
"world","playerchoice_response_reward_currency","ResponseId","int","int","NO","PRI"
"world","playerchoice_response_reward_currency","Index","int unsigned","int","NO",""
"world","playerchoice_response_reward_currency","CurrencyId","int unsigned","int","NO",""
"world","playerchoice_response_reward_currency","Quantity","int","int","NO",""
"world","playerchoice_response_reward_currency","VerifiedBuild","int","int","NO",""
"world","playerchoice_response_reward_faction","ChoiceId","int","int","NO","PRI"
"world","playerchoice_response_reward_faction","ResponseId","int","int","NO","PRI"
"world","playerchoice_response_reward_faction","Index","int unsigned","int","NO",""
"world","playerchoice_response_reward_faction","FactionId","int unsigned","int","NO",""
"world","playerchoice_response_reward_faction","Quantity","int","int","NO",""
"world","playerchoice_response_reward_faction","VerifiedBuild","int","int","NO",""
"world","playerchoice_response_reward_item","ChoiceId","int","int","NO","PRI"
"world","playerchoice_response_reward_item","ResponseId","int","int","NO","PRI"
"world","playerchoice_response_reward_item","Index","int unsigned","int","NO",""
"world","playerchoice_response_reward_item","ItemId","int unsigned","int","NO",""
"world","playerchoice_response_reward_item","BonusListIDs","mediumtext","mediumtext","YES",""
"world","playerchoice_response_reward_item","Quantity","int","int","NO",""
"world","playerchoice_response_reward_item","VerifiedBuild","int","int","NO",""
"world","playerchoice_response_reward_item_choice","ChoiceId","int","int","NO","PRI"
"world","playerchoice_response_reward_item_choice","ResponseId","int","int","NO","PRI"
"world","playerchoice_response_reward_item_choice","Index","int unsigned","int","NO",""
"world","playerchoice_response_reward_item_choice","ItemId","int unsigned","int","NO",""
"world","playerchoice_response_reward_item_choice","BonusListIDs","mediumtext","mediumtext","YES",""
"world","playerchoice_response_reward_item_choice","Quantity","int","int","NO",""
"world","playerchoice_response_reward_item_choice","VerifiedBuild","int","int","NO",""
"world","playercreateinfo","race","tinyint unsigned","tinyint","NO","PRI"
"world","playercreateinfo","class","tinyint unsigned","tinyint","NO","PRI"
"world","playercreateinfo","map","smallint unsigned","smallint","NO",""
"world","playercreateinfo","position_x","float","float","NO",""
"world","playercreateinfo","position_y","float","float","NO",""
"world","playercreateinfo","position_z","float","float","NO",""
"world","playercreateinfo","orientation","float","float","NO",""
"world","playercreateinfo","npe_map","int unsigned","int","YES",""
"world","playercreateinfo","npe_position_x","float","float","YES",""
"world","playercreateinfo","npe_position_y","float","float","YES",""
"world","playercreateinfo","npe_position_z","float","float","YES",""
"world","playercreateinfo","npe_orientation","float","float","YES",""
"world","playercreateinfo","npe_transport_guid","bigint unsigned","bigint","YES",""
"world","playercreateinfo","intro_movie_id","int unsigned","int","YES",""
"world","playercreateinfo","intro_scene_id","int unsigned","int","YES",""
"world","playercreateinfo","npe_intro_scene_id","int unsigned","int","YES",""
"world","playercreateinfo_action","race","tinyint unsigned","tinyint","NO","PRI"
"world","playercreateinfo_action","class","tinyint unsigned","tinyint","NO","PRI"
"world","playercreateinfo_action","button","smallint unsigned","smallint","NO","PRI"
"world","playercreateinfo_action","action","int unsigned","int","NO",""
"world","playercreateinfo_action","type","smallint unsigned","smallint","NO",""
"world","playercreateinfo_cast_spell","raceMask","bigint unsigned","bigint","NO","PRI"
"world","playercreateinfo_cast_spell","classMask","int unsigned","int","NO","PRI"
"world","playercreateinfo_cast_spell","createMode","tinyint","tinyint","NO","PRI"
"world","playercreateinfo_cast_spell","spell","int unsigned","int","NO","PRI"
"world","playercreateinfo_cast_spell","note","varchar(255)","varchar","YES",""
"world","playercreateinfo_item","race","tinyint unsigned","tinyint","NO","PRI"
"world","playercreateinfo_item","class","tinyint unsigned","tinyint","NO","PRI"
"world","playercreateinfo_item","itemid","int unsigned","int","NO","PRI"
"world","playercreateinfo_item","amount","tinyint","tinyint","NO",""
"world","playercreateinfo_skills","raceMask","int unsigned","int","NO","PRI"
"world","playercreateinfo_skills","classMask","int unsigned","int","NO","PRI"
"world","playercreateinfo_skills","skill","smallint unsigned","smallint","NO","PRI"
"world","playercreateinfo_skills","rank","smallint unsigned","smallint","NO",""
"world","playercreateinfo_skills","comment","varchar(255)","varchar","YES",""
"world","playercreateinfo_spell_custom","racemask","int unsigned","int","NO","PRI"
"world","playercreateinfo_spell_custom","classmask","int unsigned","int","NO","PRI"
"world","playercreateinfo_spell_custom","Spell","int unsigned","int","NO","PRI"
"world","playercreateinfo_spell_custom","Note","varchar(255)","varchar","YES",""
"world","points_of_interest","ID","int unsigned","int","NO","PRI"
"world","points_of_interest","PositionX","float","float","NO",""
"world","points_of_interest","PositionY","float","float","NO",""
"world","points_of_interest","PositionZ","float","float","NO",""
"world","points_of_interest","Icon","int unsigned","int","NO",""
"world","points_of_interest","Flags","int unsigned","int","NO",""
"world","points_of_interest","Importance","int unsigned","int","NO",""
"world","points_of_interest","Name","mediumtext","mediumtext","YES",""
"world","points_of_interest","WMOGroupID","int","int","NO",""
"world","points_of_interest","VerifiedBuild","int","int","NO",""
"world","points_of_interest_locale","ID","int unsigned","int","NO","PRI"
"world","points_of_interest_locale","locale","varchar(4)","varchar","NO","PRI"
"world","points_of_interest_locale","Name","mediumtext","mediumtext","YES",""
"world","points_of_interest_locale","VerifiedBuild","int","int","NO",""
"world","pool_members","type","smallint unsigned","smallint","NO","PRI"
"world","pool_members","spawnId","bigint unsigned","bigint","NO","PRI"
"world","pool_members","poolSpawnId","int unsigned","int","NO",""
"world","pool_members","chance","float","float","NO",""
"world","pool_members","description","varchar(255)","varchar","YES",""
"world","pool_template","entry","int unsigned","int","NO","PRI"
"world","pool_template","max_limit","int unsigned","int","NO",""
"world","pool_template","description","varchar(255)","varchar","YES",""
"world","prospecting_loot_template","Entry","int unsigned","int","NO","PRI"
"world","prospecting_loot_template","Item","int unsigned","int","NO","PRI"
"world","prospecting_loot_template","Reference","int unsigned","int","NO",""
"world","prospecting_loot_template","Chance","float","float","NO",""
"world","prospecting_loot_template","QuestRequired","tinyint(1)","tinyint","NO",""
"world","prospecting_loot_template","LootMode","smallint unsigned","smallint","NO",""
"world","prospecting_loot_template","GroupId","tinyint unsigned","tinyint","NO",""
"world","prospecting_loot_template","MinCount","tinyint unsigned","tinyint","NO",""
"world","prospecting_loot_template","MaxCount","tinyint unsigned","tinyint","NO",""
"world","prospecting_loot_template","Comment","varchar(255)","varchar","YES",""
"world","quest_completion_log_conditional","QuestId","int","int","NO","PRI"
"world","quest_completion_log_conditional","PlayerConditionId","int","int","NO","PRI"
"world","quest_completion_log_conditional","QuestgiverCreatureId","int","int","NO","PRI"
"world","quest_completion_log_conditional","locale","varchar(4)","varchar","NO","PRI"
"world","quest_completion_log_conditional","Text","text","text","YES",""
"world","quest_completion_log_conditional","OrderIndex","int","int","NO",""
"world","quest_completion_log_conditional","VerifiedBuild","int","int","NO",""
"world","quest_description_conditional","QuestId","int","int","NO","PRI"
"world","quest_description_conditional","PlayerConditionId","int","int","NO","PRI"
"world","quest_description_conditional","QuestgiverCreatureId","int","int","NO","PRI"
"world","quest_description_conditional","locale","varchar(4)","varchar","NO","PRI"
"world","quest_description_conditional","Text","text","text","YES",""
"world","quest_description_conditional","OrderIndex","int","int","NO",""
"world","quest_description_conditional","VerifiedBuild","int","int","NO",""
"world","quest_details","ID","int unsigned","int","NO","PRI"
"world","quest_details","Emote1","smallint unsigned","smallint","NO",""
"world","quest_details","Emote2","smallint unsigned","smallint","NO",""
"world","quest_details","Emote3","smallint unsigned","smallint","NO",""
"world","quest_details","Emote4","smallint unsigned","smallint","NO",""
"world","quest_details","EmoteDelay1","int unsigned","int","NO",""
"world","quest_details","EmoteDelay2","int unsigned","int","NO",""
"world","quest_details","EmoteDelay3","int unsigned","int","NO",""
"world","quest_details","EmoteDelay4","int unsigned","int","NO",""
"world","quest_details","VerifiedBuild","int","int","NO",""
"world","quest_greeting","ID","int unsigned","int","NO","PRI"
"world","quest_greeting","Type","tinyint unsigned","tinyint","NO","PRI"
"world","quest_greeting","GreetEmoteType","smallint unsigned","smallint","NO",""
"world","quest_greeting","GreetEmoteDelay","int unsigned","int","NO",""
"world","quest_greeting","Greeting","mediumtext","mediumtext","YES",""
"world","quest_greeting","VerifiedBuild","int","int","NO",""
"world","quest_greeting_locale","ID","int unsigned","int","NO","PRI"
"world","quest_greeting_locale","type","tinyint unsigned","tinyint","NO","PRI"
"world","quest_greeting_locale","locale","varchar(4)","varchar","NO","PRI"
"world","quest_greeting_locale","Greeting","mediumtext","mediumtext","YES",""
"world","quest_greeting_locale","VerifiedBuild","int","int","NO",""
"world","quest_mail_sender","QuestId","int unsigned","int","NO","PRI"
"world","quest_mail_sender","RewardMailSenderEntry","int unsigned","int","NO",""
"world","quest_objectives","ID","int unsigned","int","NO","PRI"
"world","quest_objectives","QuestID","int unsigned","int","NO",""
"world","quest_objectives","Type","tinyint unsigned","tinyint","NO",""
"world","quest_objectives","Order","tinyint unsigned","tinyint","NO",""
"world","quest_objectives","StorageIndex","tinyint","tinyint","NO",""
"world","quest_objectives","ObjectID","int","int","NO",""
"world","quest_objectives","Amount","int","int","NO",""
"world","quest_objectives","Flags","int unsigned","int","NO",""
"world","quest_objectives","Flags2","int unsigned","int","NO",""
"world","quest_objectives","ProgressBarWeight","float","float","NO",""
"world","quest_objectives","Description","mediumtext","mediumtext","YES",""
"world","quest_objectives","VerifiedBuild","int","int","NO",""
"world","quest_objectives_completion_effect","ObjectiveID","int","int","NO","PRI"
"world","quest_objectives_completion_effect","GameEventID","int","int","YES",""
"world","quest_objectives_completion_effect","SpellID","int","int","YES",""
"world","quest_objectives_completion_effect","ConversationID","int","int","YES",""
"world","quest_objectives_completion_effect","UpdatePhaseShift","tinyint(1)","tinyint","YES",""
"world","quest_objectives_completion_effect","UpdateZoneAuras","tinyint(1)","tinyint","YES",""
"world","quest_objectives_locale","ID","int unsigned","int","NO","PRI"
"world","quest_objectives_locale","locale","varchar(4)","varchar","NO","PRI"
"world","quest_objectives_locale","QuestId","int unsigned","int","NO",""
"world","quest_objectives_locale","StorageIndex","tinyint","tinyint","NO",""
"world","quest_objectives_locale","Description","mediumtext","mediumtext","YES",""
"world","quest_objectives_locale","VerifiedBuild","int","int","NO",""
"world","quest_offer_reward","ID","int unsigned","int","NO","PRI"
"world","quest_offer_reward","Emote1","smallint","smallint","NO",""
"world","quest_offer_reward","Emote2","smallint","smallint","NO",""
"world","quest_offer_reward","Emote3","smallint","smallint","NO",""
"world","quest_offer_reward","Emote4","smallint","smallint","NO",""
"world","quest_offer_reward","EmoteDelay1","int unsigned","int","NO",""
"world","quest_offer_reward","EmoteDelay2","int unsigned","int","NO",""
"world","quest_offer_reward","EmoteDelay3","int unsigned","int","NO",""
"world","quest_offer_reward","EmoteDelay4","int unsigned","int","NO",""
"world","quest_offer_reward","RewardText","mediumtext","mediumtext","YES",""
"world","quest_offer_reward","VerifiedBuild","int","int","NO",""
"world","quest_offer_reward_conditional","QuestId","int","int","NO","PRI"
"world","quest_offer_reward_conditional","PlayerConditionId","int","int","NO","PRI"
"world","quest_offer_reward_conditional","QuestgiverCreatureId","int","int","NO","PRI"
"world","quest_offer_reward_conditional","locale","varchar(4)","varchar","NO","PRI"
"world","quest_offer_reward_conditional","Text","text","text","YES",""
"world","quest_offer_reward_conditional","OrderIndex","int","int","NO",""
"world","quest_offer_reward_conditional","VerifiedBuild","int","int","NO",""
"world","quest_offer_reward_locale","ID","int unsigned","int","NO","PRI"
"world","quest_offer_reward_locale","locale","varchar(4)","varchar","NO","PRI"
"world","quest_offer_reward_locale","RewardText","mediumtext","mediumtext","YES",""
"world","quest_offer_reward_locale","VerifiedBuild","int","int","NO",""
"world","quest_poi","QuestID","int","int","NO","PRI"
"world","quest_poi","BlobIndex","int","int","NO","PRI"
"world","quest_poi","Idx1","int","int","NO","PRI"
"world","quest_poi","ObjectiveIndex","int","int","NO",""
"world","quest_poi","QuestObjectiveID","int","int","NO",""
"world","quest_poi","QuestObjectID","int","int","NO",""
"world","quest_poi","MapID","int","int","NO",""
"world","quest_poi","UiMapID","int","int","NO",""
"world","quest_poi","Priority","int","int","NO",""
"world","quest_poi","Flags","int","int","NO",""
"world","quest_poi","WorldEffectID","int","int","NO",""
"world","quest_poi","PlayerConditionID","int","int","NO",""
"world","quest_poi","NavigationPlayerConditionID","int","int","NO",""
"world","quest_poi","SpawnTrackingID","int","int","NO",""
"world","quest_poi","AlwaysAllowMergingBlobs","tinyint unsigned","tinyint","NO",""
"world","quest_poi","VerifiedBuild","int","int","NO",""
"world","quest_poi_points","QuestID","int","int","NO","PRI"
"world","quest_poi_points","Idx1","int","int","NO","PRI"
"world","quest_poi_points","Idx2","int","int","NO","PRI"
"world","quest_poi_points","X","int","int","NO",""
"world","quest_poi_points","Y","int","int","NO",""
"world","quest_poi_points","Z","int","int","NO",""
"world","quest_poi_points","VerifiedBuild","int","int","NO",""
"world","quest_pool_members","questId","int unsigned","int","NO","PRI"
"world","quest_pool_members","poolId","int unsigned","int","NO",""
"world","quest_pool_members","poolIndex","tinyint unsigned","tinyint","NO",""
"world","quest_pool_members","description","varchar(255)","varchar","YES",""
"world","quest_pool_template","poolId","int unsigned","int","NO","PRI"
"world","quest_pool_template","numActive","int unsigned","int","NO",""
"world","quest_pool_template","description","varchar(255)","varchar","YES",""
"world","quest_request_items","ID","int unsigned","int","NO","PRI"
"world","quest_request_items","EmoteOnComplete","smallint unsigned","smallint","NO",""
"world","quest_request_items","EmoteOnIncomplete","smallint unsigned","smallint","NO",""
"world","quest_request_items","EmoteOnCompleteDelay","int unsigned","int","NO",""
"world","quest_request_items","EmoteOnIncompleteDelay","int unsigned","int","NO",""
"world","quest_request_items","CompletionText","mediumtext","mediumtext","YES",""
"world","quest_request_items","VerifiedBuild","int","int","NO",""
"world","quest_request_items_conditional","QuestId","int","int","NO","PRI"
"world","quest_request_items_conditional","PlayerConditionId","int","int","NO","PRI"
"world","quest_request_items_conditional","QuestgiverCreatureId","int","int","NO","PRI"
"world","quest_request_items_conditional","locale","varchar(4)","varchar","NO","PRI"
"world","quest_request_items_conditional","Text","text","text","YES",""
"world","quest_request_items_conditional","OrderIndex","int","int","NO",""
"world","quest_request_items_conditional","VerifiedBuild","int","int","NO",""
"world","quest_request_items_locale","ID","int unsigned","int","NO","PRI"
"world","quest_request_items_locale","locale","varchar(4)","varchar","NO","PRI"
"world","quest_request_items_locale","CompletionText","mediumtext","mediumtext","YES",""
"world","quest_request_items_locale","VerifiedBuild","int","int","NO",""
"world","quest_reward_choice_items","QuestID","int unsigned","int","NO","PRI"
"world","quest_reward_choice_items","Type1","tinyint unsigned","tinyint","YES",""
"world","quest_reward_choice_items","Type2","tinyint unsigned","tinyint","YES",""
"world","quest_reward_choice_items","Type3","tinyint unsigned","tinyint","YES",""
"world","quest_reward_choice_items","Type4","tinyint unsigned","tinyint","YES",""
"world","quest_reward_choice_items","Type5","tinyint unsigned","tinyint","YES",""
"world","quest_reward_choice_items","Type6","tinyint unsigned","tinyint","YES",""
"world","quest_reward_choice_items","VerifiedBuild","int","int","NO",""
"world","quest_reward_display_spell","QuestID","int unsigned","int","NO","PRI"
"world","quest_reward_display_spell","Idx","int unsigned","int","NO","PRI"
"world","quest_reward_display_spell","SpellID","int unsigned","int","YES",""
"world","quest_reward_display_spell","PlayerConditionID","int unsigned","int","YES",""
"world","quest_reward_display_spell","Type","int unsigned","int","NO",""
"world","quest_reward_display_spell","VerifiedBuild","int","int","NO",""
"world","quest_template","ID","int unsigned","int","NO","PRI"
"world","quest_template","QuestType","tinyint unsigned","tinyint","NO",""
"world","quest_template","QuestLevel","int","int","NO",""
"world","quest_template","QuestScalingFactionGroup","int","int","NO",""
"world","quest_template","QuestMaxScalingLevel","int","int","NO",""
"world","quest_template","QuestPackageID","int unsigned","int","NO",""
"world","quest_template","MinLevel","int","int","NO",""
"world","quest_template","QuestSortID","smallint","smallint","NO",""
"world","quest_template","QuestInfoID","smallint unsigned","smallint","NO",""
"world","quest_template","SuggestedGroupNum","tinyint unsigned","tinyint","NO",""
"world","quest_template","RewardNextQuest","int unsigned","int","NO",""
"world","quest_template","RewardXPDifficulty","int unsigned","int","NO",""
"world","quest_template","RewardXPMultiplier","float","float","NO",""
"world","quest_template","RewardMoneyDifficulty","int unsigned","int","NO",""
"world","quest_template","RewardMoneyMultiplier","float","float","NO",""
"world","quest_template","RewardBonusMoney","int unsigned","int","NO",""
"world","quest_template","RewardDisplaySpell1","int unsigned","int","NO",""
"world","quest_template","RewardDisplaySpell2","int unsigned","int","NO",""
"world","quest_template","RewardDisplaySpell3","int unsigned","int","NO",""
"world","quest_template","RewardSpell","int unsigned","int","NO",""
"world","quest_template","RewardHonor","int unsigned","int","NO",""
"world","quest_template","RewardKillHonor","int unsigned","int","NO",""
"world","quest_template","StartItem","int unsigned","int","NO",""
"world","quest_template","RewardArtifactXPDifficulty","int unsigned","int","NO",""
"world","quest_template","RewardArtifactXPMultiplier","float","float","NO",""
"world","quest_template","RewardArtifactCategoryID","int unsigned","int","NO",""
"world","quest_template","Flags","int unsigned","int","NO",""
"world","quest_template","FlagsEx","int unsigned","int","NO",""
"world","quest_template","FlagsEx2","int unsigned","int","NO",""
"world","quest_template","RewardItem1","int unsigned","int","NO",""
"world","quest_template","RewardAmount1","int unsigned","int","NO",""
"world","quest_template","RewardItem2","int unsigned","int","NO",""
"world","quest_template","RewardAmount2","int unsigned","int","NO",""
"world","quest_template","RewardItem3","int unsigned","int","NO",""
"world","quest_template","RewardAmount3","int unsigned","int","NO",""
"world","quest_template","RewardItem4","int unsigned","int","NO",""
"world","quest_template","RewardAmount4","int unsigned","int","NO",""
"world","quest_template","ItemDrop1","int unsigned","int","NO",""
"world","quest_template","ItemDropQuantity1","int unsigned","int","NO",""
"world","quest_template","ItemDrop2","int unsigned","int","NO",""
"world","quest_template","ItemDropQuantity2","int unsigned","int","NO",""
"world","quest_template","ItemDrop3","int unsigned","int","NO",""
"world","quest_template","ItemDropQuantity3","int unsigned","int","NO",""
"world","quest_template","ItemDrop4","int unsigned","int","NO",""
"world","quest_template","ItemDropQuantity4","int unsigned","int","NO",""
"world","quest_template","RewardChoiceItemID1","int unsigned","int","NO",""
"world","quest_template","RewardChoiceItemQuantity1","int unsigned","int","NO",""
"world","quest_template","RewardChoiceItemDisplayID1","int unsigned","int","NO",""
"world","quest_template","RewardChoiceItemID2","int unsigned","int","NO",""
"world","quest_template","RewardChoiceItemQuantity2","int unsigned","int","NO",""
"world","quest_template","RewardChoiceItemDisplayID2","int unsigned","int","NO",""
"world","quest_template","RewardChoiceItemID3","int unsigned","int","NO",""
"world","quest_template","RewardChoiceItemQuantity3","int unsigned","int","NO",""
"world","quest_template","RewardChoiceItemDisplayID3","int unsigned","int","NO",""
"world","quest_template","RewardChoiceItemID4","int unsigned","int","NO",""
"world","quest_template","RewardChoiceItemQuantity4","int unsigned","int","NO",""
"world","quest_template","RewardChoiceItemDisplayID4","int unsigned","int","NO",""
"world","quest_template","RewardChoiceItemID5","int unsigned","int","NO",""
"world","quest_template","RewardChoiceItemQuantity5","int unsigned","int","NO",""
"world","quest_template","RewardChoiceItemDisplayID5","int unsigned","int","NO",""
"world","quest_template","RewardChoiceItemID6","int unsigned","int","NO",""
"world","quest_template","RewardChoiceItemQuantity6","int unsigned","int","NO",""
"world","quest_template","RewardChoiceItemDisplayID6","int unsigned","int","NO",""
"world","quest_template","POIContinent","int unsigned","int","NO",""
"world","quest_template","POIx","float","float","NO",""
"world","quest_template","POIy","float","float","NO",""
"world","quest_template","POIPriority","int","int","NO",""
"world","quest_template","RewardTitle","int unsigned","int","NO",""
"world","quest_template","RewardArenaPoints","int unsigned","int","NO",""
"world","quest_template","RewardSkillLineID","int unsigned","int","NO",""
"world","quest_template","RewardNumSkillUps","int unsigned","int","NO",""
"world","quest_template","PortraitGiver","int unsigned","int","NO",""
"world","quest_template","PortraitGiverMount","int","int","NO",""
"world","quest_template","PortraitGiverModelSceneID","int","int","NO",""
"world","quest_template","PortraitTurnIn","int unsigned","int","NO",""
"world","quest_template","RewardFactionID1","int unsigned","int","NO",""
"world","quest_template","RewardFactionValue1","int","int","NO",""
"world","quest_template","RewardFactionOverride1","int","int","NO",""
"world","quest_template","RewardFactionCapIn1","int","int","NO",""
"world","quest_template","RewardFactionID2","int unsigned","int","NO",""
"world","quest_template","RewardFactionValue2","int","int","NO",""
"world","quest_template","RewardFactionOverride2","int","int","NO",""
"world","quest_template","RewardFactionCapIn2","int","int","NO",""
"world","quest_template","RewardFactionID3","int unsigned","int","NO",""
"world","quest_template","RewardFactionValue3","int","int","NO",""
"world","quest_template","RewardFactionOverride3","int","int","NO",""
"world","quest_template","RewardFactionCapIn3","int","int","NO",""
"world","quest_template","RewardFactionID4","int unsigned","int","NO",""
"world","quest_template","RewardFactionValue4","int","int","NO",""
"world","quest_template","RewardFactionOverride4","int","int","NO",""
"world","quest_template","RewardFactionCapIn4","int","int","NO",""
"world","quest_template","RewardFactionID5","int unsigned","int","NO",""
"world","quest_template","RewardFactionValue5","int","int","NO",""
"world","quest_template","RewardFactionOverride5","int","int","NO",""
"world","quest_template","RewardFactionCapIn5","int","int","NO",""
"world","quest_template","RewardFactionFlags","int unsigned","int","NO",""
"world","quest_template","RewardCurrencyID1","int unsigned","int","NO",""
"world","quest_template","RewardCurrencyQty1","int unsigned","int","NO",""
"world","quest_template","RewardCurrencyID2","int unsigned","int","NO",""
"world","quest_template","RewardCurrencyQty2","int unsigned","int","NO",""
"world","quest_template","RewardCurrencyID3","int unsigned","int","NO",""
"world","quest_template","RewardCurrencyQty3","int unsigned","int","NO",""
"world","quest_template","RewardCurrencyID4","int unsigned","int","NO",""
"world","quest_template","RewardCurrencyQty4","int unsigned","int","NO",""
"world","quest_template","AcceptedSoundKitID","int unsigned","int","NO",""
"world","quest_template","CompleteSoundKitID","int unsigned","int","NO",""
"world","quest_template","AreaGroupID","int unsigned","int","NO",""
"world","quest_template","TimeAllowed","bigint","bigint","NO",""
"world","quest_template","AllowableRaces","bigint unsigned","bigint","YES",""
"world","quest_template","TreasurePickerID","int","int","NO",""
"world","quest_template","Expansion","int","int","NO",""
"world","quest_template","ManagedWorldStateID","int","int","NO",""
"world","quest_template","QuestSessionBonus","int","int","NO",""
"world","quest_template","LogTitle","mediumtext","mediumtext","YES",""
"world","quest_template","LogDescription","mediumtext","mediumtext","YES",""
"world","quest_template","QuestDescription","mediumtext","mediumtext","YES",""
"world","quest_template","AreaDescription","mediumtext","mediumtext","YES",""
"world","quest_template","PortraitGiverText","mediumtext","mediumtext","YES",""
"world","quest_template","PortraitGiverName","mediumtext","mediumtext","YES",""
"world","quest_template","PortraitTurnInText","mediumtext","mediumtext","YES",""
"world","quest_template","PortraitTurnInName","mediumtext","mediumtext","YES",""
"world","quest_template","QuestCompletionLog","mediumtext","mediumtext","YES",""
"world","quest_template","VerifiedBuild","int","int","NO",""
"world","quest_template_addon","ID","int unsigned","int","NO","PRI"
"world","quest_template_addon","MaxLevel","tinyint unsigned","tinyint","NO",""
"world","quest_template_addon","AllowableClasses","int unsigned","int","NO",""
"world","quest_template_addon","SourceSpellID","int unsigned","int","NO",""
"world","quest_template_addon","PrevQuestID","int","int","NO",""
"world","quest_template_addon","NextQuestID","int unsigned","int","NO",""
"world","quest_template_addon","ExclusiveGroup","int","int","NO",""
"world","quest_template_addon","BreadcrumbForQuestId","int","int","NO",""
"world","quest_template_addon","RewardMailTemplateID","int unsigned","int","NO",""
"world","quest_template_addon","RewardMailDelay","int unsigned","int","NO",""
"world","quest_template_addon","RequiredSkillID","smallint unsigned","smallint","NO",""
"world","quest_template_addon","RequiredSkillPoints","smallint unsigned","smallint","NO",""
"world","quest_template_addon","RequiredMinRepFaction","smallint unsigned","smallint","NO",""
"world","quest_template_addon","RequiredMaxRepFaction","smallint unsigned","smallint","NO",""
"world","quest_template_addon","RequiredMinRepValue","int","int","NO",""
"world","quest_template_addon","RequiredMaxRepValue","int","int","NO",""
"world","quest_template_addon","ProvidedItemCount","tinyint unsigned","tinyint","NO",""
"world","quest_template_addon","SpecialFlags","tinyint unsigned","tinyint","NO",""
"world","quest_template_addon","ScriptName","varchar(64)","varchar","NO",""
"world","quest_template_locale","ID","int unsigned","int","NO","PRI"
"world","quest_template_locale","locale","varchar(4)","varchar","NO","PRI"
"world","quest_template_locale","LogTitle","mediumtext","mediumtext","YES",""
"world","quest_template_locale","LogDescription","mediumtext","mediumtext","YES",""
"world","quest_template_locale","QuestDescription","mediumtext","mediumtext","YES",""
"world","quest_template_locale","AreaDescription","mediumtext","mediumtext","YES",""
"world","quest_template_locale","PortraitGiverText","mediumtext","mediumtext","YES",""
"world","quest_template_locale","PortraitGiverName","mediumtext","mediumtext","YES",""
"world","quest_template_locale","PortraitTurnInText","mediumtext","mediumtext","YES",""
"world","quest_template_locale","PortraitTurnInName","mediumtext","mediumtext","YES",""
"world","quest_template_locale","QuestCompletionLog","mediumtext","mediumtext","YES",""
"world","quest_template_locale","VerifiedBuild","int","int","NO",""
"world","quest_visual_effect","ID","int unsigned","int","NO","PRI"
"world","quest_visual_effect","Index","tinyint unsigned","tinyint","NO","PRI"
"world","quest_visual_effect","VisualEffect","int","int","NO",""
"world","quest_visual_effect","VerifiedBuild","int","int","NO",""
"world","race_unlock_requirement","raceID","tinyint unsigned","tinyint","NO","PRI"
"world","race_unlock_requirement","expansion","tinyint unsigned","tinyint","NO",""
"world","race_unlock_requirement","achievementId","int unsigned","int","NO",""
"world","reference_loot_template","Entry","int unsigned","int","NO","PRI"
"world","reference_loot_template","Item","int unsigned","int","NO","PRI"
"world","reference_loot_template","Reference","int unsigned","int","NO",""
"world","reference_loot_template","Chance","float","float","NO",""
"world","reference_loot_template","QuestRequired","tinyint(1)","tinyint","NO",""
"world","reference_loot_template","LootMode","smallint unsigned","smallint","NO",""
"world","reference_loot_template","GroupId","tinyint unsigned","tinyint","NO",""
"world","reference_loot_template","MinCount","tinyint unsigned","tinyint","NO",""
"world","reference_loot_template","MaxCount","tinyint unsigned","tinyint","NO",""
"world","reference_loot_template","Comment","varchar(255)","varchar","YES",""
"world","reputation_reward_rate","faction","int unsigned","int","NO","PRI"
"world","reputation_reward_rate","quest_rate","float","float","NO",""
"world","reputation_reward_rate","quest_daily_rate","float","float","NO",""
"world","reputation_reward_rate","quest_weekly_rate","float","float","NO",""
"world","reputation_reward_rate","quest_monthly_rate","float","float","NO",""
"world","reputation_reward_rate","quest_repeatable_rate","float","float","NO",""
"world","reputation_reward_rate","creature_rate","float","float","NO",""
"world","reputation_reward_rate","spell_rate","float","float","NO",""
"world","reputation_spillover_template","faction","smallint unsigned","smallint","NO","PRI"
"world","reputation_spillover_template","faction1","smallint unsigned","smallint","NO",""
"world","reputation_spillover_template","rate_1","float","float","NO",""
"world","reputation_spillover_template","rank_1","tinyint unsigned","tinyint","NO",""
"world","reputation_spillover_template","faction2","smallint unsigned","smallint","NO",""
"world","reputation_spillover_template","rate_2","float","float","NO",""
"world","reputation_spillover_template","rank_2","tinyint unsigned","tinyint","NO",""
"world","reputation_spillover_template","faction3","smallint unsigned","smallint","NO",""
"world","reputation_spillover_template","rate_3","float","float","NO",""
"world","reputation_spillover_template","rank_3","tinyint unsigned","tinyint","NO",""
"world","reputation_spillover_template","faction4","smallint unsigned","smallint","NO",""
"world","reputation_spillover_template","rate_4","float","float","NO",""
"world","reputation_spillover_template","rank_4","tinyint unsigned","tinyint","NO",""
"world","reputation_spillover_template","faction5","smallint unsigned","smallint","NO",""
"world","reputation_spillover_template","rate_5","float","float","NO",""
"world","reputation_spillover_template","rank_5","tinyint unsigned","tinyint","NO",""
"world","scenario_poi","CriteriaTreeID","int","int","NO","PRI"
"world","scenario_poi","BlobIndex","int","int","NO","PRI"
"world","scenario_poi","Idx1","int","int","NO","PRI"
"world","scenario_poi","MapID","int","int","NO",""
"world","scenario_poi","UiMapID","int","int","NO",""
"world","scenario_poi","Priority","int","int","NO",""
"world","scenario_poi","Flags","int","int","NO",""
"world","scenario_poi","WorldEffectID","int","int","NO",""
"world","scenario_poi","PlayerConditionID","int","int","NO",""
"world","scenario_poi","NavigationPlayerConditionID","int","int","NO",""
"world","scenario_poi","VerifiedBuild","int","int","NO",""
"world","scenario_poi_points","CriteriaTreeID","int","int","NO","PRI"
"world","scenario_poi_points","Idx1","int","int","NO","PRI"
"world","scenario_poi_points","Idx2","int","int","NO","PRI"
"world","scenario_poi_points","X","int","int","NO",""
"world","scenario_poi_points","Y","int","int","NO",""
"world","scenario_poi_points","Z","int","int","NO",""
"world","scenario_poi_points","VerifiedBuild","int","int","NO",""
"world","scenarios","map","int unsigned","int","NO","PRI"
"world","scenarios","difficulty","tinyint unsigned","tinyint","NO","PRI"
"world","scenarios","scenario_A","int unsigned","int","NO",""
"world","scenarios","scenario_H","int unsigned","int","NO",""
"world","scene_template","SceneId","int unsigned","int","NO","PRI"
"world","scene_template","Flags","int unsigned","int","NO",""
"world","scene_template","ScriptPackageID","int unsigned","int","NO",""
"world","scene_template","Encrypted","tinyint unsigned","tinyint","NO",""
"world","scene_template","ScriptName","varchar(64)","varchar","NO",""
"world","script_spline_chain_meta","entry","int unsigned","int","NO","PRI"
"world","script_spline_chain_meta","chainId","smallint unsigned","smallint","NO","PRI"
"world","script_spline_chain_meta","splineId","tinyint unsigned","tinyint","NO","PRI"
"world","script_spline_chain_meta","expectedDuration","int unsigned","int","NO",""
"world","script_spline_chain_meta","msUntilNext","int unsigned","int","NO",""
"world","script_spline_chain_meta","velocity","float","float","NO",""
"world","script_spline_chain_waypoints","entry","int unsigned","int","NO","PRI"
"world","script_spline_chain_waypoints","chainId","smallint unsigned","smallint","NO","PRI"
"world","script_spline_chain_waypoints","splineId","tinyint unsigned","tinyint","NO","PRI"
"world","script_spline_chain_waypoints","wpId","tinyint unsigned","tinyint","NO","PRI"
"world","script_spline_chain_waypoints","x","float","float","NO",""
"world","script_spline_chain_waypoints","y","float","float","NO",""
"world","script_spline_chain_waypoints","z","float","float","NO",""
"world","script_waypoint","entry","int unsigned","int","NO","PRI"
"world","script_waypoint","pointid","int unsigned","int","NO","PRI"
"world","script_waypoint","location_x","float","float","NO",""
"world","script_waypoint","location_y","float","float","NO",""
"world","script_waypoint","location_z","float","float","NO",""
"world","script_waypoint","waittime","int unsigned","int","NO",""
"world","script_waypoint","point_comment","mediumtext","mediumtext","YES",""
"world","serverside_spell","Id","int unsigned","int","NO","PRI"
"world","serverside_spell","DifficultyID","int","int","NO","PRI"
"world","serverside_spell","CategoryId","int unsigned","int","NO",""
"world","serverside_spell","Dispel","int unsigned","int","NO",""
"world","serverside_spell","Mechanic","int unsigned","int","NO",""
"world","serverside_spell","Attributes","int unsigned","int","NO",""
"world","serverside_spell","AttributesEx","int unsigned","int","NO",""
"world","serverside_spell","AttributesEx2","int unsigned","int","NO",""
"world","serverside_spell","AttributesEx3","int unsigned","int","NO",""
"world","serverside_spell","AttributesEx4","int unsigned","int","NO",""
"world","serverside_spell","AttributesEx5","int unsigned","int","NO",""
"world","serverside_spell","AttributesEx6","int unsigned","int","NO",""
"world","serverside_spell","AttributesEx7","int unsigned","int","NO",""
"world","serverside_spell","AttributesEx8","int unsigned","int","NO",""
"world","serverside_spell","AttributesEx9","int unsigned","int","NO",""
"world","serverside_spell","AttributesEx10","int unsigned","int","NO",""
"world","serverside_spell","AttributesEx11","int unsigned","int","NO",""
"world","serverside_spell","AttributesEx12","int unsigned","int","NO",""
"world","serverside_spell","AttributesEx13","int unsigned","int","NO",""
"world","serverside_spell","AttributesEx14","int unsigned","int","NO",""
"world","serverside_spell","Stances","bigint unsigned","bigint","NO",""
"world","serverside_spell","StancesNot","bigint unsigned","bigint","NO",""
"world","serverside_spell","Targets","int unsigned","int","NO",""
"world","serverside_spell","TargetCreatureType","int unsigned","int","NO",""
"world","serverside_spell","RequiresSpellFocus","int unsigned","int","NO",""
"world","serverside_spell","FacingCasterFlags","int unsigned","int","NO",""
"world","serverside_spell","CasterAuraState","int unsigned","int","NO",""
"world","serverside_spell","TargetAuraState","int unsigned","int","NO",""
"world","serverside_spell","ExcludeCasterAuraState","int unsigned","int","NO",""
"world","serverside_spell","ExcludeTargetAuraState","int unsigned","int","NO",""
"world","serverside_spell","CasterAuraSpell","int unsigned","int","NO",""
"world","serverside_spell","TargetAuraSpell","int unsigned","int","NO",""
"world","serverside_spell","ExcludeCasterAuraSpell","int unsigned","int","NO",""
"world","serverside_spell","ExcludeTargetAuraSpell","int unsigned","int","NO",""
"world","serverside_spell","CasterAuraType","int","int","NO",""
"world","serverside_spell","TargetAuraType","int","int","NO",""
"world","serverside_spell","ExcludeCasterAuraType","int","int","NO",""
"world","serverside_spell","ExcludeTargetAuraType","int","int","NO",""
"world","serverside_spell","CastingTimeIndex","int unsigned","int","NO",""
"world","serverside_spell","RecoveryTime","int unsigned","int","NO",""
"world","serverside_spell","CategoryRecoveryTime","int unsigned","int","NO",""
"world","serverside_spell","StartRecoveryCategory","int unsigned","int","NO",""
"world","serverside_spell","StartRecoveryTime","int unsigned","int","NO",""
"world","serverside_spell","InterruptFlags","int unsigned","int","NO",""
"world","serverside_spell","AuraInterruptFlags1","int unsigned","int","NO",""
"world","serverside_spell","AuraInterruptFlags2","int unsigned","int","NO",""
"world","serverside_spell","ChannelInterruptFlags1","int unsigned","int","NO",""
"world","serverside_spell","ChannelInterruptFlags2","int unsigned","int","NO",""
"world","serverside_spell","ProcFlags","int unsigned","int","NO",""
"world","serverside_spell","ProcFlags2","int unsigned","int","NO",""
"world","serverside_spell","ProcChance","int unsigned","int","NO",""
"world","serverside_spell","ProcCharges","int unsigned","int","NO",""
"world","serverside_spell","ProcCooldown","int unsigned","int","NO",""
"world","serverside_spell","ProcBasePPM","float","float","NO",""
"world","serverside_spell","MaxLevel","int unsigned","int","NO",""
"world","serverside_spell","BaseLevel","int unsigned","int","NO",""
"world","serverside_spell","SpellLevel","int unsigned","int","NO",""
"world","serverside_spell","DurationIndex","int unsigned","int","NO",""
"world","serverside_spell","RangeIndex","int unsigned","int","NO",""
"world","serverside_spell","Speed","float","float","NO",""
"world","serverside_spell","LaunchDelay","float","float","NO",""
"world","serverside_spell","StackAmount","int unsigned","int","NO",""
"world","serverside_spell","EquippedItemClass","int","int","NO",""
"world","serverside_spell","EquippedItemSubClassMask","int","int","NO",""
"world","serverside_spell","EquippedItemInventoryTypeMask","int","int","NO",""
"world","serverside_spell","ContentTuningId","int unsigned","int","NO",""
"world","serverside_spell","SpellName","varchar(100)","varchar","YES",""
"world","serverside_spell","ConeAngle","float","float","NO",""
"world","serverside_spell","ConeWidth","float","float","NO",""
"world","serverside_spell","MaxTargetLevel","int unsigned","int","NO",""
"world","serverside_spell","MaxAffectedTargets","int unsigned","int","NO",""
"world","serverside_spell","SpellFamilyName","int unsigned","int","NO",""
"world","serverside_spell","SpellFamilyFlags1","int unsigned","int","NO",""
"world","serverside_spell","SpellFamilyFlags2","int unsigned","int","NO",""
"world","serverside_spell","SpellFamilyFlags3","int unsigned","int","NO",""
"world","serverside_spell","SpellFamilyFlags4","int unsigned","int","NO",""
"world","serverside_spell","DmgClass","int unsigned","int","NO",""
"world","serverside_spell","PreventionType","int unsigned","int","NO",""
"world","serverside_spell","AreaGroupId","int","int","NO",""
"world","serverside_spell","SchoolMask","int unsigned","int","NO",""
"world","serverside_spell","ChargeCategoryId","int unsigned","int","NO",""
"world","serverside_spell_effect","SpellID","int unsigned","int","NO","PRI"
"world","serverside_spell_effect","EffectIndex","int","int","NO","PRI"
"world","serverside_spell_effect","DifficultyID","int","int","NO","PRI"
"world","serverside_spell_effect","Effect","int","int","NO",""
"world","serverside_spell_effect","EffectAura","smallint","smallint","NO",""
"world","serverside_spell_effect","EffectAmplitude","float","float","NO",""
"world","serverside_spell_effect","EffectAttributes","int","int","NO",""
"world","serverside_spell_effect","EffectAuraPeriod","int","int","NO",""
"world","serverside_spell_effect","EffectBonusCoefficient","float","float","NO",""
"world","serverside_spell_effect","EffectChainAmplitude","float","float","NO",""
"world","serverside_spell_effect","EffectChainTargets","int","int","NO",""
"world","serverside_spell_effect","EffectItemType","int","int","NO",""
"world","serverside_spell_effect","EffectMechanic","int","int","NO",""
"world","serverside_spell_effect","EffectPointsPerResource","float","float","NO",""
"world","serverside_spell_effect","EffectPosFacing","float","float","NO",""
"world","serverside_spell_effect","EffectRealPointsPerLevel","float","float","NO",""
"world","serverside_spell_effect","EffectTriggerSpell","int","int","NO",""
"world","serverside_spell_effect","BonusCoefficientFromAP","float","float","NO",""
"world","serverside_spell_effect","PvpMultiplier","float","float","NO",""
"world","serverside_spell_effect","Coefficient","float","float","NO",""
"world","serverside_spell_effect","Variance","float","float","NO",""
"world","serverside_spell_effect","ResourceCoefficient","float","float","NO",""
"world","serverside_spell_effect","GroupSizeBasePointsCoefficient","float","float","NO",""
"world","serverside_spell_effect","EffectBasePoints","float","float","NO",""
"world","serverside_spell_effect","EffectMiscValue1","int","int","NO",""
"world","serverside_spell_effect","EffectMiscValue2","int","int","NO",""
"world","serverside_spell_effect","EffectRadiusIndex1","int unsigned","int","NO",""
"world","serverside_spell_effect","EffectRadiusIndex2","int unsigned","int","NO",""
"world","serverside_spell_effect","EffectSpellClassMask1","int","int","NO",""
"world","serverside_spell_effect","EffectSpellClassMask2","int","int","NO",""
"world","serverside_spell_effect","EffectSpellClassMask3","int","int","NO",""
"world","serverside_spell_effect","EffectSpellClassMask4","int","int","NO",""
"world","serverside_spell_effect","ImplicitTarget1","smallint","smallint","NO",""
"world","serverside_spell_effect","ImplicitTarget2","smallint","smallint","NO",""
"world","skill_discovery_template","spellId","int unsigned","int","NO","PRI"
"world","skill_discovery_template","reqSpell","int unsigned","int","NO","PRI"
"world","skill_discovery_template","reqSkillValue","smallint unsigned","smallint","NO",""
"world","skill_discovery_template","chance","float","float","NO",""
"world","skill_extra_item_template","spellId","int unsigned","int","NO","PRI"
"world","skill_extra_item_template","requiredSpecialization","int unsigned","int","NO",""
"world","skill_extra_item_template","additionalCreateChance","float","float","NO",""
"world","skill_extra_item_template","additionalMaxNum","tinyint unsigned","tinyint","NO",""
"world","skill_fishing_base_level","entry","int unsigned","int","NO","PRI"
"world","skill_fishing_base_level","skill","smallint","smallint","NO",""
"world","skill_perfect_item_template","spellId","int unsigned","int","NO","PRI"
"world","skill_perfect_item_template","requiredSpecialization","int unsigned","int","NO",""
"world","skill_perfect_item_template","perfectCreateChance","float","float","NO",""
"world","skill_perfect_item_template","perfectItemType","int unsigned","int","NO",""
"world","skill_tiers","ID","int unsigned","int","NO","PRI"
"world","skill_tiers","Value1","int unsigned","int","NO",""
"world","skill_tiers","Value2","int unsigned","int","NO",""
"world","skill_tiers","Value3","int unsigned","int","NO",""
"world","skill_tiers","Value4","int unsigned","int","NO",""
"world","skill_tiers","Value5","int unsigned","int","NO",""
"world","skill_tiers","Value6","int unsigned","int","NO",""
"world","skill_tiers","Value7","int unsigned","int","NO",""
"world","skill_tiers","Value8","int unsigned","int","NO",""
"world","skill_tiers","Value9","int unsigned","int","NO",""
"world","skill_tiers","Value10","int unsigned","int","NO",""
"world","skill_tiers","Value11","int unsigned","int","NO",""
"world","skill_tiers","Value12","int unsigned","int","NO",""
"world","skill_tiers","Value13","int unsigned","int","NO",""
"world","skill_tiers","Value14","int unsigned","int","NO",""
"world","skill_tiers","Value15","int unsigned","int","NO",""
"world","skill_tiers","Value16","int unsigned","int","NO",""
"world","skinning_loot_template","Entry","int unsigned","int","NO","PRI"
"world","skinning_loot_template","Item","int unsigned","int","NO","PRI"
"world","skinning_loot_template","Reference","int unsigned","int","NO",""
"world","skinning_loot_template","Chance","float","float","NO",""
"world","skinning_loot_template","QuestRequired","tinyint(1)","tinyint","NO",""
"world","skinning_loot_template","LootMode","smallint unsigned","smallint","NO",""
"world","skinning_loot_template","GroupId","tinyint unsigned","tinyint","NO",""
"world","skinning_loot_template","MinCount","tinyint unsigned","tinyint","NO",""
"world","skinning_loot_template","MaxCount","tinyint unsigned","tinyint","NO",""
"world","skinning_loot_template","Comment","varchar(255)","varchar","YES",""
"world","smart_scripts","entryorguid","bigint","bigint","NO","PRI"
"world","smart_scripts","source_type","tinyint unsigned","tinyint","NO","PRI"
"world","smart_scripts","id","smallint unsigned","smallint","NO","PRI"
"world","smart_scripts","link","smallint unsigned","smallint","NO","PRI"
"world","smart_scripts","Difficulties","varchar(100)","varchar","NO",""
"world","smart_scripts","event_type","tinyint unsigned","tinyint","NO",""
"world","smart_scripts","event_phase_mask","smallint unsigned","smallint","NO",""
"world","smart_scripts","event_chance","tinyint unsigned","tinyint","NO",""
"world","smart_scripts","event_flags","smallint unsigned","smallint","NO",""
"world","smart_scripts","event_param1","int unsigned","int","NO",""
"world","smart_scripts","event_param2","int unsigned","int","NO",""
"world","smart_scripts","event_param3","int unsigned","int","NO",""
"world","smart_scripts","event_param4","int unsigned","int","NO",""
"world","smart_scripts","event_param5","int unsigned","int","NO",""
"world","smart_scripts","event_param_string","varchar(255)","varchar","NO",""
"world","smart_scripts","action_type","tinyint unsigned","tinyint","NO",""
"world","smart_scripts","action_param1","int unsigned","int","NO",""
"world","smart_scripts","action_param2","int unsigned","int","NO",""
"world","smart_scripts","action_param3","int unsigned","int","NO",""
"world","smart_scripts","action_param4","int unsigned","int","NO",""
"world","smart_scripts","action_param5","int unsigned","int","NO",""
"world","smart_scripts","action_param6","int unsigned","int","NO",""
"world","smart_scripts","action_param7","int unsigned","int","NO",""
"world","smart_scripts","target_type","tinyint unsigned","tinyint","NO",""
"world","smart_scripts","target_param1","int unsigned","int","NO",""
"world","smart_scripts","target_param2","int unsigned","int","NO",""
"world","smart_scripts","target_param3","int unsigned","int","NO",""
"world","smart_scripts","target_param4","int unsigned","int","NO",""
"world","smart_scripts","target_x","float","float","NO",""
"world","smart_scripts","target_y","float","float","NO",""
"world","smart_scripts","target_z","float","float","NO",""
"world","smart_scripts","target_o","float","float","NO",""
"world","smart_scripts","comment","mediumtext","mediumtext","NO",""
"world","spawn_group","groupId","int unsigned","int","NO","PRI"
"world","spawn_group","spawnType","tinyint unsigned","tinyint","NO","PRI"
"world","spawn_group","spawnId","bigint unsigned","bigint","NO","PRI"
"world","spawn_group_template","groupId","int unsigned","int","NO","PRI"
"world","spawn_group_template","groupName","varchar(100)","varchar","NO",""
"world","spawn_group_template","groupFlags","int unsigned","int","NO",""
"world","spell_area","spell","int unsigned","int","NO","PRI"
"world","spell_area","area","int unsigned","int","NO","PRI"
"world","spell_area","quest_start","int unsigned","int","NO","PRI"
"world","spell_area","quest_end","int unsigned","int","NO",""
"world","spell_area","aura_spell","int","int","NO","PRI"
"world","spell_area","racemask","bigint unsigned","bigint","NO","PRI"
"world","spell_area","gender","tinyint unsigned","tinyint","NO","PRI"
"world","spell_area","flags","tinyint unsigned","tinyint","NO",""
"world","spell_area","quest_start_status","int","int","NO",""
"world","spell_area","quest_end_status","int","int","NO",""
"world","spell_bonus_data","entry","int unsigned","int","NO","PRI"
"world","spell_bonus_data","direct_bonus","float","float","NO",""
"world","spell_bonus_data","dot_bonus","float","float","NO",""
"world","spell_bonus_data","ap_bonus","float","float","NO",""
"world","spell_bonus_data","ap_dot_bonus","float","float","NO",""
"world","spell_bonus_data","comments","varchar(255)","varchar","YES",""
"world","spell_custom_attr","entry","int unsigned","int","NO","PRI"
"world","spell_custom_attr","attributes","int unsigned","int","NO",""
"world","spell_dbc_effect","SpellID","int","int","YES",""
"world","spell_dbc_effect","Effect1","int","int","YES",""
"world","spell_dbc_effect","Effect2","int","int","YES",""
"world","spell_dbc_effect","Effect3","int","int","YES",""
"world","spell_dbc_effect","EffectDieSides1","int","int","YES",""
"world","spell_dbc_effect","EffectDieSides2","int","int","YES",""
"world","spell_dbc_effect","EffectDieSides3","int","int","YES",""
"world","spell_dbc_effect","EffectRealPointsPerLevel1","float","float","YES",""
"world","spell_dbc_effect","EffectRealPointsPerLevel2","float","float","YES",""
"world","spell_dbc_effect","EffectRealPointsPerLevel3","float","float","YES",""
"world","spell_dbc_effect","EffectBasePoints1","int","int","YES",""
"world","spell_dbc_effect","EffectBasePoints2","int","int","YES",""
"world","spell_dbc_effect","EffectBasePoints3","int","int","YES",""
"world","spell_dbc_effect","EffectMechanic1","int","int","YES",""
"world","spell_dbc_effect","EffectMechanic2","int","int","YES",""
"world","spell_dbc_effect","EffectMechanic3","int","int","YES",""
"world","spell_dbc_effect","EffectImplicitTargetA1","int","int","YES",""
"world","spell_dbc_effect","EffectImplicitTargetA2","int","int","YES",""
"world","spell_dbc_effect","EffectImplicitTargetA3","int","int","YES",""
"world","spell_dbc_effect","EffectImplicitTargetB1","int","int","YES",""
"world","spell_dbc_effect","EffectImplicitTargetB2","int","int","YES",""
"world","spell_dbc_effect","EffectImplicitTargetB3","int","int","YES",""
"world","spell_dbc_effect","EffectRadiusIndex1","int","int","YES",""
"world","spell_dbc_effect","EffectRadiusIndex2","int","int","YES",""
"world","spell_dbc_effect","EffectRadiusIndex3","int","int","YES",""
"world","spell_dbc_effect","EffectApplyAuraName1","int","int","YES",""
"world","spell_dbc_effect","EffectApplyAuraName2","int","int","YES",""
"world","spell_dbc_effect","EffectApplyAuraName3","int","int","YES",""
"world","spell_dbc_effect","EffectAuraPeriod1","int","int","YES",""
"world","spell_dbc_effect","EffectAuraPeriod2","int","int","YES",""
"world","spell_dbc_effect","EffectAuraPeriod3","int","int","YES",""
"world","spell_dbc_effect","EffectAmplitude1","float","float","YES",""
"world","spell_dbc_effect","EffectAmplitude2","float","float","YES",""
"world","spell_dbc_effect","EffectAmplitude3","float","float","YES",""
"world","spell_dbc_effect","EffectItemType1","int","int","YES",""
"world","spell_dbc_effect","EffectItemType2","int","int","YES",""
"world","spell_dbc_effect","EffectItemType3","int","int","YES",""
"world","spell_dbc_effect","EffectMiscValue1","int","int","YES",""
"world","spell_dbc_effect","EffectMiscValue2","int","int","YES",""
"world","spell_dbc_effect","EffectMiscValue3","int","int","YES",""
"world","spell_dbc_effect","EffectMiscValueB1","int","int","YES",""
"world","spell_dbc_effect","EffectMiscValueB2","int","int","YES",""
"world","spell_dbc_effect","EffectMiscValueB3","int","int","YES",""
"world","spell_dbc_effect","EffectTriggerSpell1","int","int","YES",""
"world","spell_dbc_effect","EffectTriggerSpell2","int","int","YES",""
"world","spell_dbc_effect","EffectTriggerSpell3","int","int","YES",""
"world","spell_dbc_effect","EffectSpellClassMaskA1","int","int","YES",""
"world","spell_dbc_effect","EffectSpellClassMaskA2","int","int","YES",""
"world","spell_dbc_effect","EffectSpellClassMaskA3","int","int","YES",""
"world","spell_dbc_effect","EffectSpellClassMaskB1","int","int","YES",""
"world","spell_dbc_effect","EffectSpellClassMaskB2","int","int","YES",""
"world","spell_dbc_effect","EffectSpellClassMaskB3","int","int","YES",""
"world","spell_dbc_effect","EffectSpellClassMaskC1","int","int","YES",""
"world","spell_dbc_effect","EffectSpellClassMaskC2","int","int","YES",""
"world","spell_dbc_effect","EffectSpellClassMaskC3","int","int","YES",""
"world","spell_dbc_effect","DmgMultiplier1","float","float","YES",""
"world","spell_dbc_effect","DmgMultiplier2","float","float","YES",""
"world","spell_dbc_effect","DmgMultiplier3","float","float","YES",""
"world","spell_enchant_proc_data","EnchantID","int unsigned","int","NO","PRI"
"world","spell_enchant_proc_data","Chance","float","float","NO",""
"world","spell_enchant_proc_data","ProcsPerMinute","float","float","NO",""
"world","spell_enchant_proc_data","HitMask","int unsigned","int","NO",""
"world","spell_enchant_proc_data","AttributesMask","int unsigned","int","NO",""
"world","spell_group","id","int unsigned","int","NO","PRI"
"world","spell_group","spell_id","int","int","NO","PRI"
"world","spell_group_stack_rules","group_id","int unsigned","int","NO","PRI"
"world","spell_group_stack_rules","stack_rule","tinyint","tinyint","NO",""
"world","spell_learn_spell","entry","int unsigned","int","NO","PRI"
"world","spell_learn_spell","SpellID","int unsigned","int","NO","PRI"
"world","spell_learn_spell","Active","tinyint unsigned","tinyint","NO",""
"world","spell_linked_spell","spell_trigger","int","int","NO","PRI"
"world","spell_linked_spell","spell_effect","int","int","NO","PRI"
"world","spell_linked_spell","type","tinyint unsigned","tinyint","NO","PRI"
"world","spell_linked_spell","comment","mediumtext","mediumtext","NO",""
"world","spell_loot_template","Entry","int unsigned","int","NO","PRI"
"world","spell_loot_template","Item","int unsigned","int","NO","PRI"
"world","spell_loot_template","Reference","int unsigned","int","NO",""
"world","spell_loot_template","Chance","float","float","NO",""
"world","spell_loot_template","QuestRequired","tinyint(1)","tinyint","NO",""
"world","spell_loot_template","LootMode","smallint unsigned","smallint","NO",""
"world","spell_loot_template","GroupId","tinyint unsigned","tinyint","NO",""
"world","spell_loot_template","MinCount","tinyint unsigned","tinyint","NO",""
"world","spell_loot_template","MaxCount","tinyint unsigned","tinyint","NO",""
"world","spell_loot_template","Comment","varchar(255)","varchar","YES",""
"world","spell_pet_auras","spell","int unsigned","int","NO","PRI"
"world","spell_pet_auras","effectId","tinyint unsigned","tinyint","NO","PRI"
"world","spell_pet_auras","pet","int unsigned","int","NO","PRI"
"world","spell_pet_auras","aura","int unsigned","int","NO",""
"world","spell_proc","SpellId","int","int","NO","PRI"
"world","spell_proc","SchoolMask","tinyint unsigned","tinyint","NO",""
"world","spell_proc","SpellFamilyName","smallint unsigned","smallint","NO",""
"world","spell_proc","SpellFamilyMask0","int unsigned","int","NO",""
"world","spell_proc","SpellFamilyMask1","int unsigned","int","NO",""
"world","spell_proc","SpellFamilyMask2","int unsigned","int","NO",""
"world","spell_proc","SpellFamilyMask3","int unsigned","int","NO",""
"world","spell_proc","ProcFlags","int unsigned","int","NO",""
"world","spell_proc","ProcFlags2","int unsigned","int","NO",""
"world","spell_proc","SpellTypeMask","int unsigned","int","NO",""
"world","spell_proc","SpellPhaseMask","int unsigned","int","NO",""
"world","spell_proc","HitMask","int unsigned","int","NO",""
"world","spell_proc","AttributesMask","int unsigned","int","NO",""
"world","spell_proc","DisableEffectsMask","int unsigned","int","NO",""
"world","spell_proc","ProcsPerMinute","float","float","NO",""
"world","spell_proc","Chance","float","float","NO",""
"world","spell_proc","Cooldown","int unsigned","int","NO",""
"world","spell_proc","Charges","tinyint unsigned","tinyint","NO",""
"world","spell_ranks","first_spell_id","int unsigned","int","NO","PRI"
"world","spell_ranks","spell_id","int unsigned","int","NO","UNI"
"world","spell_ranks","rank","tinyint unsigned","tinyint","NO","PRI"
"world","spell_required","spell_id","int","int","NO","PRI"
"world","spell_required","req_spell","int","int","NO","PRI"
"world","spell_script_names","spell_id","int","int","NO","PRI"
"world","spell_script_names","ScriptName","varchar(64)","varchar","NO","PRI"
"world","spell_scripts","id","int unsigned","int","NO",""
"world","spell_scripts","effIndex","tinyint unsigned","tinyint","NO",""
"world","spell_scripts","delay","int unsigned","int","NO",""
"world","spell_scripts","command","int unsigned","int","NO",""
"world","spell_scripts","datalong","int unsigned","int","NO",""
"world","spell_scripts","datalong2","int unsigned","int","NO",""
"world","spell_scripts","dataint","int","int","NO",""
"world","spell_scripts","x","float","float","NO",""
"world","spell_scripts","y","float","float","NO",""
"world","spell_scripts","z","float","float","NO",""
"world","spell_scripts","o","float","float","NO",""
"world","spell_scripts","Comment","varchar(255)","varchar","NO",""
"world","spell_target_position","ID","int unsigned","int","NO","PRI"
"world","spell_target_position","EffectIndex","tinyint unsigned","tinyint","NO","PRI"
"world","spell_target_position","MapID","smallint unsigned","smallint","NO",""
"world","spell_target_position","PositionX","float","float","NO",""
"world","spell_target_position","PositionY","float","float","NO",""
"world","spell_target_position","PositionZ","float","float","NO",""
"world","spell_target_position","Orientation","float","float","YES",""
"world","spell_target_position","VerifiedBuild","int","int","NO",""
"world","spell_threat","entry","int unsigned","int","NO","PRI"
"world","spell_threat","flatMod","int","int","YES",""
"world","spell_threat","pctMod","float","float","NO",""
"world","spell_threat","apPctMod","float","float","NO",""
"world","spellauraoptions335","spell_id","int unsigned","int","NO","PRI"
"world","spellauraoptions335","cumulative_aura","int unsigned","int","YES",""
"world","spellauraoptions335","proc_chance","int unsigned","int","YES",""
"world","spellauraoptions335","proc_charges","int unsigned","int","YES",""
"world","spellauraoptions335","proc_type_mask_0","int unsigned","int","YES",""
"world","terrain_swap_defaults","MapId","int unsigned","int","NO","PRI"
"world","terrain_swap_defaults","TerrainSwapMap","int unsigned","int","NO","PRI"
"world","terrain_swap_defaults","Comment","varchar(255)","varchar","YES",""
"world","terrain_worldmap","TerrainSwapMap","int unsigned","int","NO","PRI"
"world","terrain_worldmap","UiMapPhaseId","int unsigned","int","NO","PRI"
"world","terrain_worldmap","Comment","varchar(255)","varchar","YES",""
"world","trainer","Id","int unsigned","int","NO","PRI"
"world","trainer","Type","tinyint unsigned","tinyint","NO",""
"world","trainer","Requirement","int unsigned","int","NO",""
"world","trainer","Greeting","mediumtext","mediumtext","YES",""
"world","trainer","VerifiedBuild","int","int","YES",""
"world","trainer_locale","Id","int unsigned","int","NO","PRI"
"world","trainer_locale","locale","varchar(4)","varchar","NO","PRI"
"world","trainer_locale","Greeting_lang","mediumtext","mediumtext","YES",""
"world","trainer_locale","VerifiedBuild","int","int","NO",""
"world","trainer_spell","TrainerId","int unsigned","int","NO","PRI"
"world","trainer_spell","SpellId","int unsigned","int","NO","PRI"
"world","trainer_spell","MoneyCost","int unsigned","int","NO",""
"world","trainer_spell","ReqSkillLine","int unsigned","int","NO",""
"world","trainer_spell","ReqSkillRank","int unsigned","int","NO",""
"world","trainer_spell","ReqAbility1","int unsigned","int","NO",""
"world","trainer_spell","ReqAbility2","int unsigned","int","NO",""
"world","trainer_spell","ReqAbility3","int unsigned","int","NO",""
"world","trainer_spell","ReqLevel","tinyint unsigned","tinyint","NO",""
"world","trainer_spell","VerifiedBuild","int","int","NO",""
"world","transports","guid","bigint unsigned","bigint","NO","PRI"
"world","transports","entry","int unsigned","int","NO","UNI"
"world","transports","name","mediumtext","mediumtext","YES",""
"world","transports","phaseUseFlags","tinyint unsigned","tinyint","NO",""
"world","transports","phaseid","int","int","NO",""
"world","transports","phasegroup","int","int","NO",""
"world","transports","ScriptName","varchar(64)","varchar","NO",""
"world","trinity_string","entry","int unsigned","int","NO","PRI"
"world","trinity_string","content_default","mediumtext","mediumtext","NO",""
"world","trinity_string","content_loc1","mediumtext","mediumtext","YES",""
"world","trinity_string","content_loc2","mediumtext","mediumtext","YES",""
"world","trinity_string","content_loc3","mediumtext","mediumtext","YES",""
"world","trinity_string","content_loc4","mediumtext","mediumtext","YES",""
"world","trinity_string","content_loc5","mediumtext","mediumtext","YES",""
"world","trinity_string","content_loc6","mediumtext","mediumtext","YES",""
"world","trinity_string","content_loc7","mediumtext","mediumtext","YES",""
"world","trinity_string","content_loc8","mediumtext","mediumtext","YES",""
"world","updates","name","varchar(200)","varchar","NO","PRI"
"world","updates","hash","char(40)","char","YES",""
"world","updates","state","enum('RELEASED','ARCHIVED')","enum","NO",""
"world","updates","timestamp","timestamp","timestamp","NO",""
"world","updates","speed","int unsigned","int","NO",""
"world","updates_include","path","varchar(200)","varchar","NO","PRI"
"world","updates_include","state","enum('RELEASED','ARCHIVED')","enum","NO",""
"world","vehicle_accessory","guid","bigint unsigned","bigint","NO","PRI"
"world","vehicle_accessory","accessory_entry","int unsigned","int","NO",""
"world","vehicle_accessory","seat_id","tinyint","tinyint","NO","PRI"
"world","vehicle_accessory","minion","tinyint unsigned","tinyint","NO",""
"world","vehicle_accessory","description","mediumtext","mediumtext","NO",""
"world","vehicle_accessory","summontype","tinyint unsigned","tinyint","NO",""
"world","vehicle_accessory","summontimer","int unsigned","int","NO",""
"world","vehicle_seat_addon","SeatEntry","int unsigned","int","NO","PRI"
"world","vehicle_seat_addon","SeatOrientation","float","float","YES",""
"world","vehicle_seat_addon","ExitParamX","float","float","YES",""
"world","vehicle_seat_addon","ExitParamY","float","float","YES",""
"world","vehicle_seat_addon","ExitParamZ","float","float","YES",""
"world","vehicle_seat_addon","ExitParamO","float","float","YES",""
"world","vehicle_seat_addon","ExitParamValue","tinyint(1)","tinyint","YES",""
"world","vehicle_template","creatureId","int unsigned","int","NO","PRI"
"world","vehicle_template","despawnDelayMs","int","int","NO",""
"world","vehicle_template_accessory","entry","int unsigned","int","NO","PRI"
"world","vehicle_template_accessory","accessory_entry","int unsigned","int","NO",""
"world","vehicle_template_accessory","seat_id","tinyint","tinyint","NO","PRI"
"world","vehicle_template_accessory","minion","tinyint unsigned","tinyint","NO",""
"world","vehicle_template_accessory","description","mediumtext","mediumtext","NO",""
"world","vehicle_template_accessory","summontype","tinyint unsigned","tinyint","NO",""
"world","vehicle_template_accessory","summontimer","int unsigned","int","NO",""
"world","version","core_version","varchar(250)","varchar","NO","PRI"
"world","version","core_revision","varchar(120)","varchar","YES",""
"world","version","db_version","varchar(120)","varchar","YES",""
"world","version","cache_id","int","int","YES",""
"world","vw_conditions_with_labels","SourceTypeOrReferenceId","varchar(50)","varchar","NO",""
"world","vw_conditions_with_labels","SourceGroup","int unsigned","int","NO",""
"world","vw_conditions_with_labels","SourceEntry","int","int","NO",""
"world","vw_conditions_with_labels","SourceId","int","int","NO",""
"world","vw_conditions_with_labels","ElseGroup","int unsigned","int","NO",""
"world","vw_conditions_with_labels","ConditionTypeOrReference","varchar(34)","varchar","NO",""
"world","vw_conditions_with_labels","ConditionTarget","tinyint unsigned","tinyint","NO",""
"world","vw_conditions_with_labels","ConditionValue1","int unsigned","int","NO",""
"world","vw_conditions_with_labels","ConditionValue2","int unsigned","int","NO",""
"world","vw_conditions_with_labels","ConditionValue3","int unsigned","int","NO",""
"world","vw_conditions_with_labels","NegativeCondition","tinyint unsigned","tinyint","NO",""
"world","vw_conditions_with_labels","ErrorType","int unsigned","int","NO",""
"world","vw_conditions_with_labels","ErrorTextId","int unsigned","int","NO",""
"world","vw_conditions_with_labels","ScriptName","char(64)","char","NO",""
"world","vw_conditions_with_labels","Comment","varchar(255)","varchar","YES",""
"world","vw_disables_with_labels","sourceType","varchar(33)","varchar","NO",""
"world","vw_disables_with_labels","entry","int unsigned","int","NO",""
"world","vw_disables_with_labels","flags","smallint","smallint","NO",""
"world","vw_disables_with_labels","params_0","varchar(255)","varchar","NO",""
"world","vw_disables_with_labels","params_1","varchar(255)","varchar","NO",""
"world","vw_disables_with_labels","comment","varchar(255)","varchar","NO",""
"world","vw_smart_scripts_with_labels","entryorguid","bigint","bigint","NO",""
"world","vw_smart_scripts_with_labels","source_type","tinyint unsigned","tinyint","NO",""
"world","vw_smart_scripts_with_labels","id","smallint unsigned","smallint","NO",""
"world","vw_smart_scripts_with_labels","link","smallint unsigned","smallint","NO",""
"world","vw_smart_scripts_with_labels","event_type","varchar(35)","varchar","NO",""
"world","vw_smart_scripts_with_labels","event_phase_mask","smallint unsigned","smallint","NO",""
"world","vw_smart_scripts_with_labels","event_chance","tinyint unsigned","tinyint","NO",""
"world","vw_smart_scripts_with_labels","event_flags","smallint unsigned","smallint","NO",""
"world","vw_smart_scripts_with_labels","event_param1","int unsigned","int","NO",""
"world","vw_smart_scripts_with_labels","event_param2","int unsigned","int","NO",""
"world","vw_smart_scripts_with_labels","event_param3","int unsigned","int","NO",""
"world","vw_smart_scripts_with_labels","event_param4","int unsigned","int","NO",""
"world","vw_smart_scripts_with_labels","event_param5","int unsigned","int","NO",""
"world","vw_smart_scripts_with_labels","action_type","varchar(47)","varchar","NO",""
"world","vw_smart_scripts_with_labels","action_param1","int unsigned","int","NO",""
"world","vw_smart_scripts_with_labels","action_param2","int unsigned","int","NO",""
"world","vw_smart_scripts_with_labels","action_param3","int unsigned","int","NO",""
"world","vw_smart_scripts_with_labels","action_param4","int unsigned","int","NO",""
"world","vw_smart_scripts_with_labels","action_param5","int unsigned","int","NO",""
"world","vw_smart_scripts_with_labels","action_param6","int unsigned","int","NO",""
"world","vw_smart_scripts_with_labels","target_type","varchar(41)","varchar","NO",""
"world","vw_smart_scripts_with_labels","target_param1","int unsigned","int","NO",""
"world","vw_smart_scripts_with_labels","target_param2","int unsigned","int","NO",""
"world","vw_smart_scripts_with_labels","target_param3","int unsigned","int","NO",""
"world","vw_smart_scripts_with_labels","target_param4","int unsigned","int","NO",""
"world","vw_smart_scripts_with_labels","target_x","float","float","NO",""
"world","vw_smart_scripts_with_labels","target_y","float","float","NO",""
"world","vw_smart_scripts_with_labels","target_z","float","float","NO",""
"world","vw_smart_scripts_with_labels","target_o","float","float","NO",""
"world","vw_smart_scripts_with_labels","comment","mediumtext","mediumtext","NO",""
"world","warden_checks","id","smallint unsigned","smallint","NO","PRI"
"world","warden_checks","type","tinyint unsigned","tinyint","YES",""
"world","warden_checks","str","varchar(170)","varchar","YES",""
"world","warden_checks","address","int unsigned","int","YES",""
"world","warden_checks","length","tinyint unsigned","tinyint","YES",""
"world","warden_checks","comment","varchar(50)","varchar","YES",""
"world","warden_checks","data","binary(24)","binary","YES",""
"world","warden_checks","result","varbinary(24)","varbinary","YES",""
"world","waypoint_data","id","int unsigned","int","NO","PRI"
"world","waypoint_data","point","int unsigned","int","NO","PRI"
"world","waypoint_data","position_x","float","float","NO",""
"world","waypoint_data","position_y","float","float","NO",""
"world","waypoint_data","position_z","float","float","NO",""
"world","waypoint_data","orientation","float","float","YES",""
"world","waypoint_data","delay","int unsigned","int","NO",""
"world","waypoint_data","move_type","int","int","NO",""
"world","waypoint_data","action","int","int","NO",""
"world","waypoint_data","action_chance","smallint","smallint","NO",""
"world","waypoint_data","wpguid","int unsigned","int","NO",""
"world","waypoint_scripts","id","int unsigned","int","NO",""
"world","waypoint_scripts","delay","int unsigned","int","NO",""
"world","waypoint_scripts","command","int unsigned","int","NO",""
"world","waypoint_scripts","datalong","int unsigned","int","NO",""
"world","waypoint_scripts","datalong2","int unsigned","int","NO",""
"world","waypoint_scripts","dataint","int unsigned","int","NO",""
"world","waypoint_scripts","x","float","float","NO",""
"world","waypoint_scripts","y","float","float","NO",""
"world","waypoint_scripts","z","float","float","NO",""
"world","waypoint_scripts","o","float","float","NO",""
"world","waypoint_scripts","guid","int","int","NO","PRI"
"world","waypoint_scripts","Comment","varchar(255)","varchar","NO",""
"world","waypoints","entry","int unsigned","int","NO","PRI"
"world","waypoints","pointid","int unsigned","int","NO","PRI"
"world","waypoints","position_x","float","float","NO",""
"world","waypoints","position_y","float","float","NO",""
"world","waypoints","position_z","float","float","NO",""
"world","waypoints","orientation","float","float","YES",""
"world","waypoints","delay","int unsigned","int","NO",""
"world","waypoints","point_comment","mediumtext","mediumtext","YES",""
"world","world_safe_locs","ID","int unsigned","int","NO","PRI"
"world","world_safe_locs","MapID","int unsigned","int","YES",""
"world","world_safe_locs","LocX","float","float","YES",""
"world","world_safe_locs","LocY","float","float","YES",""
"world","world_safe_locs","LocZ","float","float","YES",""
"world","world_safe_locs","Facing","float","float","YES",""
"world","world_safe_locs","Comment","varchar(255)","varchar","YES",""
"world","world_state","ID","int","int","NO","PRI"
"world","world_state","DefaultValue","int","int","NO",""
"world","world_state","MapIDs","varchar(128)","varchar","YES",""
"world","world_state","AreaIDs","varchar(255)","varchar","YES",""
"world","world_state","ScriptName","varchar(64)","varchar","NO",""
"world","world_state","Comment","text","text","YES",""
